224,NLM_DEVICE_INFO,WBX61,0001,3026,0,1787824851804,1787824851804
1002,142,0,1787824851955
1004,431,0,1787824851955
1004,430,0,1787824851956
1002,141,0,1787824852779
1004,427,0,1787824852780
1004,433,0,1787824852806
222,0,PPG_SDK:GH_V4300
225,0,0
112,25,0
113,25,0
100,0,250,25,0,250,25,0,250,25,0
1,14541521,0
9,13781586,0
10,14262245,0
11,15454692,0
2,-503,-1,-106,0
1,14551177,40
9,13784579,40
10,14272070,40
11,15464518,40
2,-563,191,-5,40
1,14552468,80
9,13783695,80
10,14282645,80
11,15475908,80
2,-505,108,-24,80
1,14556821,120
9,13786619,120
10,14294170,120
11,15494846,120
2,-472,180,-4,120
1,14565762,160
9,13795425,160
10,14307771,160
11,15518375,160
2,-483,74,23,160
1,14573583,200
9,13805182,200
10,14320249,200
11,15541698,200
2,-482,108,0,200
1,14585755,240
9,13815519,240
10,14331435,240
11,15563016,240
2,-549,234,194,240
1,14599388,280
9,13825038,280
10,14342926,280
11,15575902,280
2,-426,383,335,280
1,14609282,320
9,13830342,320
10,14351732,320
11,15586511,320
2,-289,305,380,320
1,14617443,360
9,13836327,360
10,14360199,360
11,15595248,360
2,-285,527,347,360
1,14625297,400
9,13843161,400
10,14369107,400
11,15605585,400
2,-275,458,374,400
1,14632505,440
9,13848770,440
10,14377028,440
11,15615207,440
2,-214,8,281,440
1,14630328,480
9,13847615,480
10,14383013,480
11,15620409,480
2,-163,-253,321,480
1,14620367,520
9,13845914,520
10,14390526,520
11,15633192,520
2,-189,-132,502,520
1,14615946,560
9,13852307,560
10,14401644,560
11,15659951,560
2,-164,-63,529,560
1,14618259,600
9,13861418,600
10,14414700,600
11,15697623,600
2,-119,58,499,600
1,14627745,640
9,13873828,640
10,14429490,640
11,15740632,640
2,-53,7,513,640
1,14644031,680
9,13895351,680
10,14446014,680
11,15786430,680
2,-52,27,510,680
1,14661065,720
9,13915818,720
10,14462504,720
11,15828319,720
2,-58,-108,470,720
1,14677112,760
9,13932512,760
10,14477669,760
11,15862080,760
2,-70,-124,507,760
1,14691631,800
9,13945194,800
10,14490589,800
11,15887138,800
2,-39,-134,516,800
1,14705265,840
9,13955564,840
10,14502114,840
11,15903527,840
2,-20,-79,529,840
1,14716859,880
9,13962908,880
10,14512144,880
11,15915495,880
2,8,-17,512,880
1,14718592,920
9,13963996,920
10,14518707,920
11,15919303,920
2,10,-2,524,920
1,14710977,960
9,13961821,960
10,14522480,960
11,15920901,960
2,-22,21,538,960
1,14704857,1000
9,13961514,1000
10,14525540,1000
11,15922906,1000
2,-30,21,547,1000
1,14702715,1040
9,13962942,1040
10,14528736,1040
11,15927701,1040
2,-57,16,523,1040
1,14704415,1080
9,13966105,1080
10,14532545,1080
11,15933684,1080
2,-93,55,523,1080
1,14708325,1120
9,13971068,1120
10,14536931,1120
11,15940348,1120
2,-92,-29,471,1120
1,14712235,1160
9,13975727,1160
10,14540603,1160
11,15946741,1160
2,-76,137,428,1160
1,14716621,1200
9,13979806,1200
10,14543969,1200
11,15953065,1200
2,-87,290,525,1200
1,14719953,1240
9,13984023,1240
10,14547810,1240
11,15959014,1240
2,-118,227,574,1240
1,14723047,1280
9,13986674,1280
10,14551449,1280
11,15964625,1280
2,-114,180,527,1280
1,14725528,1320
9,13989225,1320
10,14555052,1320
11,15970643,1320
2,-117,187,505,1320
1,14721244,1360
9,13986471,1360
10,14555563,1360
11,15970404,1360
2,-123,185,520,1360
1,14709209,1400
9,13978277,1400
10,14554169,1400
11,15966392,1400
2,-103,158,533,1400
1,14698261,1440
9,13972701,1440
10,14552809,1440
11,15963740,1440
2,-79,143,531,1440
1,14692174,1480
9,13969539,1480
10,14552299,1480
11,15964795,1480
2,-34,94,517,1480
1,14690067,1520
9,13967839,1520
10,14552571,1520
11,15967583,1520
2,-3,129,496,1520
1,14691563,1560
9,13967158,1560
10,14553658,1560
11,15970371,1560
2,26,151,478,1560
1002,140,1560,1787824853997
1004,438,1560,1787824853998
1004,438,1560,1787824853998
1004,440,1560,1787824854039
1002,139,1560,1787824854802
1004,438,1560,1787824854802
1004,440,1560,1787824854803
1,14694215,1600
9,13967396,1600
10,14555563,1600
11,14098195,1600
2,-8,151,491,1600
1,14697479,1640
9,13967499,1640
10,14557535,1640
11,14100439,1640
2,-18,191,482,1640
1,14700165,1680
9,13968043,1680
10,14559472,1680
11,14102989,1680
2,-12,203,480,1680
1,14704143,1720
9,13968655,1720
10,14562805,1720
11,14106286,1720
2,-16,187,483,1720
1,14708155,1760
9,13970762,1760
10,14566068,1760
11,14109346,1760
2,-19,187,470,1760
1,14704857,1800
9,13966750,1800
10,14566137,1800
11,14107850,1800
2,-17,187,477,1800
1,14693161,1840
9,13958693,1840
10,14563756,1840
11,14103397,1840
2,-7,202,475,1840
1,14684320,1880
9,13953082,1880
10,14561750,1880
11,14100915,1880
2,-1,214,468,1880
1,14680173,1920
9,13950634,1920
10,14560798,1920
11,14099657,1920
2,1,241,460,1920
1,14680173,1960
9,13950090,1960
10,14560798,1960
11,14100167,1960
2,-3,242,463,1960
1,14682892,2000
9,13951008,2000
10,14561648,2000
11,14101221,2000
2,0,233,463,2000
1,14686870,2040
9,13953423,2040
10,14563791,2040
11,14102581,2040
2,1,240,456,2040
1,14690100,2080
9,13955055,2080
10,14565966,2080
11,14105640,2080
2,2,244,458,2080
1,14695030,2120
9,13958455,2120
10,14568381,2120
11,14107408,2120
2,0,235,458,2120
1,14698669,2160
9,13961514,2160
10,14571917,2160
11,14110333,2160
2,-1,233,460,2160
1,14704109,2200
9,13965560,2200
10,14575045,2200
11,14113732,2200
2,6,235,448,2200
1,14701865,2240
9,13963691,2240
10,14575215,2240
11,14111794,2240
2,0,232,465,2240
1,14689964,2280
9,13956211,2280
10,14571713,2280
11,14105845,2280
2,2,231,453,2280
1,14680240,2320
9,13950804,2320
10,14567701,2320
11,14101458,2320
2,-13,238,457,2320
1,14674732,2360
9,13948221,2360
10,14564981,2360
11,14100201,2360
2,2,222,462,2360
1,14673917,2400
9,13948153,2400
10,14563926,2400
11,14100302,2400
2,6,228,464,2400
1,14676433,2440
9,13950600,2440
10,14564811,2440
11,14102581,2440
2,-3,233,454,2440
1,14680615,2480
9,13953219,2480
10,14565762,2480
11,14105675,2480
2,-2,238,461,2480
1,14686326,2520
9,13957230,2520
10,14568278,2520
11,14109380,2520
2,-1,225,417,2520
1,14691902,2560
9,13961175,2560
10,14571985,2560
11,14114311,2560
2,-6,253,483,2560
1,14700063,2600
9,13966411,2600
10,14576472,2600
11,14119240,2600
2,2,207,465,2600
1,14710025,2640
9,13972904,2640
10,14581946,2640
11,14126687,2640
2,-1,236,452,2640
1,14721176,2680
9,13980079,2680
10,14588406,2680
11,14135357,2680
2,2,236,457,2680
1,14721619,2720
9,13980520,2720
10,14592929,2720
11,14140218,2720
2,-4,227,462,2720
1,14718831,2760
9,13979739,2760
10,14596159,2760
11,14144264,2760
2,-2,229,460,2760
1,14720157,2800
9,13982934,2800
10,14599967,2800
11,14151133,2800
2,-2,231,459,2800
1,14724848,2840
9,13987932,2840
10,14604897,2840
11,14159191,2840
2,0,237,456,2840
1,14732669,2880
9,13994495,2880
10,14610779,2880
11,14168098,2880
2,-3,229,459,2880
1,14740930,2920
9,14001397,2920
10,14616932,2920
11,14176803,2920
2,-2,222,466,2920
1,14749872,2960
9,14007551,2960
10,14623426,2960
11,14185031,2960
2,-3,259,456,2960
1,14757862,3000
9,14013194,3000
10,14630227,3000
11,14192545,3000
2,-7,237,451,3000
1,14764764,3040
9,14019620,3040
10,14637231,3040
11,14200228,3040
2,-4,245,453,3040
1,14771701,3080
9,14025435,3080
10,14642943,3080
11,14206213,3080
2,-5,245,451,3080
1,14775270,3120
9,14029651,3120
10,14646751,3120
11,14209714,3120
2,-5,244,455,3120
1,14767485,3160
9,14023496,3160
10,14645186,3160
11,14204343,3160
2,-6,241,452,3160
1002,138,3160,1787824856021
1004,446,3160,1787824856022
1004,448,3160,1787824856023
1,14754190,3200
9,14013229,3200
10,14638149,3200
11,14195775,3200
2,-5,244,455,3200
1,14746133,3240
9,14007075,3240
10,14632844,3240
11,14190164,3240
2,-3,247,455,3240
1,14744976,3280
9,14005307,3280
10,14630430,3280
11,14188431,3280
2,-5,242,453,3280
1,14751573,3320
9,14008672,3320
10,14633729,3320
11,14193938,3320
2,-5,240,455,3320
1,14757523,3360
9,14012481,3360
10,14639474,3360
11,14200942,3360
2,-6,246,453,3360
1,14762452,3400
9,14017206,3400
10,14645594,3400
11,14207776,3400
2,-5,240,454,3400
1,14764594,3440
9,14020403,3440
10,14650593,3440
11,14213659,3440
2,-6,241,455,3440
1,14767315,3480
9,14022069,3480
10,14654502,3480
11,14218929,3480
2,-6,242,454,3480
1,14770953,3520
9,14024517,3520
10,14658344,3520
11,14224233,3520
2,-7,245,455,3520
1,14775440,3560
9,14027610,3560
10,14660214,3560
11,14228959,3560
2,-5,242,456,3560
1,14773197,3600
9,14023802,3600
10,14656678,3600
11,14226374,3600
2,-6,239,453,3600
1,14756673,3640
9,14013127,3640
10,14646207,3640
11,14215257,3640
2,-7,247,453,3640
1,14746540,3680
9,14005170,3680
10,14636755,3680
11,14207743,3680
2,-5,242,454,3680
1,14745623,3720
9,14002825,3720
10,14633899,3720
11,14206858,3720
2,-5,242,454,3720
1,14746948,3760
9,14003368,3760
10,14634307,3760
11,14209000,3760
2,-5,243,453,3760
1,14752287,3800
9,14006224,3800
10,14636006,3800
11,14212536,3800
2,-7,244,454,3800
1,14756605,3840
9,14008367,3840
10,14637877,3840
11,14215426,3840
2,-3,243,452,3840
1,14760243,3880
9,14010509,3880
10,14638930,3880
11,14218181,3880
2,-6,246,453,3880
1,14762146,3920
9,14011801,3920
10,14639951,3920
11,14220220,3920
2,-3,245,452,3920
1,14763234,3960
9,14013874,3960
10,14640325,3960
11,14221410,3960
2,-5,246,453,3960
1,14765818,4000
9,14016696,4000
10,14641175,4000
11,14222805,4000
2,-3,248,455,4000
1,14766193,4040
9,14017105,4040
10,14640869,4040
11,14221818,4040
2,-6,245,454,4040
1,14753340,4080
9,14005375,4080
10,14633184,4080
11,14211891,4080
2,-2,247,451,4080
1,14739842,4120
9,13993883,4120
10,14622849,4120
11,14201180,4120
2,-4,244,452,4120
1,14732056,4160
9,13986709,4160
10,14614722,4160
11,14195196,4160
2,-4,246,453,4160
1,14729235,4200
9,13984328,4200
10,14610064,4200
11,14192680,4200
2,-5,244,453,4200
1,14729915,4240
9,13983887,4240
10,14608092,4240
11,14192817,4240
2,-3,249,453,4240
1,14732227,4280
9,13985349,4280
10,14607073,4280
11,14193701,4280
2,-4,244,453,4280
1,14734539,4320
9,13987015,4320
10,14606597,4320
11,14194312,4320
2,-3,248,452,4320
1,14736442,4360
9,13988986,4360
10,14606937,4360
11,14195469,4360
2,-3,214,525,4360
1,14739673,4400
9,13991230,4400
10,14607378,4400
11,14197135,4400
2,-4,272,420,4400
1,14743889,4440
9,13994801,4440
10,14609997,4440
11,14200228,4440
2,-2,235,449,4440
1,14748003,4480
9,13999017,4480
10,14612648,4480
11,14203220,4480
2,0,250,453,4480
1,14743379,4520
9,13994053,4520
10,14610303,4520
11,14199412,4520
2,-2,234,460,4520
1,14727262,4560
9,13981336,4560
10,14599932,4560
11,14187887,4560
2,-3,245,451,4560
1,14714139,4600
9,13971137,4600
10,14589358,4600
11,14178129,4600
2,-4,244,461,4600
1,14708359,4640
9,13965628,4640
10,14581946,4640
11,14172825,4640
2,-7,239,452,4640
1,14705367,4680
9,13964098,4680
10,14578308,4680
11,14170819,4680
2,-5,248,449,4680
1,14706522,4720
9,13965255,4720
10,14577221,4720
11,14170750,4720
2,-5,239,456,4720
1,14708155,4760
9,13968043,4760
10,14578003,4760
11,14173232,4760
2,-5,244,452,4760
1002,136,4720,1787824856833
1004,457,4720,1787824856833
1004,448,4720,1787824856834
1002,135,4760,1787824858044
1004,458,4760,1787824858045
1004,464,4760,1787824858046
1,14710262,4800
9,13970797,4800
10,14578818,4800
11,14175476,4800
2,-5,245,454,4800
1,14711419,4840
9,13972836,4840
10,14580179,4840
11,14177720,4840
2,-4,239,455,4840
1,14712303,4880
9,13976202,4880
10,14581470,4880
11,14179862,4880
2,-4,247,452,4880
1,14712745,4920
9,13978753,4920
10,14583000,4920
11,14182821,4920
2,-1,242,453,4920
1,14712880,4960
9,13981779,4960
10,14583204,4960
11,14184793,4960
2,-2,245,457,4960
1,14701083,5000
9,13972735,5000
10,14577323,5000
11,14177414,5000
2,-5,242,455,5000
1,14681193,5040
9,13958693,5040
10,14564471,5040
11,14165072,5040
2,-8,237,457,5040
1,14666708,5080
9,13947472,5080
10,14551754,5080
11,14155247,5080
2,-7,246,456,5080
1,14658481,5120
9,13941183,5120
10,14542405,5120
11,14149602,5120
2,-6,239,454,5120
1,14654604,5160
9,13938156,5160
10,14537066,5160
11,14147766,5160
2,-7,241,454,5160
1,14653890,5200
9,13937987,5200
10,14534482,5200
11,14147970,5200
2,-8,241,454,5200
1,14653109,5240
9,13938598,5240
10,14532510,5240
11,14148446,5240
2,-5,240,453,5240
1,14652632,5280
9,13938870,5280
10,14531592,5280
11,14149466,5280
2,-6,240,456,5280
1,14653176,5320
9,13939823,5320
10,14531015,5320
11,14151337,5320
2,-7,242,455,5320
1,14655353,5360
9,13942271,5360
10,14531355,5360
11,14153240,5360
2,-7,240,455,5360
1,14657937,5400
9,13944446,5400
10,14532749,5400
11,14155314,5400
2,-8,241,452,5400
1,14654400,5440
9,13940400,5440
10,14530470,5440
11,14151881,5440
2,-7,243,460,5440
1,14637469,5480
9,13926188,5480
10,14518163,5480
11,14138689,5480
2,-6,244,458,5480
1,14622611,5520
9,13913404,5520
10,14504971,5520
11,14126993,5520
2,-7,242,455,5520
1,14613600,5560
9,13906129,5560
10,14495552,5560
11,14120022,5560
2,-9,241,455,5560
1,14609622,5600
9,13903035,5600
10,14489705,5600
11,14116011,5600
2,-6,239,455,5600
1,14609282,5640
9,13902831,5640
10,14486882,5640
11,14115365,5640
2,-8,240,454,5640
1,14611425,5680
9,13904088,5680
10,14485828,5680
11,14115670,5680
2,-6,242,454,5680
1,14613872,5720
9,13905686,5720
10,14485760,5720
11,14116453,5720
2,-6,234,457,5720
1,14616116,5760
9,13907115,5760
10,14486440,5760
11,14117711,5760
2,-8,245,454,5760
1,14618768,5800
9,13909733,5800
10,14487392,5800
11,14119478,5800
2,-8,240,455,5800
1,14623052,5840
9,13912793,5840
10,14489296,5840
11,14121893,5840
2,-8,241,454,5840
1,14626962,5880
9,13915750,5880
10,14491166,5880
11,14124579,5880
2,-7,244,456,5880
1,14618768,5920
9,13908270,5920
10,14486271,5920
11,14116997,5920
2,-2,238,453,5920
1,14600136,5960
9,13895011,5960
10,14472908,5960
11,14103431,5960
2,-2,225,446,5960
1,14586911,6000
9,13884539,6000
10,14461383,6000
11,14093129,6000
2,-2,237,454,6000
1,14579804,6040
9,13878215,6040
10,14452373,6040
11,14086601,6040
2,-6,240,455,6040
1,14577900,6080
9,13876481,6080
10,14447850,6080
11,14084220,6080
2,-5,247,454,6080
1,14579226,6120
9,13878044,6120
10,14446355,6120
11,14084152,6120
2,-8,238,455,6120
1,14582422,6160
9,13880254,6160
10,14446559,6160
11,14085445,6160
2,-5,243,452,6160
1,14585516,6200
9,13882090,6200
10,14446694,6200
11,14086635,6200
2,-6,241,455,6200
1,14588372,6240
9,13883586,6240
10,14447307,6240
11,14087927,6240
2,-3,244,454,6240
1,14594424,6280
9,13885116,6280
10,14449244,6280
11,14090000,6280
2,-4,237,449,6280
1,14600953,6320
9,13888483,6320
10,14452338,6320
11,14093060,6320
2,-4,242,453,6320
1,14606563,6360
9,13890761,6360
10,14454957,6360
11,14095372,6360
2,-6,243,454,6360
1002,133,6360,1787824858857
1004,466,6360,1787824858858
1004,458,6360,1787824858858
1,14595410,6400
9,13880561,6400
10,14448088,6400
11,14085954,6400
2,-5,243,453,6400
1,14580552,6440
9,13869069,6440
10,14436290,6440
11,14073884,6440
2,-5,242,454,6440
1,14571134,6480
9,13861214,6480
10,14426736,6480
11,14065656,6480
2,-5,239,453,6480
1,14567225,6520
9,13858053,6520
10,14420276,6520
11,14062290,6520
2,-7,241,452,6520
1,14568721,6560
9,13858223,6560
10,14418475,6560
11,14061882,6560
2,-5,244,455,6560
1,14572392,6600
9,13860330,6600
10,14418882,6600
11,14063072,6600
2,-7,236,455,6600
1,14576472,6640
9,13863458,6640
10,14420208,6640
11,14065384,6640
2,-8,245,453,6640
1,14580723,6680
9,13866247,6680
10,14422316,6680
11,14067186,6680
2,-5,242,453,6680
1,14584836,6720
9,13869715,6720
10,14424391,6720
11,14070144,6720
2,-6,239,455,6720
1,14589597,6760
9,13872978,6760
10,14427077,6760
11,14073749,6760
2,-7,244,453,6760
1,14594424,6800
9,13876413,6800
10,14430510,6800
11,14078372,6800
2,-5,238,457,6800
1,14596431,6840
9,13876719,6840
10,14431735,6840
11,14079665,6840
2,-9,242,455,6840
1,14582695,6880
9,13866518,6880
10,14423030,6880
11,14069158,6880
2,-7,240,456,6880
1,14569095,6920
9,13856012,6920
10,14411742,6920
11,14058720,6920
2,-6,239,456,6920
1,14561818,6960
9,13849858,6960
10,14403480,6960
11,14052192,6960
2,-6,244,455,6960
1,14560356,7000
9,13848158,7000
10,14399367,7000
11,14049473,7000
2,-6,234,456,7000
1,14563008,7040
9,13849620,7040
10,14398823,7040
11,14050322,7040
2,-8,244,454,7040
1,14567599,7080
9,13852748,7080
10,14399707,7080
11,14052464,7080
2,-7,240,454,7080
1,14572630,7120
9,13856897,7120
10,14402086,7120
11,14054980,7120
2,-6,240,455,7120
1,14576643,7160
9,13860092,7160
10,14404569,7160
11,14057632,7160
2,-6,239,454,7160
1,14581946,7200
9,13864071,7200
10,14407458,7200
11,14060760,7200
2,-8,243,454,7200
1,14586843,7240
9,13868321,7240
10,14410858,7240
11,14063650,7240
2,-8,240,453,7240
1,14592589,7280
9,13873013,7280
10,14414021,7280
11,14067424,7280
2,-6,245,454,7280
1,14590684,7320
9,13871007,7320
10,14414361,7320
11,14064908,7320
2,-7,240,454,7320
1,14574738,7360
9,13860024,7360
10,14404399,7360
11,14053213,7360
2,-6,245,453,7360
1,14560560,7400
9,13850811,7400
10,14393213,7400
11,14042230,7400
2,-5,243,452,7400
1,14553421,7440
9,13845541,7440
10,14385970,7440
11,14035533,7440
2,-7,245,452,7440
1,14553047,7480
9,13845166,7480
10,14382163,7480
11,14032676,7480
2,-6,245,453,7480
1,14556277,7520
9,13847717,7520
10,14381516,7520
11,14032949,7520
2,-6,244,454,7520
1,14559676,7560
9,13851830,7560
10,14383013,7560
11,14035056,7560
2,-6,244,451,7560
1,14564437,7600
9,13855400,7600
10,14385087,7600
11,14037674,7600
2,-5,245,453,7600
1,14569298,7640
9,13860637,7640
10,14388180,7640
11,14040633,7640
2,-7,244,453,7640
1,14574636,7680
9,13865907,7680
10,14391547,7680
11,14044100,7680
2,-7,245,452,7680
1,14580382,7720
9,13871176,7720
10,14395456,7720
11,14048282,7720
2,-6,242,453,7720
1,14586740,7760
9,13876651,7760
10,14399162,7760
11,14053042,7760
2,-6,246,452,7760
1,14585551,7800
9,13875732,7800
10,14399775,7800
11,14051580,7800
2,-7,243,454,7800
1,14571475,7840
9,13866314,7840
10,14391750,7840
11,14041550,7840
2,-8,242,454,7840
1,14559609,7880
9,13858835,7880
10,14382469,7880
11,14032745,7880
2,-7,246,453,7880
1,14555495,7920
9,13856183,7920
10,14377198,7920
11,14028834,7920
2,-6,245,453,7920
1,14556106,7960
9,13857271,7960
10,14375057,7960
11,14028834,7960
2,-6,242,453,7960
1002,131,7400,1787824860072
1004,468,7400,1787824860072
1004,469,7400,1787824860072
1004,470,7440,1787824860073
1002,130,7960,1787824860886
1004,474,7960,1787824860887
1004,473,7960,1787824860887
101,128,130,0,7960,1787824861363
222,0,sqi=99
1,14558860,8000
9,13859718,8000
10,14376247,8000
11,14031010,8000
2,-6,247,453,8000
1,14561784,8040
9,13861079,8040
10,14377878,8040
11,14034071,8040
2,-5,242,453,8040
1,14569809,8080
9,13863016,8080
10,14381007,8080
11,14038762,8080
2,-8,244,454,8080
1,14585449,8120
9,13865124,8120
10,14387500,8120
11,14047297,8120
2,-7,242,453,8120
1,14612002,8160
9,13875256,8160
10,14402902,8160
11,14070927,8160
2,-7,244,453,8160
1,14632505,8200
9,13897289,8200
10,14426567,8200
11,14104995,8200
2,-6,240,454,8200
1,14649505,8240
9,13921496,8240
10,14454480,8240
11,14134745,8240
2,-7,245,453,8240
1,14663886,8280
9,13947608,8280
10,14479947,8280
11,14162319,8280
2,-5,242,455,8280
1,14676467,8320
9,13979704,8320
10,14503304,8320
11,14183602,8320
2,-7,241,454,8320
1,14699961,8360
9,14013874,8360
10,14525574,8360
11,14202200,8360
2,-5,243,456,8360
1,14715464,8400
9,14037096,8400
10,14542099,8400
11,14214543,8400
2,-6,240,454,8400
1,14723421,8440
9,14039885,8440
10,14545261,8440
11,14216617,8440
2,-8,242,454,8440
1,14727229,8480
9,14034377,8480
10,14544479,8480
11,14214576,8480
2,-7,243,455,8480
1,14727568,8520
9,14027679,8520
10,14542337,8520
11,14210462,8520
2,-4,243,454,8520
1,14725903,8560
9,14019689,8560
10,14539718,8560
11,14203595,8560
2,-6,243,453,8560
1,14722706,8600
9,14011053,8600
10,14535672,8600
11,14195944,8600
2,-6,243,453,8600
1,14718694,8640
9,14002723,8640
10,14530810,8640
11,14187342,8640
2,-8,243,453,8640
1,14715770,8680
9,13995786,8680
10,14525915,8680
11,14179862,8680
2,-6,243,453,8680
1,14711011,8720
9,13988068,8720
10,14521189,8720
11,14172043,8720
2,-6,243,453,8720
1,14692786,8760
9,13970966,8760
10,14508541,8760
11,14153648,8760
2,-7,240,454,8760
1,14669735,8800
9,13951859,8800
10,14490079,8800
11,14132228,8800
2,-6,242,454,8800
1,14653347,8840
9,13937783,8840
10,14475119,8840
11,14115330,8840
2,-7,240,454,8840
1,14643929,8880
9,13928466,8880
10,14463661,8880
11,14102887,8880
2,-7,242,452,8880
1,14639372,8920
9,13923196,8920
10,14455806,8920
11,14095474,8920
2,-7,242,454,8920
1,14640223,8960
9,13921667,8960
10,14451625,8960
11,14091598,8960
2,-7,243,452,8960
1,14641991,9000
9,13922143,9000
10,14448191,9000
11,14088437,9000
2,-8,243,453,9000
1,14645424,9040
9,13923230,9040
10,14446660,9040
11,14085784,9040
2,-4,246,451,9040
1,14649913,9080
9,13925067,9080
10,14445538,9080
11,14084866,9080
2,-6,244,452,9080
1,14653789,9120
9,13927888,9120
10,14446014,9120
11,14084731,9120
2,-2,242,456,9120
1,14658446,9160
9,13931255,9160
10,14446762,9160
11,14084289,9160
2,-5,244,454,9160
1,14660759,9200
9,13932785,9200
10,14446966,9200
11,14083405,9200
2,-3,246,453,9200
1,14649301,9240
9,13923605,9240
10,14439011,9240
11,14071573,9240
2,-6,243,450,9240
1,14635123,9280
9,13912962,9280
10,14427043,9280
11,14057462,9280
2,-5,241,452,9280
1,14627677,9320
9,13906536,9320
10,14417489,9320
11,14047059,9320
2,-5,245,453,9320
1,14624106,9360
9,13903952,9360
10,14411232,9360
11,14041006,9360
2,-5,243,453,9360
1,14624345,9400
9,13903986,9400
10,14408003,9400
11,14037878,9400
2,-9,240,454,9400
1,14627609,9440
9,13905992,9440
10,14407323,9440
11,14037334,9440
2,-7,242,455,9440
1,14632573,9480
9,13909155,9480
10,14408241,9480
11,14038253,9480
2,-5,241,455,9480
1,14638897,9520
9,13913234,9520
10,14409770,9520
11,14039680,9520
2,-4,240,454,9520
1,14644370,9560
9,13917552,9560
10,14411810,9560
11,14042230,9560
2,-9,245,452,9560
1002,129,9560,1787824862100
1004,468,9560,1787824862101
1004,477,9560,1787824862101
1002,128,9560,1787824862907
1004,478,9560,1787824862908
1004,480,9560,1787824862908
101,126,128,0,9560,1787824862956
222,0,sqi=99
101,126,128,0,9560,1787824863039
222,0,sqi=100
1,14651612,9600
9,13922720,9600
10,14415550,9600
11,14044848,9600
2,-5,242,455,9600
1,14658651,9640
9,13928024,9640
10,14418882,9640
11,14048690,9640
2,-9,239,455,9640
1,14662696,9680
9,13931629,9680
10,14422181,9680
11,14050765,9680
2,-6,240,454,9680
1,14654400,9720
9,13924352,9720
10,14416979,9720
11,14042503,9720
2,-8,239,454,9720
1,14642160,9760
9,13915784,9760
10,14407731,9760
11,14031588,9760
2,-6,240,455,9760
1,14634205,9800
9,13910378,9800
10,14400285,9800
11,14023361,9800
2,-9,239,457,9800
1,14632437,9840
9,13908474,9840
10,14396034,9840
11,14019077,9840
2,-4,239,456,9840
1,14632946,9880
9,13909087,9880
10,14394573,9880
11,14017682,9880
2,-10,237,454,9880
1,14636244,9920
9,13911772,9920
10,14394675,9920
11,14017615,9920
2,-7,246,455,9920
1,14639883,9960
9,13914832,9960
10,14396000,9960
11,14019077,9960
2,-9,245,458,9960
1,14643623,10000
9,13918300,10000
10,14397667,10000
11,14020607,10000
2,-7,244,455,10000
1,14648553,10040
9,13921700,10040
10,14400115,10040
11,14022511,10040
2,-11,239,449,10040
1,14653551,10080
9,13926596,10080
10,14402597,10080
11,14025129,10080
2,8,278,470,10080
1,14659297,10120
9,13931764,10120
10,14405725,10120
11,14028359,10120
2,-8,233,448,10120
1,14662255,10160
9,13934586,10160
10,14408513,10160
11,14030840,10160
2,0,222,453,10160
1,14654502,10200
9,13929146,10200
10,14403718,10200
11,14023088,10200
2,-4,244,454,10200
1,14642534,10240
9,13920749,10240
10,14394743,10240
11,14012413,10240
2,-7,240,452,10240
1,14635259,10280
9,13915988,10280
10,14387874,10280
11,14004694,10280
2,-8,242,456,10280
1,14633729,10320
9,13914969,10320
10,14384372,10320
11,14000411,10320
2,-6,258,452,10320
1,14634239,10360
9,13915988,10360
10,14382536,10360
11,13999662,10360
2,-11,225,465,10360
1,14637638,10400
9,13919082,10400
10,14383624,10400
11,14000207,10400
2,-10,257,457,10400
1,14641311,10440
9,13922346,10440
10,14384679,10440
11,14001499,10440
2,-20,217,469,10440
1,14645153,10480
9,13926086,10480
10,14386583,10480
11,14002791,10480
2,-9,219,461,10480
1,14649675,10520
9,13929894,10520
10,14388759,10520
11,14004966,10520
2,-37,220,462,10520
1,14654333,10560
9,13934790,10560
10,14391377,10560
11,14007755,10560
2,-11,229,460,10560
1,14660316,10600
9,13939789,10600
10,14394743,10600
11,14011086,10600
2,-11,239,456,10600
1,14663376,10640
9,13943869,10640
10,14397462,10640
11,14013807,10640
2,-6,228,461,10640
1,14656135,10680
9,13938462,10680
10,14393893,10680
11,14007652,10680
2,-9,234,459,10680
1,14647023,10720
9,13933090,10720
10,14387432,10720
11,13999153,10720
2,-8,232,459,10720
1,14642263,10760
9,13931016,10760
10,14382774,10760
11,13994019,10760
2,-9,235,459,10760
1,14641515,10800
9,13931696,10800
10,14380292,10800
11,13992692,10800
2,-10,231,460,10800
1,14644166,10840
9,13935471,10840
10,14380565,10840
11,13994019,10840
2,-8,235,459,10840
1,14648076,10880
9,13940333,10880
10,14382774,10880
11,13996909,10880
2,-9,230,457,10880
1,14652769,10920
9,13944854,10920
10,14385256,10920
11,13999799,10920
2,-9,232,461,10920
1,14657427,10960
9,13949852,10960
10,14388588,10960
11,14004185,10960
2,-8,231,460,10960
1,14661983,11000
9,13955293,11000
10,14391581,11000
11,14007822,11000
2,-9,231,459,11000
1,14666845,11040
9,13960630,11040
10,14395321,11040
11,14012039,11040
2,-8,228,458,11040
1,14672965,11080
9,13966683,11080
10,14399571,11080
11,14017105,11080
2,-9,236,458,11080
1,14677453,11120
9,13971068,11120
10,14402733,11120
11,14020369,11120
2,-11,239,457,11120
1,14669122,11160
9,13965765,11160
10,14399128,11160
11,14015302,11160
2,-8,230,457,11160
1002,127,11160,1787824863716
1004,479,11160,1787824863716
1004,478,11160,1787824863748
101,126,127,0,11160,1787824864566
222,0,sqi=100
1,14660589,11200
9,13960257,11200
10,14393791,11200
11,14007993,11200
2,-7,236,457,11200
1,14656815,11240
9,13958319,11240
10,14389779,11240
11,14004320,11240
2,-8,235,461,11240
1,14656611,11280
9,13959271,11280
10,14388861,11280
11,14003878,11280
2,-10,232,462,11280
1,14658787,11320
9,13962331,11320
10,14389779,11320
11,14005409,11320
2,-9,241,458,11320
1,14663139,11360
9,13966785,11360
10,14391886,11360
11,14008333,11360
2,-7,242,456,11360
1,14667490,11400
9,13971544,11400
10,14395456,11400
11,14012277,11400
2,-7,230,459,11400
1,14671775,11440
9,13976032,11440
10,14397939,11440
11,14015541,11440
2,-10,238,458,11440
1,14676433,11480
9,13980589,11480
10,14401576,11480
11,14019213,11480
2,-8,234,458,11480
1,14681431,11520
9,13985927,11520
10,14405385,11520
11,14023292,11520
2,-9,235,458,11520
1,14687278,11560
9,13991468,11560
10,14409396,11560
11,14028767,11560
2,-10,238,456,11560
1,14688877,11600
9,13992930,11600
10,14411199,11600
11,14029752,11600
2,-10,234,457,11600
1,14680445,11640
9,13987150,11640
10,14408036,11640
11,14023361,11640
2,-9,234,459,11640
1,14673407,11680
9,13982934,11680
10,14403242,11680
11,14017784,11680
2,-9,236,457,11680
1,14670414,11720
9,13981677,11720
10,14400658,11720
11,14015132,11720
2,-7,233,458,11720
1,14670551,11760
9,13982289,11760
10,14400421,11760
11,14015302,11760
2,-11,234,458,11760
1,14674018,11800
9,13986029,11800
10,14401576,11800
11,14017784,11800
2,-9,236,457,11800
1,14678472,11840
9,13989871,11840
10,14404569,11840
11,14021321,11840
2,-7,238,456,11840
1,14683708,11880
9,13994937,11880
10,14407833,11880
11,14025536,11880
2,-8,232,458,11880
1,14688333,11920
9,13998778,11920
10,14411199,11920
11,14029548,11920
2,-11,237,456,11920
1,14693636,11960
9,14003606,11960
10,14415245,11960
11,14034105,11960
2,-9,237,453,11960
1,14699280,12000
9,14008537,12000
10,14419427,12000
11,14038661,12000
2,-11,238,456,12000
1,14705673,12040
9,14014215,12040
10,14424119,12040
11,14044441,12040
2,-8,234,455,12040
1,14705945,12080
9,14013331,12080
10,14425988,12080
11,14044781,12080
2,-12,236,458,12080
1,14699621,12120
9,14008571,12120
10,14422895,12120
11,14039238,12120
2,-8,237,458,12120
1,14695098,12160
9,14005646,12160
10,14420175,12160
11,14035668,12160
2,-11,235,455,12160
1,14694622,12200
9,14005817,12200
10,14419698,12200
11,14034921,12200
2,-7,237,458,12200
1,14697411,12240
9,14008333,12240
10,14420753,12240
11,14036756,12240
2,-9,228,459,12240
1,14702442,12280
9,14012481,12280
10,14423541,12280
11,14040395,12280
2,-13,239,458,12280
1,14708053,12320
9,14017376,12320
10,14427416,12320
11,14044848,12320
2,-7,237,457,12320
1,14714445,12360
9,14022272,12360
10,14431633,12360
11,14049336,12360
2,-7,225,459,12360
1,14721313,12400
9,14027916,12400
10,14436426,12400
11,14054573,12400
2,-10,241,456,12400
1,14729167,12440
9,14034377,12440
10,14441867,12440
11,14060386,12440
2,-9,233,458,12440
1,14738346,12480
9,14041278,12480
10,14448293,12480
11,14067051,12480
2,-9,237,459,12480
1,14746064,12520
9,14047467,12520
10,14454753,12520
11,14073477,12520
2,-9,234,458,12520
1,14744398,12560
9,14045903,12560
10,14456384,12560
11,14072933,12560
2,-9,234,458,12560
1,14736579,12600
9,14040395,12600
10,14453121,12600
11,14067017,12600
2,-9,234,456,12600
1,14731750,12640
9,14037776,12640
10,14450298,12640
11,14063549,12640
2,-9,231,458,12640
1,14729949,12680
9,14036756,12680
10,14449754,12680
11,14061984,12680
2,-11,232,458,12680
1,14732023,12720
9,14038457,12720
10,14450264,12720
11,14062392,12720
2,-11,234,458,12720
1,14736170,12760
9,14041958,12760
10,14452747,12760
11,14065826,12760
2,-10,233,458,12760
1002,126,12760,1787824864935
1004,476,12760,1787824864935
1004,472,12760,1787824864935
1002,127,12760,1787824865739
1004,471,12760,1787824865740
1004,474,12760,1787824865740
101,125,127,0,12760,1787824866189
222,0,sqi=99
101,125,127,0,12760,1787824866280
222,0,sqi=100
1,14742868,12800
9,14046616,12800
10,14456215,12800
11,14069873,12800
2,-9,233,457,12800
1,14749839,12840
9,14051173,12840
10,14460498,12840
11,14073987,12840
2,-7,231,458,12840
1,14755551,12880
9,14056340,12880
10,14464477,12880
11,14078543,12880
2,-11,234,459,12880
1,14762554,12920
9,14061509,12920
10,14468965,12920
11,14083676,12920
2,-9,234,458,12920
1,14770341,12960
9,14067934,12960
10,14474031,12960
11,14089661,12960
2,-10,233,458,12960
1,14777549,13000
9,14074055,13000
10,14479301,13000
11,14095304,13000
2,-8,234,458,13000
1,14775917,13040
9,14073408,13040
10,14480219,13040
11,14095100,13040
2,-11,235,458,13040
1,14768640,13080
9,14068105,13080
10,14477022,13080
11,14088811,13080
2,-10,233,458,13080
1,14762554,13120
9,14064399,13120
10,14474166,13120
11,14084662,13120
2,-11,235,459,13120
1,14760786,13160
9,14063310,13160
10,14472840,13160
11,14082622,13160
2,-9,233,457,13160
1,14760753,13200
9,14064636,13200
10,14472602,13200
11,14083234,13200
2,-12,235,456,13200
1,14764594,13240
9,14068037,13240
10,14474642,13240
11,14085342,13240
2,-11,236,457,13240
1,14769831,13280
9,14072218,13280
10,14477634,13280
11,14089150,13280
2,-8,233,458,13280
1,14775713,13320
9,14077386,13320
10,14480864,13320
11,14092959,13320
2,-8,230,459,13320
1,14781424,13360
9,14082249,13360
10,14484707,13360
11,14097107,13360
2,-9,231,458,13360
1,14787953,13400
9,14087213,13400
10,14489025,13400
11,14101526,13400
2,-10,228,458,13400
1,14794447,13440
9,14092754,13440
10,14493445,13440
11,14106593,13440
2,-12,238,458,13440
1,14800941,13480
9,14098535,13480
10,14498238,13480
11,14111556,13480
2,-10,233,458,13480
1,14801961,13520
9,14099282,13520
10,14500108,13520
11,14112406,13520
2,-10,238,457,13520
1,14794038,13560
9,14093502,13560
10,14497558,13560
11,14107170,13560
2,-10,235,458,13560
1,14787034,13600
9,14089457,13600
10,14494736,13600
11,14102513,13600
2,-9,233,459,13600
1,14783600,13640
9,14088096,13640
10,14492832,13640
11,14099894,13640
2,-8,239,456,13640
1,14783464,13680
9,14088539,13680
10,14492017,13680
11,14099249,13680
2,-10,230,458,13680
1,14785947,13720
9,14091191,13720
10,14493581,13720
11,14101221,13720
2,-11,235,457,13720
1,14790163,13760
9,14094964,13760
10,14495621,13760
11,14103260,13760
2,-11,234,458,13760
1,14794820,13800
9,14098501,13800
10,14498579,13800
11,14106524,13800
2,-9,235,458,13800
1,14799377,13840
9,14103090,13840
10,14501265,13840
11,14109925,13840
2,-12,232,458,13840
1,14803694,13880
9,14107204,13880
10,14504256,13880
11,14113019,13880
2,-9,233,458,13880
1,14808591,13920
9,14111114,13920
10,14508167,13920
11,14117031,13920
2,-11,235,458,13920
1,14813690,13960
9,14115977,13960
10,14511839,13960
11,14121723,13960
2,-9,237,459,13960
1,14815084,14000
9,14118254,14000
10,14514049,14000
11,14122811,14000
2,-11,236,457,14000
1,14806958,14040
9,14112271,14040
10,14511668,14040
11,14117405,14040
2,-9,237,457,14040
1,14797881,14080
9,14107102,14080
10,14508031,14080
11,14111455,14080
2,-11,232,455,14080
1,14792679,14120
9,14104620,14120
10,14504834,14120
11,14108191,14120
2,-9,235,456,14120
1,14791251,14160
9,14104417,14160
10,14504188,14160
11,14106593,14160
2,-5,233,458,14160
1,14792033,14200
9,14105777,14200
10,14503916,14200
11,14107069,14200
2,-10,233,456,14200
1,14795364,14240
9,14108224,14240
10,14505549,14240
11,14109176,14240
2,-8,236,457,14240
1,14798220,14280
9,14110809,14280
10,14507248,14280
11,14111455,14280
2,-10,234,457,14280
1,14801178,14320
9,14114004,14320
10,14509322,14320
11,14114617,14320
2,-9,237,456,14320
1,14804919,14360
9,14116895,14360
10,14511635,14360
11,14117098,14360
2,-9,237,459,14360
1002,126,14360,1787824866955
1004,486,14360,1787824866955
1004,489,14360,1787824866955
1002,125,14360,1787824867759
101,125,125,0,14360,1787824867760
1004,485,14360,1787824867761
1004,479,14360,1787824867762
222,0,sqi=100
101,125,125,0,14360,1787824867849
222,0,sqi=100
1,14808318,14400
9,14120125,14400
10,14514354,14400
11,14120397,14400
2,-9,235,457,14400
1,14812263,14440
9,14123933,14440
10,14517278,14440
11,14124000,14440
2,-10,239,458,14440
1,14813146,14480
9,14125089,14480
10,14518978,14480
11,14125429,14480
2,-9,236,456,14480
1,14804306,14520
9,14118391,14520
10,14516802,14520
11,14120532,14520
2,-11,235,457,14520
1,14795331,14560
9,14113120,14560
10,14512927,14560
11,14114752,14560
2,-10,235,456,14560
1,14789857,14600
9,14110706,14600
10,14510411,14600
11,14111284,14600
2,-10,241,456,14600
1,14787885,14640
9,14109823,14640
10,14509322,14640
11,14110333,14640
2,-8,238,456,14640
1,14789041,14680
9,14111522,14680
10,14509527,14680
11,14111998,14680
2,-10,238,456,14680
1,14791930,14720
9,14114141,14720
10,14511498,14720
11,14114413,14720
2,-8,238,459,14720
1,14796215,14760
9,14117234,14760
10,14513539,14760
11,14117506,14760
2,-10,236,457,14760
1,14800362,14800
9,14120566,14800
10,14516156,14800
11,14120873,14800
2,-10,236,458,14800
1,14805088,14840
9,14124239,14840
10,14519285,14840
11,14125394,14840
2,-6,239,457,14840
1,14810767,14880
9,14129101,14880
10,14523229,14880
11,14130120,14880
2,-6,232,456,14880
1,14816920,14920
9,14134167,14920
10,14526867,14920
11,14135153,14920
2,-11,241,456,14920
1,14822293,14960
9,14138178,14960
10,14530334,14960
11,14139267,14960
2,-11,235,456,14960
1,14816615,15000
9,14134404,15000
10,14529791,15000
11,14136479,15000
2,-7,237,455,15000
1,14809066,15040
9,14129984,15040
10,14527853,15040
11,14132331,15040
2,-9,237,456,15040
1,14805190,15080
9,14128624,15080
10,14526900,15080
11,14130869,15080
2,-9,238,456,15080
1,14805190,15120
9,14129338,15120
10,14527274,15120
11,14131107,15120
2,-7,232,460,15120
1,14807571,15160
9,14131753,15160
10,14528907,15160
11,14132772,15160
2,-12,241,459,15160
1,14812501,15200
9,14135255,15200
10,14531355,15200
11,14137056,15200
2,-13,240,467,15200
1,14817499,15240
9,14139709,15240
10,14534924,15240
11,14140898,15240
2,-8,245,459,15240
1,14823313,15280
9,14143448,15280
10,14538597,15280
11,14144740,15280
2,-9,237,457,15280
1,14829093,15320
9,14148072,15320
10,14542235,15320
11,14148854,15320
2,-9,242,457,15320
1,14835485,15360
9,14153206,15360
10,14546960,15360
11,14153376,15360
2,-8,236,458,15360
1,14841843,15400
9,14158306,15400
10,14551449,15400
11,14158647,15400
2,-11,238,457,15400
1,14848574,15440
9,14163610,15440
10,14556073,15440
11,14163407,15440
2,-10,239,457,15440
1,14846229,15480
9,14161400,15480
10,14557092,15480
11,14162183,15480
2,-10,236,457,15480
1,14839021,15520
9,14157524,15520
10,14555597,15520
11,14158408,15520
2,-8,237,456,15520
1,14833819,15560
9,14155450,15560
10,14555019,15560
11,14155824,15560
2,-9,237,457,15560
1,14832561,15600
9,14155689,15600
10,14555120,15600
11,14155179,15600
2,-12,236,458,15600
1,14833954,15640
9,14157661,15640
10,14556956,15640
11,14156096,15640
2,-12,237,458,15640
1,14838919,15680
9,14160721,15680
10,14559132,15680
11,14158919,15680
2,-8,237,458,15680
1,14845039,15720
9,14165175,15720
10,14563076,15720
11,14162693,15720
2,-10,236,456,15720
1,14851057,15760
9,14169765,15760
10,14567088,15760
11,14167044,15760
2,-10,238,457,15760
1,14856973,15800
9,14174253,15800
10,14571576,15800
11,14171226,15800
2,-8,233,457,15800
1,14863126,15840
9,14180135,15840
10,14575827,15840
11,14175680,15840
2,-9,234,458,15840
1,14870573,15880
9,14185065,15880
10,14580621,15880
11,14181222,15880
2,-11,238,457,15880
1,14877781,15920
9,14191558,15920
10,14585924,15920
11,14186187,15920
2,-11,236,455,15920
1,14883084,15960
9,14195230,15960
10,14589868,15960
11,14190029,15960
2,-10,242,456,15960
1002,125,15960,1787824868975
1004,487,15960,1787824868980
1004,493,15960,1787824868980
101,124,125,0,15960,1787824869356
222,0,sqi=100
1,14877270,16000
9,14191456,16000
10,14590311,16000
11,14186969,16000
2,-10,232,458,16000
1,14870335,16040
9,14188635,16040
10,14590209,16040
11,14184317,16040
2,-9,236,456,16040
1,14866289,16080
9,14187988,16080
10,14590277,16080
11,14182922,16080
2,-11,237,457,16080
1,14865982,16120
9,14188975,16120
10,14591467,16120
11,14183161,16120
2,-10,237,456,16120
1,14868838,16160
9,14191830,16160
10,14593710,16160
11,14184860,16160
2,-9,234,458,16160
1,14873667,16200
9,14195775,16200
10,14596770,16200
11,14187954,16200
2,-9,236,458,16200
1,14879344,16240
9,14200161,16240
10,14600273,16240
11,14191423,16240
2,-12,236,458,16240
1,14884513,16280
9,14204410,16280
10,14604489,16280
11,14195741,16280
2,-9,235,456,16280
1,14889613,16320
9,14208593,16320
10,14608432,16320
11,14199991,16320
2,-10,236,459,16320
1,14896583,16360
9,14213659,16360
10,14612547,16360
11,14204683,16360
2,-9,237,456,16360
1,14903280,16400
9,14219030,16400
10,14617306,16400
11,14209579,16400
2,-11,234,459,16400
1,14910625,16440
9,14224844,16440
10,14622577,16440
11,14215053,16440
2,-10,237,457,16440
1,14911780,16480
9,14225388,16480
10,14625092,16480
11,14216650,16480
2,-11,234,459,16480
1,14905287,16520
9,14222465,16520
10,14625399,16520
11,14213829,16520
2,-9,233,459,16520
1,14899744,16560
9,14220764,16560
10,14625704,16560
11,14212196,16560
2,-12,234,457,16560
1,14898181,16600
9,14221614,16600
10,14626623,16600
11,14212468,16600
2,-11,236,459,16600
1,14899404,16640
9,14223893,16640
10,14629104,16640
11,14213591,16640
2,-11,235,457,16640
1,14904199,16680
9,14227394,16680
10,14632063,16680
11,14216752,16680
2,-9,233,458,16680
1,14910148,16720
9,14231916,16720
10,14635021,16720
11,14220356,16720
2,-11,238,458,16720
1,14915725,16760
9,14236473,16760
10,14639033,16760
11,14224947,16760
2,-10,231,459,16760
1,14921233,16800
9,14241164,16800
10,14642739,16800
11,14229299,16800
2,-10,236,458,16800
1,14927352,16840
9,14246129,16840
10,14647498,16840
11,14233718,16840
2,-11,235,458,16840
1,14934152,16880
9,14251433,16880
10,14651374,16880
11,14239397,16880
2,-13,236,457,16880
1,14941871,16920
9,14257825,16920
10,14656407,16920
11,14244394,16920
2,-9,234,459,16920
1,14948568,16960
9,14263911,16960
10,14661234,16960
11,14249324,16960
2,-12,234,457,16960
1,14949045,17000
9,14264217,17000
10,14663342,17000
11,14250038,17000
2,-11,236,458,17000
1,14942959,17040
9,14261021,17040
10,14663853,17040
11,14248338,17040
2,-11,234,456,17040
1,14939151,17080
9,14260613,17080
10,14664634,17080
11,14247522,17080
2,-9,235,459,17080
1,14938675,17120
9,14262618,17120
10,14666266,17120
11,14248644,17120
2,-11,235,458,17120
1,14940510,17160
9,14265271,17160
10,14668850,17160
11,14250888,17160
2,-9,236,458,17160
1,14944931,17200
9,14269724,17200
10,14671536,17200
11,14254255,17200
2,-10,237,458,17200
1,14950710,17240
9,14274348,17240
10,14675617,17240
11,14258504,17240
2,-10,235,456,17240
1,14956117,17280
9,14279244,17280
10,14679425,17280
11,14263095,17280
2,-11,236,457,17280
1,14961183,17320
9,14283834,17320
10,14683233,17320
11,14267311,17320
2,-9,236,456,17320
1,14967507,17360
9,14288901,17360
10,14687415,17360
11,14271866,17360
2,-10,239,456,17360
1,14973219,17400
9,14294205,17400
10,14691563,17400
11,14276389,17400
2,-10,235,456,17400
1,14979883,17440
9,14300121,17440
10,14696152,17440
11,14281284,17440
2,-9,237,458,17440
1,14985118,17480
9,14305220,17480
10,14699961,17480
11,14286215,17480
2,-10,236,457,17480
1,14982874,17520
9,14303487,17520
10,14701491,17520
11,14285704,17520
2,-11,236,456,17520
1,14976822,17560
9,14301276,17560
10,14702307,17560
11,14283971,17560
2,-9,239,457,17560
1002,124,17560,1787824869772
1004,504,17560,1787824869772
1004,505,17560,1787824869772
101,123,124,0,17560,1787824870953
222,0,sqi=100
1002,122,17560,1787824871059
101,122,122,0,17560,1787824871060
1004,514,17560,1787824871060
1004,510,17560,1787824871060
222,0,sqi=100
1,14973423,17600
9,14301310,17600
10,14702782,17600
11,14284243,17600
2,-10,233,456,17600
1,14973117,17640
9,14302977,17640
10,14704788,17640
11,14285399,17640
2,-9,235,458,17640
1,14975361,17680
9,14306241,17680
10,14707576,17680
11,14287846,17680
2,-10,236,456,17680
1,14979440,17720
9,14310661,17720
10,14710296,17720
11,14291587,17720
2,-11,238,459,17720
1,14985084,17760
9,14315217,17760
10,14714104,17760
11,14295394,17760
2,-10,234,458,17760
1,14989675,17800
9,14319195,17800
10,14717539,17800
11,14299304,17800
2,-9,237,457,17800
1,14994129,17840
9,14323274,17840
10,14720496,17840
11,14303181,17840
2,-8,235,459,17840
1,14999093,17880
9,14327796,17880
10,14724169,17880
11,14307669,17880
2,-9,237,458,17880
1,15004294,17920
9,14332353,17920
10,14728588,17920
11,14312055,17920
2,-10,233,456,17920
1,15009599,17960
9,14336976,17960
10,14732192,17960
11,14316509,17960
2,-12,237,457,17960
1,15011537,18000
9,14339017,18000
10,14734980,18000
11,14318889,18000
2,-10,232,459,18000
1,15005892,18040
9,14335514,18040
10,14735083,18040
11,14317767,18040
2,-13,235,458,18040
1,15000826,18080
9,14334223,18080
10,14736408,18080
11,14317155,18080
2,-11,239,458,18080
1,14998855,18120
9,14335141,18120
10,14737802,18120
11,14318039,18120
2,-11,232,457,18120
1,14999467,18160
9,14337214,18160
10,14739741,18160
11,14320010,18160
2,-9,233,457,18160
1,15002934,18200
9,14340274,18200
10,14742528,18200
11,14323003,18200
2,-9,234,458,18200
1,15007354,18240
9,14344083,18240
10,14745894,18240
11,14326606,18240
2,-9,234,457,18240
1,15011706,18280
9,14347958,18280
10,14749226,18280
11,14330789,18280
2,-10,233,459,18280
1,15016671,18320
9,14352276,18320
10,14752117,18320
11,14334767,18320
2,-10,234,459,18320
1,15021056,18360
9,14355541,18360
10,14755822,18360
11,14338745,18360
2,-8,236,456,18360
1,15025851,18400
9,14359757,18400
10,14760209,18400
11,14342994,18400
2,-10,234,460,18400
1,15031189,18440
9,14363938,18440
10,14764152,18440
11,14347891,18440
2,-7,234,457,18440
1,15037547,18480
9,14369310,18480
10,14768063,18480
11,14352447,18480
2,-11,236,457,18480
1,15035439,18520
9,14368121,18520
10,14769389,18520
11,14352345,18520
2,-9,233,458,18520
1,15029965,18560
9,14365469,18560
10,14770136,18560
11,14351223,18560
2,-10,234,457,18560
1,15025783,18600
9,14365605,18600
10,14771938,18600
11,14352038,18600
2,-11,234,458,18600
1,15025987,18640
9,14367849,18640
10,14773809,18640
11,14353637,18640
2,-10,235,459,18640
1,15028333,18680
9,14370806,18680
10,14776597,18680
11,14356254,18680
2,-9,234,457,18680
1,15032140,18720
9,14374274,18720
10,14780133,18720
11,14359927,18720
2,-8,234,458,18720
1,15037852,18760
9,14378456,18760
10,14783464,18760
11,14363531,18760
2,-10,232,459,18760
1,15042816,18800
9,14382877,18800
10,14786729,18800
11,14367373,18800
2,-9,232,457,18800
1,15047407,18840
9,14386685,18840
10,14790502,18840
11,14371215,18840
2,-12,236,459,18840
1,15052269,18880
9,14391343,18880
10,14793936,18880
11,14375430,18880
2,-8,233,457,18880
1,15058525,18920
9,14396000,18920
10,14798391,18920
11,14380122,18920
2,-9,237,456,18920
1,15063658,18960
9,14400760,18960
10,14802573,18960
11,14384169,18960
2,-8,231,457,18960
1,15068044,19000
9,14404024,19000
10,14805803,19000
11,14387738,19000
2,-11,238,455,19000
1,15064271,19040
9,14401713,19040
10,14806891,19040
11,14386888,19040
2,-7,235,458,19040
1,15057776,19080
9,14399196,19080
10,14807400,19080
11,14386174,19080
2,-10,234,458,19080
1,15054513,19120
9,14399536,19120
10,14808863,19120
11,14386752,19120
2,-9,233,457,19120
1,15054513,19160
9,14400931,19160
10,14810800,19160
11,14388112,19160
2,-10,238,458,19160
1002,120,19160,1787824871813
1004,501,19160,1787824871813
1004,502,19160,1787824871814
101,121,120,0,19160,1787824872561
222,0,sqi=100
1,15056416,19200
9,14403923,19200
10,14813554,19200
11,14390832,19200
2,-10,231,458,19200
1,15061040,19240
9,14407220,19240
10,14816954,19240
11,14394369,19240
2,-12,235,458,19240
1,15066174,19280
9,14411912,19280
10,14820151,19280
11,14398210,19280
2,-9,231,458,19280
1,15070357,19320
9,14415347,19320
10,14823721,19320
11,14401611,19320
2,-10,235,459,19320
1,15074777,19360
9,14418713,19360
10,14826679,19360
11,14405078,19360
2,-12,233,457,19360
1,15079435,19400
9,14422181,19400
10,14830623,19400
11,14409192,19400
2,-10,234,459,19400
1,15083889,19440
9,14426703,19440
10,14834668,19440
11,14412524,19440
2,-10,234,458,19440
1,15089260,19480
9,14430680,19480
10,14838001,19480
11,14416401,19480
2,-11,234,457,19480
1,15092117,19520
9,14432959,19520
10,14840856,19520
11,14418849,19520
2,-10,235,458,19520
1,15086405,19560
9,14429354,19560
10,14840584,19560
11,14417625,19560
2,-11,237,456,19560
1,15079707,19600
9,14427688,19600
10,14841162,19600
11,14416435,19600
2,-10,237,458,19600
1,15076001,19640
9,14427077,19640
10,14842285,19640
11,14416298,19640
2,-9,231,459,19640
1,15074878,19680
9,14427926,19680
10,14844121,19680
11,14417115,19680
2,-9,234,458,19680
1,15076647,19720
9,14430613,19720
10,14845991,19720
11,14419358,19720
2,-11,236,457,19720
1,15080114,19760
9,14433843,19760
10,14849118,19760
11,14422112,19760
2,-11,232,457,19760
1,15084501,19800
9,14437039,19800
10,14851600,19800
11,14425275,19800
2,-10,235,457,19800
1,15088376,19840
9,14440404,19840
10,14854490,19840
11,14427995,19840
2,-11,232,458,19840
1,15092287,19880
9,14443192,19880
10,14857414,19880
11,14431292,19880
2,-10,233,458,19880
1,15096843,19920
9,14447000,19920
10,14860747,19920
11,14434829,19920
2,-10,233,457,19920
1,15101671,19960
9,14451047,19960
10,14864010,19960
11,14438534,19960
2,-11,237,457,19960
1,15106703,20000
9,14455229,20000
10,14867410,20000
11,14441935,20000
2,-8,233,458,20000
1,15108845,20040
9,14456690,20040
10,14869620,20040
11,14443566,20040
2,-11,237,457,20040
1,15101943,20080
9,14453597,20080
10,14869315,20080
11,14442173,20080
2,-10,233,458,20080
1,15095143,20120
9,14451318,20120
10,14869519,20120
11,14440472,20120
2,-11,234,456,20120
1,15091097,20160
9,14451318,20160
10,14870845,20160
11,14440745,20160
2,-10,232,459,20160
1,15091301,20200
9,14453223,20200
10,14871933,20200
11,14442853,20200
2,-11,236,458,20200
1,15093068,20240
9,14456078,20240
10,14874244,20240
11,14444213,20240
2,-10,233,458,20240
1,15097556,20280
9,14460260,20280
10,14876387,20280
11,14448088,20280
2,-10,235,458,20280
1,15101603,20320
9,14464035,20320
10,14879209,20320
11,14450910,20320
2,-9,233,457,20320
1,15105921,20360
9,14467673,20360
10,14881725,20360
11,14453733,20360
2,-10,233,460,20360
1,15109389,20400
9,14471208,20400
10,14884206,20400
11,14456759,20400
2,-9,233,458,20400
1,15113911,20440
9,14474608,20440
10,14886926,20440
11,14459887,20440
2,-10,234,459,20440
1,15117684,20480
9,14478416,20480
10,14890361,20480
11,14462811,20480
2,-10,235,458,20480
1,15121696,20520
9,14482496,20520
10,14892571,20520
11,14466211,20520
2,-10,232,460,20520
1,15122954,20560
9,14483279,20560
10,14894101,20560
11,14467537,20560
2,-10,235,457,20560
1,15114591,20600
9,14478689,20600
10,14893013,20600
11,14464919,20600
2,-9,234,459,20600
1,15105444,20640
9,14475832,20640
10,14892401,20640
11,14463966,20640
2,-9,231,459,20640
1,15100514,20680
9,14474710,20680
10,14892435,20680
11,14463864,20680
2,-11,233,458,20680
1,15098509,20720
9,14475356,20720
10,14893455,20720
11,14464850,20720
2,-11,234,458,20720
1,15099733,20760
9,14477770,20760
10,14894951,20760
11,14467061,20760
2,-9,232,458,20760
1002,120,20760,1787824873018
1004,512,20760,1787824873019
1004,516,20760,1787824873019
1002,119,20760,1787824873844
1004,515,20760,1787824873845
1004,517,20760,1787824873845
101,120,119,0,20760,1787824874212
222,0,sqi=100
101,120,119,0,20760,1787824874298
222,0,sqi=100
1,15102419,20800
9,14480355,20800
10,14896991,20800
11,14469236,20800
2,-10,233,458,20800
1,15105274,20840
9,14482463,20840
10,14898758,20840
11,14471310,20840
2,-9,234,458,20840
1,15107212,20880
9,14484401,20880
10,14899779,20880
11,14473044,20880
2,-10,235,459,20880
1,15108403,20920
9,14486237,20920
10,14901615,20920
11,14475119,20920
2,-9,232,458,20920
1,15110816,20960
9,14488549,20960
10,14903553,20960
11,14476853,20960
2,-9,234,459,20960
1,15113774,21000
9,14490963,21000
10,14904811,21000
11,14479164,21000
2,-10,231,458,21000
1,15116155,21040
9,14493172,21040
10,14906511,21040
11,14481170,21040
2,-9,233,460,21040
1,15109831,21080
9,14488582,21080
10,14905219,21080
11,14478927,21080
2,-10,232,459,21080
1,15098679,21120
9,14483448,21120
10,14903518,21120
11,14476547,21120
2,-10,235,459,21120
1,15090178,21160
9,14480661,21160
10,14903043,21160
11,14475220,21160
2,-9,231,460,21160
1,15086269,21200
9,14480559,21200
10,14902805,21200
11,14475969,21200
2,-11,231,460,21200
1,15085249,21240
9,14480898,21240
10,14903416,21240
11,14476784,21240
2,-11,233,459,21240
1,15086813,21280
9,14482837,21280
10,14904538,21280
11,14479164,21280
2,-10,233,458,21280
1,15090077,21320
9,14484775,21320
10,14906170,21320
11,14481646,21320
2,-10,231,459,21320
1,15093137,21360
9,14487018,21360
10,14907462,21360
11,14484264,21360
2,-8,232,458,21360
1,15095856,21400
9,14488854,21400
10,14909400,21400
11,14486203,21400
2,-10,234,459,21400
1,15099120,21440
9,14490792,21440
10,14911168,21440
11,14488481,21440
2,-11,232,458,21440
1,15102147,21480
9,14493546,21480
10,14913651,21480
11,14491337,21480
2,-10,232,459,21480
1,15106057,21520
9,14496776,21520
10,14915895,21520
11,14494498,21520
2,-10,235,458,21520
1,15106873,21560
9,14496810,21560
10,14916541,21560
11,14495178,21560
2,-10,232,457,21560
1,15097455,21600
9,14491405,21600
10,14915248,21600
11,14493139,21600
2,-10,231,458,21600
1,15088207,21640
9,14488481,21640
10,14915146,21640
11,14492220,21640
2,-9,233,459,21640
1,15083004,21680
9,14487188,21680
10,14915045,21680
11,14492867,21680
2,-9,231,458,21680
1,15081644,21720
9,14487903,21720
10,14915759,21720
11,14493921,21720
2,-11,232,460,21720
1,15082257,21760
9,14489603,21760
10,14916949,21760
11,14495858,21760
2,-10,231,459,21760
1,15085453,21800
9,14491914,21800
10,14919329,21800
11,14498816,21800
2,-10,232,458,21800
1,15088547,21840
9,14494193,21840
10,14921130,21840
11,14501265,21840
2,-9,230,459,21840
1,15091131,21880
9,14496199,21880
10,14922933,21880
11,14503475,21880
2,-9,233,459,21880
1,15093579,21920
9,14498715,21920
10,14925177,21920
11,14505957,21920
2,-11,232,460,21920
1,15096944,21960
9,14500993,21960
10,14927421,21960
11,14508608,21960
2,-10,231,459,21960
1,15100583,22000
9,14504325,22000
10,14929699,22000
11,14511294,22000
2,-9,234,458,22000
1,15104289,22040
9,14507248,22040
10,14932181,22040
11,14514457,22040
2,-9,230,460,22040
1,15103167,22080
9,14506195,22080
10,14933336,22080
11,14514457,22080
2,-8,231,459,22080
1,15092694,22120
9,14500891,22120
10,14932147,22120
11,14512519,22120
2,-9,230,460,22120
1,15083140,22160
9,14497525,22160
10,14931705,22160
11,14511533,22160
2,-10,232,460,22160
1,15076749,22200
9,14496844,22200
10,14931874,22200
11,14511601,22200
2,-9,229,460,22200
1,15074777,22240
9,14496709,22240
10,14932690,22240
11,14512688,22240
2,-10,231,459,22240
1,15074777,22280
9,14498238,22280
10,14934254,22280
11,14514422,22280
2,-10,231,461,22280
1,15078210,22320
9,14500959,22320
10,14935989,22320
11,14516938,22320
2,-11,233,460,22320
1,15080625,22360
9,14503441,22360
10,14938028,22360
11,14519591,22360
2,-10,232,460,22360
1002,118,22360,1787824875056
1004,497,22360,1787824875056
1004,501,22360,1787824875056
101,119,118,0,22360,1787824875758
222,0,sqi=100
101,119,118,0,22360,1787824875834
222,0,sqi=100
1,15083446,22400
9,14505957,22400
10,14939830,22400
11,14521393,22400
2,-9,231,460,22400
1,15086915,22440
9,14508711,22440
10,14942652,22440
11,14524350,22440
2,-9,233,458,22440
1,15090757,22480
9,14511566,22480
10,14944828,22480
11,14527036,22480
2,-10,231,458,22480
1,15094973,22520
9,14514967,22520
10,14947515,22520
11,14529485,22520
2,-10,230,461,22520
1,15098577,22560
9,14518741,22560
10,14950166,22560
11,14533021,22560
2,-10,232,459,22560
1,15097080,22600
9,14517449,22600
10,14951017,22600
11,14532952,22600
2,-10,232,460,22600
1,15086541,22640
9,14512417,22640
10,14950235,22640
11,14531525,22640
2,-11,229,457,22640
1,15076443,22680
9,14509016,22680
10,14949384,22680
11,14530403,22680
2,-11,231,460,22680
1,15070595,22720
9,14507385,22720
10,14949827,22720
11,14530776,22720
2,-10,233,460,22720
1,15067398,22760
9,14507861,22760
10,14950065,22760
11,14532035,22760
2,-9,230,460,22760
1,15067942,22800
9,14509016,22800
10,14951866,22800
11,14533769,22800
2,-10,226,460,22800
1,15070595,22840
9,14511940,22840
10,14954076,22840
11,14536760,22840
2,-9,233,458,22840
1,15074233,22880
9,14514354,22880
10,14956219,22880
11,14539175,22880
2,-10,232,458,22880
1,15077565,22920
9,14517414,22920
10,14958190,22920
11,14541623,22920
2,-9,227,459,22920
1,15081305,22960
9,14520270,22960
10,14960435,22960
11,14544036,22960
2,-9,232,459,22960
1,15085011,23000
9,14523161,23000
10,14963222,23000
11,14547062,23000
2,-10,231,460,23000
1,15089158,23040
9,14526833,23040
10,14965874,23040
11,14550292,23040
2,-9,228,459,23040
1,15093409,23080
9,14530572,23080
10,14968969,23080
11,14553353,23080
2,-11,229,459,23080
1,15094395,23120
9,14531355,23120
10,14970465,23120
11,14554475,23120
2,-11,234,461,23120
1,15086302,23160
9,14526798,23160
10,14969649,23160
11,14553012,23160
2,-10,232,461,23160
1,15075899,23200
9,14523195,23200
10,14969309,23200
11,14551890,23200
2,-8,226,460,23200
1,15069983,23240
9,14521257,23240
10,14969479,23240
11,14552061,23240
2,-12,231,461,23240
1,15067977,23280
9,14521257,23280
10,14970260,23280
11,14553556,23280
2,-10,229,460,23280
1,15067773,23320
9,14523229,23320
10,14971552,23320
11,14555256,23320
2,-11,231,461,23320
1,15071309,23360
9,14525507,23360
10,14973966,23360
11,14557500,23360
2,-7,230,461,23360
1,15075287,23400
9,14528804,23400
10,14976177,23400
11,14560764,23400
2,-11,231,458,23400
1,15078381,23440
9,14530743,23440
10,14978251,23440
11,14562975,23440
2,-8,229,459,23440
1,15081712,23480
9,14533530,23480
10,14980698,23480
11,14565389,23480
2,-9,230,460,23480
1,15084602,23520
9,14536862,23520
10,14983044,23520
11,14568040,23520
2,-11,231,459,23520
1,15089124,23560
9,14540161,23560
10,14985799,23560
11,14570829,23560
2,-9,229,459,23560
1,15094157,23600
9,14544479,23600
10,14988417,23600
11,14573888,23600
2,-10,231,459,23600
1,15098304,23640
9,14547606,23640
10,14990660,23640
11,14576133,23640
2,-9,232,458,23640
1,15093749,23680
9,14544411,23680
10,14990694,23680
11,14575079,23680
2,-11,227,460,23680
1,15084841,23720
9,14540365,23720
10,14990185,23720
11,14573616,23720
2,-10,231,461,23720
1,15077496,23760
9,14537950,23760
10,14989810,23760
11,14573276,23760
2,-10,227,461,23760
1,15074301,23800
9,14537305,23800
10,14990287,23800
11,14574262,23800
2,-9,231,458,23800
1,15073927,23840
9,14538087,23840
10,14991510,23840
11,14575113,23840
2,-7,229,459,23840
1,15076069,23880
9,14540161,23880
10,14992700,23880
11,14577425,23880
2,-9,231,460,23880
1,15079911,23920
9,14543186,23920
10,14994503,23920
11,14579736,23920
2,-11,231,458,23920
1,15083821,23960
9,14545703,23960
10,14996543,23960
11,14582151,23960
2,-9,232,460,23960
1002,119,23960,1787824876675
1004,515,23960,1787824876675
1004,521,23960,1787824876676
1002,117,23960,1787824877086
1004,527,23960,1787824877086
1004,539,23960,1787824877086
101,117,117,0,23960,1787824877356
222,0,sqi=100
1,15087425,24000
9,14548491,24000
10,14998719,24000
11,14584429,24000
2,-10,228,459,24000
1,15091709,24040
9,14551618,24040
10,15000384,24040
11,14586435,24040
2,-10,232,460,24040
1,15095958,24080
9,14555154,24080
10,15002900,24080
11,14589291,24080
2,-10,230,460,24080
1,15101092,24120
9,14558758,24120
10,15005314,24120
11,14592385,24120
2,-8,231,460,24120
1,15105819,24160
9,14562805,24160
10,15008034,24160
11,14595479,24160
2,-8,228,458,24160
1,15109219,24200
9,14565082,24200
10,15009734,24200
11,14596363,24200
2,-10,230,459,24200
1,15102384,24240
9,14560255,24240
10,15008884,24240
11,14594798,24240
2,-8,230,460,24240
1,15093612,24280
9,14556481,24280
10,15008102,24280
11,14593371,24280
2,-11,231,458,24280
1,15087969,24320
9,14555087,24320
10,15007389,24320
11,14593302,24320
2,-9,230,460,24320
1,15086098,24360
9,14555087,24360
10,15008136,24360
11,14593473,24360
2,-10,230,459,24360
1,15087016,24400
9,14555732,24400
10,15009531,24400
11,14595445,24400
2,-7,230,460,24400
1,15090518,24440
9,14558555,24440
10,15010380,24440
11,14597722,24440
2,-11,232,461,24440
1,15094259,24480
9,14560833,24480
10,15011911,24480
11,14599525,24480
2,-10,230,460,24480
1,15097488,24520
9,14562805,24520
10,15013611,24520
11,14601088,24520
2,-11,229,461,24520
1,15100413,24560
9,14565015,24560
10,15015140,24560
11,14602788,24560
2,-9,231,462,24560
1,15104322,24600
9,14567463,24600
10,15016398,24600
11,14604931,24600
2,-10,229,460,24600
1,15106771,24640
9,14569469,24640
10,15017861,24640
11,14606427,24640
2,-11,229,462,24640
1,15110511,24680
9,14571848,24680
10,15020274,24680
11,14609113,24680
2,-10,232,461,24680
1,15114625,24720
9,14574875,24720
10,15022315,24720
11,14611186,24720
2,-10,227,462,24720
1,15109457,24760
9,14571032,24760
10,15021158,24760
11,14609011,24760
2,-9,230,460,24760
1,15101399,24800
9,14566306,24800
10,15019493,24800
11,14607242,24800
2,-9,229,460,24800
1,15095279,24840
9,14563893,24840
10,15019152,24840
11,14606189,24840
2,-11,231,460,24840
1,15092456,24880
9,14562873,24880
10,15019323,24880
11,14607413,24880
2,-10,230,460,24880
1,15092831,24920
9,14563383,24920
10,15020105,24920
11,14608807,24920
2,-9,229,461,24920
1,15095482,24960
9,14565150,24960
10,15021464,24960
11,14610744,24960
2,-9,230,460,24960
1,15099223,25000
9,14567429,25000
10,15022553,25000
11,14613158,25000
2,-8,229,460,25000
1,15102215,25040
9,14569775,25040
10,15024185,25040
11,14615097,25040
2,-9,230,460,25040
1,15105648,25080
9,14570896,25080
10,15026123,25080
11,14616864,25080
2,-10,229,458,25080
1,15109185,25120
9,14573651,25120
10,15027788,25120
11,14619380,25120
2,-9,232,461,25120
1,15112381,25160
9,14575962,25160
10,15029692,25160
11,14621897,25160
2,-8,228,461,25160
1,15116732,25200
9,14579125,25200
10,15031971,25200
11,14624310,25200
2,-11,231,459,25200
1,15119895,25240
9,14581028,25240
10,15033908,25240
11,14626181,25240
2,-10,228,461,25240
1,15114930,25280
9,14576948,25280
10,15033058,25280
11,14624514,25280
2,-9,230,461,25280
1,15107145,25320
9,14572903,25320
10,15032174,25320
11,14622883,25320
2,-9,229,461,25320
1,15101433,25360
9,14570726,25360
10,15032174,25360
11,14623461,25360
2,-10,231,460,25360
1,15099937,25400
9,14569876,25400
10,15032345,25400
11,14623733,25400
2,-8,229,461,25400
1,15099563,25440
9,14570250,25440
10,15033330,25440
11,14625194,25440
2,-9,229,460,25440
1,15102351,25480
9,14571815,25480
10,15034691,25480
11,14627472,25480
2,-10,230,461,25480
1,15106703,25520
9,14574603,25520
10,15036731,25520
11,14629887,25520
2,-9,230,459,25520
1,15110068,25560
9,14576948,25560
10,15038533,25560
11,14631518,25560
2,-9,230,461,25560
1002,115,25560,1787824877895
1004,543,25560,1787824877896
1004,529,25560,1787824877896
1002,115,25560,1787824878702
1004,517,25560,1787824878703
101,116,115,0,25560,1787824878945
222,0,sqi=100
101,115,115,0,25560,1787824879036
222,0,sqi=100
1,15114386,25600
9,14578886,25600
10,15040675,25600
11,14634205,25600
2,-8,229,459,25600
1,15118262,25640
9,14581199,25640
10,15042918,25640
11,14636585,25640
2,-9,229,462,25640
1,15122717,25680
9,14584361,25680
10,15045605,25680
11,14638862,25680
2,-10,229,460,25680
1,15127476,25720
9,14587692,25720
10,15047814,25720
11,14641786,25720
2,-11,229,460,25720
1,15132135,25760
9,14590209,25760
10,15050331,25760
11,14644235,25760
2,-10,230,461,25760
1,15130027,25800
9,14587624,25800
10,15050841,25800
11,14643350,25800
2,-8,228,461,25800
1,15121561,25840
9,14583000,25840
10,15050093,25840
11,14641106,25840
2,-10,229,462,25840
1,15115509,25880
9,14580519,25880
10,15049854,25880
11,14640971,25880
2,-9,228,462,25880
1,15112245,25920
9,14578784,25920
10,15049752,25920
11,14640936,25920
2,-9,230,461,25920
1,15111564,25960
9,14578241,25960
10,15050433,25960
11,14641821,25960
2,-10,227,461,25960
1,15113537,26000
9,14579499,26000
10,15051724,26000
11,14643589,26000
2,-9,230,461,26000
1,15116427,26040
9,14581199,26040
10,15053289,26040
11,14645322,26040
2,-9,227,461,26040
1,15120779,26080
9,14583544,26080
10,15054886,26080
11,14647566,26080
2,-11,229,460,26080
1,15124621,26120
9,14585856,26120
10,15057096,26120
11,14649096,26120
2,-10,229,460,26120
1,15128122,26160
9,14587998,26160
10,15058967,26160
11,14651340,26160
2,-10,228,459,26160
1,15132883,26200
9,14591025,26200
10,15061142,26200
11,14653007,26200
2,-10,231,460,26200
1,15137302,26240
9,14594017,26240
10,15063624,26240
11,14655455,26240
2,-9,228,460,26240
1,15142131,26280
9,14597518,26280
10,15066140,26280
11,14658175,26280
2,-10,229,459,26280
1,15142097,26320
9,14596873,26320
10,15066481,26320
11,14657971,26320
2,-11,229,461,26320
1,15134787,26360
9,14591671,26360
10,15065393,26360
11,14655420,26360
2,-9,228,461,26360
1,15127680,26400
9,14587624,26400
10,15064304,26400
11,14654231,26400
2,-10,227,462,26400
1,15123057,26440
9,14585755,26440
10,15064135,26440
11,14653857,26440
2,-10,229,460,26440
1,15121289,26480
9,14585483,26480
10,15064543,26480
11,14654367,26480
2,-9,228,461,26480
1,15122580,26520
9,14586196,26520
10,15065733,26520
11,14655693,26520
2,-11,229,461,26520
1,15126354,26560
9,14588169,26560
10,15067671,26560
11,14657631,26560
2,-10,228,460,26560
1,15130503,26600
9,14590684,26600
10,15069268,26600
11,14659466,26600
2,-10,228,460,26600
1,15133597,26640
9,14592589,26640
10,15071207,26640
11,14661166,26640
2,-11,229,460,26640
1,15137065,26680
9,14594900,26680
10,15073247,26680
11,14663003,26680
2,-11,229,462,26680
1,15141723,26720
9,14597824,26720
10,15075457,26720
11,14665178,26720
2,-11,228,461,26720
1,15146789,26760
9,14601428,26760
10,15077972,26760
11,14667865,26760
2,-9,226,462,26760
1,15151515,26800
9,14604897,26800
10,15080217,26800
11,14669871,26800
2,-10,224,460,26800
1,15155832,26840
9,14607073,26840
10,15082325,26840
11,14671706,26840
2,-11,231,461,26840
1,15150562,26880
9,14603129,26880
10,15081305,26880
11,14669293,26880
2,-10,229,461,26880
1,15142063,26920
9,14598980,26920
10,15080862,26920
11,14667389,26920
2,-10,228,461,26920
1,15136486,26960
9,14595581,26960
10,15079979,26960
11,14666130,26960
2,-9,227,460,26960
1,15133868,27000
9,14594424,27000
10,15079911,27000
11,14666573,27000
2,-12,230,462,27000
1,15134413,27040
9,14594662,27040
10,15080726,27040
11,14667218,27040
2,-11,231,460,27040
1,15136181,27080
9,14595920,27080
10,15081679,27080
11,14669157,27080
2,-12,234,459,27080
1,15140022,27120
9,14598028,27120
10,15083548,27120
11,14670551,27120
2,-11,228,461,27120
1,15143287,27160
9,14600205,27160
10,15084364,27160
11,14671877,27160
2,-12,232,458,27160
1002,115,27160,1787824879931
1004,532,27160,1787824879931
1004,532,27160,1787824879932
101,114,115,0,27160,1787824880552
222,0,sqi=100
1,15146958,27200
9,14602482,27200
10,15086200,27200
11,14673746,27200
2,-10,231,461,27200
1,15151276,27240
9,14605134,27240
10,15088411,27240
11,14675787,27240
2,-10,225,461,27240
1,15155322,27280
9,14608534,27280
10,15090111,27280
11,14678099,27280
2,-9,229,463,27280
1,15160117,27320
9,14612070,27320
10,15092422,27320
11,14680240,27320
2,-11,225,461,27320
1,15165897,27360
9,14615946,27360
10,15094870,27360
11,14682824,27360
2,-11,234,461,27360
1,15167324,27400
9,14616490,27400
10,15096298,27400
11,14683096,27400
2,-9,223,463,27400
1,15159607,27440
9,14611356,27440
10,15095143,27440
11,14680751,27440
2,-8,230,460,27440
1,15152025,27480
9,14608092,27480
10,15094157,27480
11,14679527,27480
2,-12,230,462,27480
1,15148896,27520
9,14606087,27520
10,15093579,27520
11,14679016,27520
2,-10,230,459,27520
1,15147775,27560
9,14606121,27560
10,15093918,27560
11,14679186,27560
2,-12,230,461,27560
1,15149101,27600
9,14607685,27600
10,15094598,27600
11,14680512,27600
2,-11,234,461,27600
1,15151991,27640
9,14609554,27640
10,15096231,27640
11,14682111,27640
2,-10,230,459,27640
1,15155730,27680
9,14611765,27680
10,15097693,27680
11,14684083,27680
2,-10,229,460,27680
1,15159437,27720
9,14613634,27720
10,15099223,27720
11,14685511,27720
2,-10,230,460,27720
1,15162428,27760
9,14616185,27760
10,15100684,27760
11,14687007,27760
2,-8,231,460,27760
1,15166339,27800
9,14618701,27800
10,15102078,27800
11,14688809,27800
2,-8,229,461,27800
1,15170112,27840
9,14621319,27840
10,15104084,27840
11,14690645,27840
2,-11,231,461,27840
1,15174193,27880
9,14623971,27880
10,15105580,27880
11,14692617,27880
2,-8,232,460,27880
1,15177593,27920
9,14626690,27920
10,15107484,27920
11,14694249,27920
2,-8,226,462,27920
1,15172221,27960
9,14622542,27960
10,15106125,27960
11,14691427,27960
2,-8,231,459,27960
1,15163244,28000
9,14616831,28000
10,15104254,28000
11,14688741,28000
2,-10,227,459,28000
1,15156343,28040
9,14613430,28040
10,15102895,28040
11,14687312,28040
2,-9,230,457,28040
1,15152875,28080
9,14611390,28080
10,15102010,28080
11,14686972,28080
2,-10,230,461,28080
1,15152296,28120
9,14610948,28120
10,15102010,28120
11,14686599,28120
2,-10,230,463,28120
1,15153996,28160
9,14611832,28160
10,15102419,28160
11,14687381,28160
2,-12,230,459,28160
1,15157227,28200
9,14613736,28200
10,15103303,28200
11,14688129,28200
2,-7,231,460,28200
1,15159471,28240
9,14614790,28240
10,15103439,28240
11,14688842,28240
2,-9,229,463,28240
1,15161952,28280
9,14615946,28280
10,15103677,28280
11,14689488,28280
2,-7,231,460,28280
1,15163755,28320
9,14617035,28320
10,15104289,28320
11,14690305,28320
2,-8,225,462,28320
1,15166066,28360
9,14618870,28360
10,15104901,28360
11,14691121,28360
2,-10,231,460,28360
1,15168447,28400
9,14620604,28400
10,15105377,28400
11,14691902,28400
2,-6,227,459,28400
1,15169909,28440
9,14621386,28440
10,15105308,28440
11,14691801,28440
2,-9,229,461,28440
1,15163856,28480
9,14616320,28480
10,15103642,28480
11,14688502,28480
2,-11,230,460,28480
1,15152467,28520
9,14609520,28520
10,15100311,28520
11,14684286,28520
2,-10,227,459,28520
1,15143762,28560
9,14604625,28560
10,15098440,28560
11,14682314,28560
2,-10,230,461,28560
1,15137779,28600
9,14601327,28600
10,15096060,28600
11,14680615,28600
2,-8,228,460,28600
1,15136146,28640
9,14600307,28640
10,15095109,28640
11,14680207,28640
2,-10,226,460,28640
1,15136894,28680
9,14600680,28680
10,15094462,28680
11,14680410,28680
2,-8,230,460,28680
1,15137983,28720
9,14601088,28720
10,15094666,28720
11,14681159,28720
2,-10,227,460,28720
1,15139445,28760
9,14601633,28760
10,15094428,28760
11,14681532,28760
2,-10,229,461,28760
1002,114,27840,1787824880726
1004,537,27880,1787824880727
1004,543,27880,1787824880727
1002,113,28760,1787824881936
1004,537,28760,1787824881991
1004,521,28760,1787824881992
101,114,113,0,28760,1787824882204
222,0,sqi=100
101,114,113,0,28760,1787824882267
222,0,sqi=100
1,15140499,28800
9,14602482,28800
10,15094395,28800
11,14681737,28800
2,-9,227,461,28800
1,15140940,28840
9,14603332,28840
10,15094802,28840
11,14682213,28840
2,-8,227,461,28840
1,15142573,28880
9,14603604,28880
10,15094734,28880
11,14682722,28880
2,-11,230,461,28880
1,15144681,28920
9,14605134,28920
10,15095754,28920
11,14683879,28920
2,-10,228,461,28920
1,15144782,28960
9,14604047,28960
10,15095414,28960
11,14683811,28960
2,-9,229,459,28960
1,15136724,29000
9,14597995,29000
10,15092491,29000
11,14679764,29000
2,-10,227,462,29000
1,15127341,29040
9,14592385,29040
10,15090485,29040
11,14677487,29040
2,-10,226,459,29040
1,15121255,29080
9,14588883,29080
10,15088581,29080
11,14675752,29080
2,-11,228,460,29080
1,15118365,29120
9,14587216,29120
10,15087357,29120
11,14675039,29120
2,-10,229,461,29120
1,15118501,29160
9,14586707,29160
10,15087289,29160
11,14676024,29160
2,-10,225,463,29160
1,15120201,29200
9,14588237,29200
10,15087118,29200
11,14676467,29200
2,-8,229,460,29200
1,15122241,29240
9,14588883,29240
10,15087799,29240
11,14677112,29240
2,-11,228,461,29240
1,15124349,29280
9,14589222,29280
10,15087730,29280
11,14677690,29280
2,-9,227,461,29280
1,15125165,29320
9,14589970,29320
10,15087969,29320
11,14678336,29320
2,-10,230,461,29320
1,15126763,29360
9,14590616,29360
10,15088003,29360
11,14679152,29360
2,-9,228,462,29360
1,15128463,29400
9,14591943,29400
10,15088750,29400
11,14679969,29400
2,-10,228,461,29400
1,15130944,29440
9,14593302,29440
10,15089736,29440
11,14680920,29440
2,-8,228,460,29440
1,15129448,29480
9,14590855,29480
10,15088785,29480
11,14679764,29480
2,-10,226,461,29480
1,15119724,29520
9,14584531,29520
10,15086166,29520
11,14675685,29520
2,-10,229,462,29520
1,15110612,29560
9,14579261,29560
10,15084296,29560
11,14673305,29560
2,-9,228,460,29560
1,15105717,29600
9,14575623,29600
10,15082393,29600
11,14672386,29600
2,-10,229,460,29600
1,15102997,29640
9,14573684,29640
10,15081577,29640
11,14671298,29640
2,-11,229,459,29640
1,15102929,29680
9,14573140,29680
10,15081475,29680
11,14671741,29680
2,-11,228,462,29680
1,15105308,29720
9,14574093,29720
10,15081985,29720
11,14672658,29720
2,-9,230,459,29720
1,15107518,29760
9,14574671,29760
10,15081985,29760
11,14673203,29760
2,-11,229,460,29760
1,15109049,29800
9,14575316,29800
10,15082427,29800
11,14673882,29800
2,-10,231,460,29800
1,15111394,29840
9,14576676,29840
10,15083446,29840
11,14674359,29840
2,-11,228,460,29840
1,15114251,29880
9,14578070,29880
10,15083786,29880
11,14675345,29880
2,-11,231,460,29880
1,15116767,29920
9,14579736,29920
10,15084943,29920
11,14677283,29920
2,-10,228,459,29920
1,15120268,29960
9,14581437,29960
10,15086302,29960
11,14678847,29960
2,-12,229,458,29960
1,15122717,30000
9,14582762,30000
10,15087186,30000
11,14679561,30000
2,-11,228,460,30000
1,15116393,30040
9,14577935,30040
10,15085351,30040
11,14675922,30040
2,-10,232,460,30040
1,15107280,30080
9,14571781,30080
10,15083209,30080
11,14673407,30080
2,-9,226,461,30080
1,15099903,30120
9,14567904,30120
10,15081712,30120
11,14671877,30120
2,-12,230,459,30120
1,15096367,30160
9,14565150,30160
10,15080556,30160
11,14670925,30160
2,-11,229,461,30160
1,15094225,30200
9,14563994,30200
10,15079605,30200
11,14670618,30200
2,-11,230,461,30200
1,15095211,30240
9,14564675,30240
10,15080217,30240
11,14671639,30240
2,-11,228,461,30240
1,15098338,30280
9,14565966,30280
10,15081168,30280
11,14673203,30280
2,-11,230,462,30280
1,15100922,30320
9,14566612,30320
10,15082121,30320
11,14674256,30320
2,-10,227,461,30320
1,15103642,30360
9,14568414,30360
10,15083004,30360
11,14675447,30360
2,-11,230,461,30360
1002,114,30360,1787824882753
1004,504,30360,1787824882753
1004,513,30360,1787824882753
101,114,114,0,30360,1787824883749
222,0,sqi=100
101,113,114,0,30360,1787824883842
222,0,sqi=100
1,15107145,30400
9,14570455,30400
10,15084092,30400
11,14676636,30400
2,-11,226,461,30400
1,15110782,30440
9,14572325,30440
10,15086133,30440
11,14678575,30440
2,-12,228,460,30440
1,15114693,30480
9,14575487,30480
10,15087969,30480
11,14680648,30480
2,-10,229,461,30480
1,15119147,30520
9,14578036,30520
10,15089839,30520
11,14682824,30520
2,-12,229,461,30520
1,15120711,30560
9,14578445,30560
10,15090995,30560
11,14683130,30560
2,-11,226,460,30560
1,15113061,30600
9,14573072,30600
10,15089464,30600
11,14680377,30600
2,-10,228,463,30600
1,15105411,30640
9,14568585,30640
10,15088309,30640
11,14678303,30640
2,-13,227,462,30640
1,15099631,30680
9,14565558,30680
10,15087459,30680
11,14677317,30680
2,-11,225,462,30680
1,15097080,30720
9,14563587,30720
10,15087084,30720
11,14676705,30720
2,-10,226,464,30720
1,15096571,30760
9,14563791,30760
10,15087084,30760
11,14677214,30760
2,-11,223,462,30760
1,15099461,30800
9,14565150,30800
10,15088615,30800
11,14678472,30800
2,-11,227,464,30800
1,15102963,30840
9,14566715,30840
10,15089397,30840
11,14679935,30840
2,-11,226,461,30840
1,15106329,30880
9,14568619,30880
10,15091029,30880
11,14681159,30880
2,-11,228,462,30880
1,15108878,30920
9,14570692,30920
10,15092184,30920
11,14682043,30920
2,-10,228,461,30920
1,15112754,30960
9,14573140,30960
10,15093884,30960
11,14683946,30960
2,-13,228,462,30960
1,15116086,31000
9,14575657,31000
10,15095585,31000
11,14685341,31000
2,-10,227,461,31000
1,15121629,31040
9,14579125,31040
10,15098032,31040
11,14687482,31040
2,-9,228,463,31040
1,15125437,31080
9,14582287,31080
10,15099937,31080
11,14689590,31080
2,-10,224,462,31080
1,15126660,31120
9,14582456,31120
10,15101433,31120
11,14689420,31120
2,-11,229,461,31120
1,15118466,31160
9,14576847,31160
10,15099052,31160
11,14685782,31160
2,-12,227,462,31160
1,15109117,31200
9,14571917,31200
10,15097930,31200
11,14683675,31200
2,-10,227,460,31200
1,15102861,31240
9,14568959,31240
10,15097183,31240
11,14682281,31240
2,-8,228,462,31240
1,15099597,31280
9,14567088,31280
10,15096162,31280
11,14681295,31280
2,-10,228,462,31280
1,15099495,31320
9,14566885,31320
10,15096333,31320
11,14681975,31320
2,-11,229,461,31320
1,15101841,31360
9,14569061,31360
10,15097080,31360
11,14682485,31360
2,-10,229,463,31360
1,15104901,31400
9,14570692,31400
10,15097897,31400
11,14683777,31400
2,-11,228,461,31400
1,15107892,31440
9,14572630,31440
10,15098712,31440
11,14684694,31440
2,-13,228,461,31440
1,15111021,31480
9,14574501,31480
10,15100378,31480
11,14685953,31480
2,-9,227,463,31480
1,15113944,31520
9,14576915,31520
10,15101161,31520
11,14686803,31520
2,-10,230,459,31520
1,15117175,31560
9,14579328,31560
10,15103235,31560
11,14688468,31560
2,-9,227,461,31560
1,15120847,31600
9,14581980,31600
10,15104935,31600
11,14690169,31600
2,-9,227,460,31600
1,15125096,31640
9,14584972,31640
10,15106873,31640
11,14691460,31640
2,-10,224,460,31640
1,15128667,31680
9,14587522,31680
10,15108471,31680
11,14692956,31680
2,-10,228,459,31680
1,15122818,31720
9,14583204,31720
10,15106736,31720
11,14689795,31720
2,-10,226,461,31720
1,15112856,31760
9,14577255,31760
10,15104458,31760
11,14686292,31760
2,-9,229,462,31760
1,15105342,31800
9,14573583,31800
10,15102963,31800
11,14684218,31800
2,-11,230,462,31800
1,15100990,31840
9,14571644,31840
10,15101297,31840
11,14682892,31840
2,-11,229,462,31840
1,15099257,31880
9,14570964,31880
10,15101127,31880
11,14682450,31880
2,-10,227,460,31880
1,15100888,31920
9,14571951,31920
10,15100922,31920
11,14683335,31920
2,-12,229,460,31920
1,15105036,31960
9,14574262,31960
10,15101806,31960
11,14684083,31960
2,-10,229,462,31960
1002,114,31960,1787824883966
1004,541,31960,1787824883966
1004,549,31960,1787824883967
1002,113,31960,1787824884779
1004,559,31960,1787824884780
1004,572,31960,1787824884780
101,113,113,0,31960,1787824885359
222,0,sqi=100
1,15107756,32000
9,14576031,32000
10,15102215,32000
11,14684457,32000
2,-11,228,461,32000
1,15110443,32040
9,14577935,32040
10,15102657,32040
11,14685103,32040
2,-13,229,461,32040
1,15113026,32080
9,14579804,32080
10,15102963,32080
11,14686055,32080
2,-14,227,461,32080
1,15115644,32120
9,14581912,32120
10,15103881,32120
11,14686972,32120
2,-11,231,461,32120
1,15118093,32160
9,14583952,32160
10,15104289,32160
11,14688265,32160
2,-10,228,459,32160
1,15120643,32200
9,14585619,32200
10,15105648,32200
11,14689590,32200
2,-9,228,462,32200
1,15121391,32240
9,14586230,32240
10,15105648,32240
11,14689454,32240
2,-11,231,457,32240
1,15112551,32280
9,14580179,32280
10,15102963,32280
11,14685476,32280
2,-9,225,461,32280
1,15101875,32320
9,14573888,32320
10,15099733,32320
11,14681703,32320
2,-10,230,460,32320
1,15093884,32360
9,14568993,32360
10,15097488,32360
11,14679561,32360
2,-8,230,462,32360
1,15089805,32400
9,14566544,32400
10,15095789,32400
11,14678268,32400
2,-10,232,461,32400
1,15088139,32440
9,14565491,32440
10,15094837,32440
11,14677826,32440
2,-9,226,459,32440
1,15089941,32480
9,14566783,32480
10,15095041,32480
11,14678541,32480
2,-10,233,463,32480
1,15092831,32520
9,14567633,32520
10,15095245,32520
11,14679493,32520
2,-11,229,459,32520
1,15094904,32560
9,14568551,32560
10,15095380,32560
11,14679730,32560
2,-8,233,459,32560
1,15097285,32600
9,14569502,32600
10,15095482,32600
11,14680546,32600
2,-11,228,459,32600
1,15099257,32640
9,14570964,32640
10,15095754,32640
11,14681056,32640
2,-6,228,459,32640
1,15102112,32680
9,14572155,32680
10,15097080,32680
11,14682382,32680
2,-11,230,458,32680
1,15104866,32720
9,14573957,32720
10,15098407,32720
11,14683912,32720
2,-10,230,458,32720
1,15107553,32760
9,14575589,32760
10,15099087,32760
11,14684559,32760
2,-9,228,460,32760
1,15101399,32800
9,14569638,32800
10,15097115,32800
11,14680717,32800
2,-11,231,462,32800
1,15090927,32840
9,14563179,32840
10,15094361,32840
11,14677453,32840
2,-9,229,461,32840
1,15082596,32880
9,14558011,32880
10,15091776,32880
11,14674392,32880
2,-8,229,459,32880
1,15078992,32920
9,14555325,32920
10,15090450,32920
11,14673713,32920
2,-8,231,461,32920
1,15078006,32960
9,14554475,32960
10,15089839,32960
11,14673781,32960
2,-8,231,461,32960
1,15080182,33000
9,14555290,33000
10,15089873,33000
11,14674767,33000
2,-10,227,461,33000
1,15083854,33040
9,14557025,33040
10,15090723,33040
11,14675447,33040
2,-9,233,460,33040
1,15086405,33080
9,14559337,33080
10,15091879,33080
11,14676534,33080
2,-10,226,462,33080
1,15089736,33120
9,14560323,33120
10,15092728,33120
11,14677385,33120
2,-10,234,460,33120
1,15093714,33160
9,14562737,33160
10,15093749,33160
11,14678166,33160
2,-9,227,459,33160
1,15097115,33200
9,14564811,33200
10,15094802,33200
11,14679935,33200
2,-12,228,460,33200
1,15101704,33240
9,14567633,33240
10,15096706,33240
11,14681363,33240
2,-9,231,460,33240
1,15105887,33280
9,14569910,33280
10,15098237,33280
11,14682824,33280
2,-11,228,459,33280
1,15102010,33320
9,14565830,33320
10,15097455,33320
11,14680105,33320
2,-10,229,462,33320
1,15091470,33360
9,14558894,33360
10,15094632,33360
11,14676433,33360
2,-10,231,459,33360
1,15082596,33400
9,14552842,33400
10,15092354,33400
11,14672931,33400
2,-11,229,462,33400
1,15076613,33440
9,14549511,33440
10,15089975,33440
11,14670788,33440
2,-10,232,460,33440
1,15073858,33480
9,14546654,33480
10,15088853,33480
11,14669395,33480
2,-9,229,461,33480
1,15074980,33520
9,14546518,33520
10,15088411,33520
11,14669701,33520
2,-11,230,459,33520
1,15077633,33560
9,14548082,33560
10,15088581,33560
11,14670516,33560
2,-10,229,462,33560
1002,111,33560,1787824885999
1004,551,33560,1787824885999
1002,111,33560,1787824886813
1004,525,33560,1787824886814
1004,532,33560,1787824886815
101,112,111,0,33560,1787824886946
222,0,sqi=100
101,111,111,0,33560,1787824887051
222,0,sqi=100
1,15081372,33600
9,14549409,33600
10,15089703,33600
11,14671367,33600
2,-11,228,461,33600
1,15084909,33640
9,14551041,33640
10,15090111,33640
11,14672386,33640
2,-10,226,462,33640
1,15088139,33680
9,14552945,33680
10,15091470,33680
11,14673305,33680
2,-10,228,460,33680
1,15091810,33720
9,14554916,33720
10,15092763,33720
11,14674461,33720
2,-9,229,460,33720
1,15095516,33760
9,14557025,33760
10,15093681,33760
11,14675515,33760
2,-10,227,461,33760
1,15099120,33800
9,14559609,33800
10,15095041,33800
11,14677078,33800
2,-10,232,459,33800
1,15101092,33840
9,14560833,33840
10,15096162,33840
11,14677010,33840
2,-10,228,462,33840
1,15092661,33880
9,14553421,33880
10,15093273,33880
11,14672115,33880
2,-10,229,460,33880
1,15081441,33920
9,14545193,33920
10,15089397,33920
11,14666505,33920
2,-11,228,462,33920
1,15072702,33960
9,14539141,33960
10,15085487,33960
11,14662561,33960
2,-11,229,460,33960
1,15066956,34000
9,14534585,34000
10,15082427,34000
11,14659365,34000
2,-11,230,463,34000
1,15064781,34040
9,14532171,34040
10,15079945,34040
11,14657427,34040
2,-11,228,459,34040
1,15066956,34080
9,14532579,34080
10,15078891,34080
11,14656747,34080
2,-11,228,462,34080
1,15069711,34120
9,14533633,34120
10,15078142,34120
11,14656305,34120
2,-10,227,462,34120
1,15072226,34160
9,14534890,34160
10,15077565,34160
11,14655455,34160
2,-10,229,461,34160
1,15075015,34200
9,14535911,34200
10,15076817,34200
11,14654298,34200
2,-11,228,463,34200
1,15076987,34240
9,14536421,34240
10,15076306,34240
11,14654434,34240
2,-10,228,460,34240
1,15080862,34280
9,14538733,34280
10,15076680,34280
11,14654910,34280
2,-10,228,460,34280
1,15084841,34320
9,14541418,34320
10,15077462,34320
11,14656033,34320
2,-12,229,460,34320
1,15089397,34360
9,14544853,34360
10,15077735,34360
11,14656542,34360
2,-11,227,463,34360
1,15087526,34400
9,14542507,34400
10,15076306,34400
11,14654231,34400
2,-11,230,461,34400
1,15075967,34440
9,14533565,34440
10,15071410,34440
11,14647533,34440
2,-10,228,460,34440
1,15064747,34480
9,14525167,34480
10,15066413,34480
11,14642534,34480
2,-11,230,460,34480
1,15056723,34520
9,14519352,34520
10,15061585,34520
11,14638353,34520
2,-10,228,461,34520
1,15053016,34560
9,14515817,34560
10,15057912,34560
11,14635904,34560
2,-11,230,461,34560
1,15052642,34600
9,14514388,34600
10,15055465,34600
11,14634613,34600
2,-10,228,461,34600
1,15055363,34640
9,14515170,34640
10,15054852,34640
11,14635190,34640
2,-10,227,460,34640
1,15058898,34680
9,14516293,34680
10,15054071,34680
11,14635462,34680
2,-10,231,461,34680
1,15062469,34720
9,14517414,34720
10,15054071,34720
11,14636210,34720
2,-10,226,462,34720
1,15067195,34760
9,14519591,34760
10,15054513,34760
11,14637061,34760
2,-12,228,460,34760
1,15070526,34800
9,14520916,34800
10,15055056,34800
11,14637910,34800
2,-10,229,460,34800
1,15076069,34840
9,14524214,34840
10,15056824,34840
11,14640223,34840
2,-11,229,462,34840
1,15083548,34880
9,14528328,34880
10,15058933,34880
11,14643554,34880
2,-10,229,461,34880
1,15091402,34920
9,14532068,34920
10,15061279,34920
11,14646785,34920
2,-10,230,462,34920
1,15091505,34960
9,14530709,34960
10,15061075,34960
11,14645424,34960
2,-11,228,460,34960
1,15084195,35000
9,14524521,35000
10,15058117,35000
11,14642568,35000
2,-10,231,461,35000
1,15078958,35040
9,14519998,35040
10,15054750,35040
11,14640733,35040
2,-9,228,460,35040
1,15074301,35080
9,14516633,35080
10,15052030,35080
11,14638455,35080
2,-11,231,460,35080
1,15073553,35120
9,14515646,35120
10,15050501,35120
11,14639509,35120
2,-10,230,461,35120
1,15076306,35160
9,14516802,35160
10,15050228,35160
11,14640801,35160
2,-10,229,459,35160
1002,111,35160,1787824888020
1004,545,35160,1787824888020
1004,544,35160,1787824888021
101,110,111,0,35160,1787824888534
222,0,sqi=100
1,15081033,35200
9,14518707,35200
10,15050908,35200
11,14643520,35200
2,-11,229,461,35200
1,15086031,35240
9,14521902,35240
10,15051826,35240
11,14645255,35240
2,-10,229,459,35240
1,15089430,35280
9,14524044,35280
10,15052880,35280
11,14647023,35280
2,-11,229,460,35280
1,15093239,35320
9,14525574,35320
10,15054104,35320
11,14648995,35320
2,-9,231,459,35320
1,15096808,35360
9,14528600,35360
10,15054955,35360
11,14651035,35360
2,-11,230,462,35360
1,15101059,35400
9,14530947,35400
10,15056246,35400
11,14653007,35400
2,-9,231,460,35400
1,15105615,35440
9,14534143,35440
10,15057845,35440
11,14655012,35440
2,-10,226,460,35440
1,15106804,35480
9,14533462,35480
10,15057912,35480
11,14654809,35480
2,-10,230,459,35480
1,15097183,35520
9,14525065,35520
10,15054003,35520
11,14650320,35520
2,-10,227,458,35520
1,15087221,35560
9,14517041,35560
10,15048801,35560
11,14646071,35560
2,-9,231,460,35560
1,15079196,35600
9,14511430,35600
10,15044517,35600
11,14643384,35600
2,-10,227,461,35600
1,15075933,35640
9,14507657,35640
10,15040641,35640
11,14641242,35640
2,-10,231,460,35640
1,15075252,35680
9,14505991,35680
10,15039213,35680
11,14641344,35680
2,-9,230,460,35680
1,15078177,35720
9,14507147,35720
10,15038260,35720
11,14642364,35720
2,-10,228,460,35720
1,15080488,35760
9,14508744,35760
10,15037819,35760
11,14643011,35760
2,-9,229,462,35760
1,15083140,35800
9,14508983,35800
10,15037921,35800
11,14643997,35800
2,-10,228,460,35800
1,15084772,35840
9,14510309,35840
10,15037988,35840
11,14644813,35840
2,-12,230,459,35840
1,15087934,35880
9,14511294,35880
10,15037852,35880
11,14645832,35880
2,-10,229,462,35880
1,15090314,35920
9,14513063,35920
10,15038499,35920
11,14646989,35920
2,-9,227,461,35920
1,15093884,35960
9,14515238,35960
10,15039246,35960
11,14648825,35960
2,-9,229,462,35960
1,15092184,36000
9,14512824,36000
10,15038057,36000
11,14647023,36000
2,-10,228,461,36000
1,15080488,36040
9,14503814,36040
10,15033228,36040
11,14641888,36040
2,-11,226,460,36040
1,15069404,36080
9,14494668,36080
10,15026700,36080
11,14636618,36080
2,-11,228,459,36080
1,15061686,36120
9,14488345,36120
10,15021090,36120
11,14632708,36120
2,-12,230,462,36120
1,15055906,36160
9,14483925,36160
10,15016365,36160
11,14629751,36160
2,-11,228,462,36160
1,15055124,36200
9,14481578,36200
10,15013203,36200
11,14628492,36200
2,-11,227,461,36200
1,15056587,36240
9,14482020,36240
10,15011571,36240
11,14628697,36240
2,-11,230,459,36240
1,15058694,36280
9,14483109,36280
10,15010380,36280
11,14629104,36280
2,-11,229,459,36280
1,15060701,36320
9,14482973,36320
10,15009088,36320
11,14629207,36320
2,-11,226,461,36320
1,15062264,36360
9,14483925,36360
10,15009020,36360
11,14630091,36360
2,-11,231,463,36360
1,15064713,36400
9,14485421,36400
10,15009055,36400
11,14630907,36400
2,-14,226,460,36400
1,15067637,36440
9,14486848,36440
10,15008884,36440
11,14632369,36440
2,-10,233,459,36440
1,15071105,36480
9,14488616,36480
10,15009905,36480
11,14634171,36480
2,-15,227,460,36480
1,15071649,36520
9,14488242,36520
10,15009122,36520
11,14634137,36520
2,-11,230,460,36520
1,15061958,36560
9,14479470,36560
10,15004431,36560
11,14628798,36560
2,-13,232,461,36560
1,15049582,36600
9,14469679,36600
10,14997562,36600
11,14623155,36600
2,-10,229,462,36600
1,15040539,36640
9,14462572,36640
10,14990320,36640
11,14618530,36640
2,-11,224,459,36640
1,15034282,36680
9,14457405,36680
10,14984643,36680
11,14614621,36680
2,-15,234,460,36680
1,15032243,36720
9,14454174,36720
10,14980631,36720
11,14613430,36720
2,-14,232,461,36720
1,15032957,36760
9,14453902,36760
10,14978590,36760
11,14612988,36760
2,-14,226,462,36760
1002,111,36360,1787824888826
1004,550,36360,1787824888826
1004,531,36400,1787824888827
1002,111,36760,1787824890040
1004,520,36760,1787824890040
1004,531,36760,1787824890088
101,111,111,0,36760,1787824890220
222,0,sqi=100
101,111,111,0,36760,1787824890279
222,0,sqi=100
1,15035949,36800
9,14455025,36800
10,14977401,36800
11,14613295,36800
2,-16,231,460,36800
1,15038499,36840
9,14455364,36840
10,14976449,36840
11,14614008,36840
2,-13,234,458,36840
1,15041355,36880
9,14456146,36880
10,14975599,36880
11,14613804,36880
2,-13,225,459,36880
1,15044584,36920
9,14458289,36920
10,14975871,36920
11,14614961,36920
2,-11,225,459,36920
1,15047475,36960
9,14460737,36960
10,14976278,36960
11,14616151,36960
2,-13,232,462,36960
1,15051826,37000
9,14462913,37000
10,14977060,37000
11,14618088,37000
2,-12,237,458,37000
1,15054988,37040
9,14464647,37040
10,14977741,37040
11,14619755,37040
2,-10,234,456,37040
1,15049617,37080
9,14459308,37080
10,14974919,37080
11,14615300,37080
2,-14,235,461,37080
1,15037716,37120
9,14450537,37120
10,14968187,37120
11,14610064,37120
2,-13,235,458,37120
1,15028808,37160
9,14443260,37160
10,14961795,37160
11,14604931,37160
2,-14,232,457,37160
1,15022043,37200
9,14438365,37200
10,14955743,37200
11,14601156,37200
2,-16,248,459,37200
1,15018982,37240
9,14435644,37240
10,14951289,37240
11,14599150,37240
2,-15,235,457,37240
1,15019901,37280
9,14435372,37280
10,14948126,37280
11,14598334,37280
2,-11,235,458,37280
1,15022893,37320
9,14436869,37320
10,14947481,37320
11,14599593,37320
2,-13,237,457,37320
1,15026190,37360
9,14438161,37360
10,14946834,37360
11,14599932,37360
2,-11,237,458,37360
1,15029659,37400
9,14439656,37400
10,14946596,37400
11,14600953,37400
2,-12,235,458,37400
1,15033092,37440
9,14442241,37440
10,14946699,37440
11,14602414,37440
2,-11,233,458,37440
1,15037104,37480
9,14444348,37480
10,14947616,37480
11,14603638,37480
2,-13,234,458,37480
1,15041253,37520
9,14447749,37520
10,14948262,37520
11,14605440,37520
2,-12,235,458,37520
1,15046012,37560
9,14450672,37560
10,14949827,37560
11,14607345,37560
2,-11,235,455,37560
1,15046148,37600
9,14449890,37600
10,14949249,37600
11,14606324,37600
2,-10,233,459,37600
1,15035813,37640
9,14442206,37640
10,14944284,37640
11,14601531,37640
2,-11,236,458,37640
1,15025239,37680
9,14434115,37680
10,14937178,37680
11,14595682,37680
2,-10,236,456,37680
1,15016636,37720
9,14428233,37720
10,14930446,37720
11,14591467,37720
2,-12,235,457,37720
1,15010959,37760
9,14424798,37760
10,14924565,37760
11,14588508,37760
2,-10,234,458,37760
1,15008851,37800
9,14423030,37800
10,14920791,37800
11,14587182,37800
2,-11,236,458,37800
1,15010720,37840
9,14423948,37840
10,14919159,37840
11,14587216,37840
2,-13,237,456,37840
1,15013067,37880
9,14425139,37880
10,14918173,37880
11,14588338,37880
2,-9,234,457,37880
1,15015752,37920
9,14427416,37920
10,14918173,37920
11,14588883,37920
2,-13,237,457,37920
1,15020105,37960
9,14430136,37960
10,14918071,37960
11,14590106,37960
2,-11,234,457,37960
1,15023708,38000
9,14432959,38000
10,14918614,38000
11,14591262,38000
2,-13,237,458,38000
1,15026938,38040
9,14435917,38040
10,14918954,38040
11,14592419,38040
2,-10,236,457,38040
1,15029183,38080
9,14438500,38080
10,14919532,38080
11,14593643,38080
2,-13,235,457,38080
1,15032345,38120
9,14440608,38120
10,14921096,38120
11,14595954,38120
2,-11,235,457,38120
1,15029965,38160
9,14438195,38160
10,14919703,38160
11,14594357,38160
2,-11,237,459,38160
1,15019119,38200
9,14430613,38200
10,14913684,38200
11,14588508,38200
2,-11,234,456,38200
1,15007423,38240
9,14422928,38240
10,14906544,38240
11,14582626,38240
2,-10,234,458,38240
1,14998072,38280
9,14417421,38280
10,14899744,38280
11,14578070,38280
2,-12,234,458,38280
1,14991714,38320
9,14412967,38320
10,14893455,38320
11,14574365,38320
2,-11,234,457,38320
1,14988654,38360
9,14411301,38360
10,14889544,38360
11,14572562,38360
2,-9,233,458,38360
1002,112,38360,1787824890856
1004,534,38360,1787824890856
1004,540,38360,1787824890856
101,111,112,0,38360,1787824891756
222,0,sqi=100
101,111,112,0,38360,1787824891834
222,0,sqi=100
1,14989471,38400
9,14411368,38400
10,14887640,38400
11,14571951,38400
2,-11,235,456,38400
1,14990423,38440
9,14411674,38440
10,14886212,38440
11,14572188,38440
2,-11,235,457,38440
1,14991816,38480
9,14412082,38480
10,14885940,38480
11,14572562,38480
2,-10,235,459,38480
1,14993007,38520
9,14413306,38520
10,14885431,38520
11,14572698,38520
2,-11,235,456,38520
1,14995523,38560
9,14414837,38560
10,14885056,38560
11,14573242,38560
2,-10,233,459,38560
1,14997869,38600
9,14416707,38600
10,14885090,38600
11,14573922,38600
2,-13,234,456,38600
1,14999909,38640
9,14418576,38640
10,14885804,38640
11,14574432,38640
2,-10,236,458,38640
1,15002323,38680
9,14420617,38680
10,14886688,38680
11,14575690,38680
2,-11,234,458,38680
1,14998344,38720
9,14416808,38720
10,14884479,38720
11,14572155,38720
2,-12,236,458,38720
1,14987498,38760
9,14409668,38760
10,14877543,38760
11,14565049,38760
2,-12,235,457,38760
1,14975700,38800
9,14402630,38800
10,14868703,38800
11,14557365,38800
2,-11,236,456,38800
1,14964820,38840
9,14395660,38840
10,14861222,38840
11,14551789,38840
2,-10,236,456,38840
1,14956966,38880
9,14391071,38880
10,14855953,38880
11,14548218,38880
2,-9,236,458,38880
1,14953226,38920
9,14389506,38920
10,14851906,38920
11,14545499,38920
2,-12,233,457,38920
1,14951730,38960
9,14389473,38960
10,14848915,38960
11,14543662,38960
2,-12,237,457,38960
1,14953294,39000
9,14389915,39000
10,14845991,39000
11,14541453,39000
2,-10,234,457,39000
1,14952580,39040
9,14389404,39040
10,14844494,39040
11,14540738,39040
2,-11,237,458,39040
1,14952547,39080
9,14389302,39080
10,14842658,39080
11,14540127,39080
2,-10,236,458,39080
1,14952955,39120
9,14390084,39120
10,14842081,39120
11,14540399,39120
2,-11,235,457,39120
1,14953091,39160
9,14390492,39160
10,14841502,39160
11,14540297,39160
2,-10,237,457,39160
1,14955199,39200
9,14392057,39200
10,14841571,39200
11,14540671,39200
2,-11,234,456,39200
1,14954247,39240
9,14391104,39240
10,14840415,39240
11,14539718,39240
2,-10,237,457,39240
1,14943400,39280
9,14383421,39280
10,14834838,39280
11,14533190,39280
2,-11,232,457,39280
1,14931738,39320
9,14375771,39320
10,14827154,39320
11,14526663,39320
2,-10,237,458,39320
1,14921198,39360
9,14368936,39360
10,14819607,39360
11,14520373,39360
2,-12,234,457,39360
1,14913821,39400
9,14364347,39400
10,14813861,39400
11,14516633,39400
2,-10,236,457,39400
1,14909536,39440
9,14361117,39440
10,14809917,39440
11,14513470,39440
2,-12,235,459,39440
1,14908925,39480
9,14360301,39480
10,14807469,39480
11,14512824,39480
2,-10,237,458,39480
1,14909536,39520
9,14360743,39520
10,14806143,39520
11,14512417,39520
2,-11,233,455,39520
1,14910760,39560
9,14361218,39560
10,14805666,39560
11,14512417,39560
2,-10,238,458,39560
1,14912120,39600
9,14362103,39600
10,14805496,39600
11,14512519,39600
2,-11,235,458,39600
1,14914603,39640
9,14363122,39640
10,14805530,39640
11,14512553,39640
2,-10,237,459,39640
1,14916711,39680
9,14364891,39680
10,14805157,39680
11,14512927,39680
2,-10,233,457,39680
1,14919839,39720
9,14367066,39720
10,14805394,39720
11,14513470,39720
2,-9,237,457,39720
1,14922321,39760
9,14368393,39760
10,14806109,39760
11,14514219,39760
2,-10,235,457,39760
1,14917085,39800
9,14363700,39800
10,14803082,39800
11,14510173,39800
2,-11,235,457,39800
1,14905048,39840
9,14355711,39840
10,14796623,39840
11,14503236,39840
2,-10,237,458,39840
1,14892945,39880
9,14348502,39880
10,14788735,39880
11,14496470,39880
2,-10,235,458,39880
1,14885567,39920
9,14343130,39920
10,14782751,39920
11,14491812,39920
2,-10,234,458,39920
1,14879276,39960
9,14339731,39960
10,14777549,39960
11,14488073,39960
2,-10,234,457,39960
1002,112,39360,1787824892064
1004,555,39360,1787824892064
1004,552,39360,1787824892065
1002,111,39960,1787824892890
1004,532,39960,1787824892891
101,111,111,0,39960,1787824893352
222,0,sqi=100
1,14878052,40000
9,14339560,40000
10,14774624,40000
11,14486440,40000
2,-10,237,458,40000
1,14879209,40040
9,14340377,40040
10,14773571,40040
11,14485625,40040
2,-11,233,458,40040
1,14881521,40080
9,14341532,40080
10,14773503,40080
11,14486406,40080
2,-11,237,457,40080
1,14883696,40120
9,14343097,40120
10,14773265,40120
11,14486406,40120
2,-12,234,458,40120
1,14886621,40160
9,14345238,40160
10,14773877,40160
11,14487018,40160
2,-10,233,458,40160
1,14890327,40200
9,14348128,40200
10,14775134,40200
11,14487868,40200
2,-10,237,459,40200
1,14894543,40240
9,14350747,40240
10,14776461,40240
11,14489908,40240
2,-9,232,458,40240
1,14899030,40280
9,14353943,40280
10,14778909,40280
11,14491812,40280
2,-10,238,457,40280
1,14899574,40320
9,14353909,40320
10,14779384,40320
11,14491302,40320
2,-9,234,458,40320
1,14890667,40360
9,14347584,40360
10,14774999,40360
11,14486067,40360
2,-12,236,460,40360
1,14880398,40400
9,14341499,40400
10,14769661,40400
11,14480049,40400
2,-11,235,458,40400
1,14873055,40440
9,14336806,40440
10,14763812,40440
11,14475424,40440
2,-11,233,458,40440
1,14867887,40480
9,14334223,40480
10,14759903,40480
11,14471888,40480
2,-9,234,458,40480
1,14865982,40520
9,14333237,40520
10,14757115,40520
11,14470053,40520
2,-11,233,458,40520
1,14867003,40560
9,14334665,40560
10,14756366,40560
11,14469747,40560
2,-11,233,457,40560
1,14869723,40600
9,14336602,40600
10,14757115,40600
11,14469883,40600
2,-10,235,457,40600
1,14872511,40640
9,14338404,40640
10,14758032,40640
11,14470597,40640
2,-9,237,457,40640
1,14875876,40680
9,14341227,40680
10,14759188,40680
11,14471039,40680
2,-12,237,458,40680
1,14879107,40720
9,14343505,40720
10,14760514,40720
11,14472568,40720
2,-11,231,456,40720
1,14883424,40760
9,14347040,40760
10,14762045,40760
11,14473419,40760
2,-11,235,458,40760
1,14886994,40800
9,14350134,40800
10,14763847,40800
11,14475322,40800
2,-13,240,456,40800
1,14890292,40840
9,14352752,40840
10,14766158,40840
11,14476615,40840
2,-9,237,453,40840
1,14883765,40880
9,14347551,40880
10,14763779,40880
11,14472568,40880
2,-14,232,460,40880
1,14873836,40920
9,14341532,40920
10,14758509,40920
11,14466143,40920
2,-13,240,459,40920
1,14864759,40960
9,14336364,40960
10,14752626,40960
11,14460363,40960
2,-14,225,459,40960
1,14859013,41000
9,14333406,41000
10,14747221,41000
11,14456249,41000
2,-10,235,455,41000
1,14855443,41040
9,14331809,41040
10,14744126,41040
11,14453460,41040
2,-7,239,456,41040
1,14856700,41080
9,14332726,41080
10,14743072,41080
11,14452815,41080
2,-9,250,458,41080
1,14859285,41120
9,14335208,41120
10,14743276,41120
11,14453052,41120
2,-16,223,458,41120
1,14861460,41160
9,14336875,41160
10,14743412,41160
11,14453019,41160
2,-10,231,457,41160
1,14863704,41200
9,14338642,41200
10,14744330,41200
11,14453563,41200
2,-11,244,457,41200
1,14866221,41240
9,14340954,41240
10,14745351,41240
11,14454005,41240
2,-13,236,459,41240
1,14869111,41280
9,14343539,41280
10,14746676,41280
11,14455126,41280
2,-10,234,459,41280
1,14872408,41320
9,14346428,41320
10,14748105,41320
11,14456453,41320
2,-10,231,459,41320
1,14876455,41360
9,14348843,41360
10,14750178,41360
11,14458322,41360
2,-12,239,458,41360
1,14877645,41400
9,14349217,41400
10,14751097,41400
11,14458254,41400
2,-12,236,458,41400
1,14868430,41440
9,14342893,41440
10,14746643,41440
11,14452134,41440
2,-10,236,457,41440
1,14858298,41480
9,14337249,41480
10,14740523,41480
11,14445708,41480
2,-12,232,458,41480
1,14850343,41520
9,14332387,41520
10,14734708,41520
11,14440235,41520
2,-12,238,458,41520
1,14845855,41560
9,14329666,41560
10,14730765,41560
11,14436325,41560
2,-11,232,459,41560
1002,111,41560,1787824894078
1004,546,41560,1787824894078
1004,534,41560,1787824894100
1002,111,41560,1787824894897
1004,538,41560,1787824894897
1004,541,41560,1787824894897
101,111,111,0,41560,1787824894945
222,0,sqi=100
101,111,111,0,41560,1787824895018
222,0,sqi=100
1,14842862,41600
9,14328273,41600
10,14728010,41600
11,14433231,41600
2,-10,235,457,41600
1,14843542,41640
9,14328613,41640
10,14726412,41640
11,14431938,41640
2,-10,232,458,41640
1,14844800,41680
9,14328918,41680
10,14726140,41680
11,14431020,41680
2,-12,238,458,41680
1,14846365,41720
9,14329939,41720
10,14725868,41720
11,14430749,41720
2,-10,236,456,41720
1,14846909,41760
9,14330789,41760
10,14725800,41760
11,14430816,41760
2,-9,234,456,41760
1,14848745,41800
9,14332149,41800
10,14725699,41800
11,14430442,41800
2,-10,236,459,41800
1,14850309,41840
9,14333474,41840
10,14726242,41840
11,14431088,41840
2,-12,234,459,41840
1,14852893,41880
9,14335413,41880
10,14727058,41880
11,14431701,41880
2,-10,236,458,41880
1,14853539,41920
9,14335549,41920
10,14727262,41920
11,14431088,41920
2,-13,235,458,41920
1,14843848,41960
9,14328646,41960
10,14722639,41960
11,14425376,41960
2,-10,238,457,41960
1,14831711,42000
9,14321098,42000
10,14715975,42000
11,14417386,42000
2,-11,237,458,42000
1,14821714,42040
9,14314400,42040
10,14709209,42040
11,14410620,42040
2,-12,231,457,42040
1,14815356,42080
9,14310389,42080
10,14704176,42080
11,14405657,42080
2,-10,237,455,42080
1,14811514,42120
9,14307635,42120
10,14700232,42120
11,14401916,42120
2,-11,234,454,42120
1,14811106,42160
9,14307363,42160
10,14698872,42160
11,14400488,42160
2,-9,232,455,42160
1,14812263,42200
9,14307703,42200
10,14698431,42200
11,14400115,42200
2,-10,236,457,42200
1,14813452,42240
9,14307906,42240
10,14697887,42240
11,14399265,42240
2,-11,233,458,42240
1,14814949,42280
9,14308518,42280
10,14697546,42280
11,14399401,42280
2,-12,238,456,42280
1,14816784,42320
9,14309811,42320
10,14698090,42320
11,14399026,42320
2,-11,235,459,42320
1,14818518,42360
9,14310661,42360
10,14699042,42360
11,14399536,42360
2,-12,235,456,42360
1,14821613,42400
9,14312598,42400
10,14699858,42400
11,14400488,42400
2,-12,235,457,42400
1,14821578,42440
9,14311884,42440
10,14700266,42440
11,14399230,42440
2,-11,236,456,42440
1,14811786,42480
9,14304710,42480
10,14695234,42480
11,14392464,42480
2,-10,234,458,42480
1,14799784,42520
9,14297434,42520
10,14688605,42520
11,14384781,42520
2,-10,235,459,42520
1,14790196,42560
9,14290702,42560
10,14682485,42560
11,14378151,42560
2,-9,237,457,42560
1,14783702,42600
9,14286282,42600
10,14676942,42600
11,14372235,42600
2,-12,235,457,42600
1,14779793,42640
9,14283053,42640
10,14673271,42640
11,14368699,42640
2,-12,236,458,42640
1,14779929,42680
9,14282780,42680
10,14671434,42680
11,14367202,42680
2,-10,235,457,42680
1,14780473,42720
9,14283053,42720
10,14670653,42720
11,14366115,42720
2,-11,236,457,42720
1,14782648,42760
9,14283427,42760
10,14670516,42760
11,14366285,42760
2,-11,238,456,42760
1,14783941,42800
9,14283902,42800
10,14670381,42800
11,14365707,42800
2,-11,236,456,42800
1,14786151,42840
9,14285568,42840
10,14671265,42840
11,14365944,42840
2,-10,237,456,42840
1,14788667,42880
9,14287133,42880
10,14672386,42880
11,14366761,42880
2,-12,236,458,42880
1,14792033,42920
9,14289955,42920
10,14673882,42920
11,14368597,42920
2,-11,236,457,42920
1,14795364,42960
9,14291825,42960
10,14675413,42960
11,14369276,42960
2,-9,239,457,42960
1,14789925,43000
9,14287200,43000
10,14672352,43000
11,14364448,43000
2,-9,234,457,43000
1,14779452,43040
9,14280435,43040
10,14667287,43040
11,14357581,43040
2,-11,236,457,43040
1,14770103,43080
9,14274416,43080
10,14660996,43080
11,14350236,43080
2,-9,235,458,43080
1,14763711,43120
9,14270166,43120
10,14656066,43120
11,14345035,43120
2,-12,236,459,43120
1,14760957,43160
9,14267719,43160
10,14652836,43160
11,14341056,43160
2,-9,239,456,43160
1002,111,43160,1787824895724
1004,525,43160,1787824895725
1004,519,43160,1787824895726
101,111,111,0,43160,1787824896577
222,0,sqi=100
1,14760650,43200
9,14267616,43200
10,14651204,43200
11,14339493,43200
2,-9,236,457,43200
1,14762963,43240
9,14268263,43240
10,14651103,43240
11,14339220,43240
2,-11,236,458,43240
1,14765648,43280
9,14270064,43280
10,14651749,43280
11,14339662,43280
2,-9,238,456,43280
1,14768369,43320
9,14272410,43320
10,14652939,43320
11,14340070,43320
2,-11,236,456,43320
1,14771972,43360
9,14274518,43360
10,14653652,43360
11,14341056,43360
2,-10,237,457,43360
1,14776223,43400
9,14277952,43400
10,14656407,43400
11,14342757,43400
2,-12,237,458,43400
1,14781016,43440
9,14281692,43440
10,14658753,43440
11,14344966,43440
2,-10,237,457,43440
1,14786185,43480
9,14285331,43480
10,14661166,43480
11,14346939,43480
2,-11,238,455,43480
1,14787783,43520
9,14286146,43520
10,14662459,43520
11,14347142,43520
2,-9,236,457,43520
1,14780098,43560
9,14280639,43560
10,14659670,43560
11,14341465,43560
2,-10,234,458,43560
1,14769864,43600
9,14274655,43600
10,14655455,43600
11,14334902,43600
2,-10,235,455,43600
1,14763167,43640
9,14270677,43640
10,14650252,43640
11,14329360,43640
2,-10,240,456,43640
1,14759086,43680
9,14267651,43680
10,14647329,43680
11,14325280,43680
2,-11,234,458,43680
1,14758509,43720
9,14267311,43720
10,14645322,43720
11,14323343,43720
2,-11,235,457,43720
1,14760855,43760
9,14268602,43760
10,14645186,43760
11,14323648,43760
2,-10,235,456,43760
1,14764221,43800
9,14271323,43800
10,14646955,43800
11,14324668,43800
2,-12,234,460,43800
1,14768063,43840
9,14273634,43840
10,14648689,43840
11,14325382,43840
2,-11,235,457,43840
1,14772312,43880
9,14276321,43880
10,14650457,43880
11,14326606,43880
2,-10,236,457,43880
1,14776461,43920
9,14279652,43920
10,14653007,43920
11,14329089,43920
2,-12,233,458,43920
1,14781561,43960
9,14283868,43960
10,14655931,43960
11,14331469,43960
2,-11,238,457,43960
1,14786661,44000
9,14287983,44000
10,14659161,44000
11,14333916,44000
2,-12,234,459,44000
1,14792508,44040
9,14292164,44040
10,14662833,44040
11,14337214,44040
2,-11,236,457,44040
1,14791829,44080
9,14291179,44080
10,14663614,44080
11,14335855,44080
2,-10,237,457,44080
1,14782853,44120
9,14285467,44120
10,14660350,44120
11,14330210,44120
2,-10,236,456,44120
1,14774387,44160
9,14280264,44160
10,14656237,44160
11,14324872,44160
2,-12,235,457,44160
1,14769218,44200
9,14277137,44200
10,14652803,44200
11,14320384,44200
2,-12,237,457,44200
1,14766023,44240
9,14275097,44240
10,14650286,44240
11,14317971,44240
2,-11,235,457,44240
1,14767008,44280
9,14275675,44280
10,14649742,44280
11,14316916,44280
2,-11,236,459,44280
1,14770205,44320
9,14278292,44320
10,14650830,44320
11,14318175,44320
2,-10,236,456,44320
1,14774454,44360
9,14280808,44360
10,14652700,44360
11,14320078,44360
2,-10,237,458,44360
1,14778535,44400
9,14283902,44400
10,14654128,44400
11,14322016,44400
2,-12,237,457,44400
1,14782342,44440
9,14286249,44440
10,14656407,44440
11,14323785,44440
2,-11,235,456,44440
1,14786287,44480
9,14289818,44480
10,14658412,44480
11,14326097,44480
2,-11,239,456,44480
1,14790231,44520
9,14293219,44520
10,14661404,44520
11,14328205,44520
2,-11,234,457,44520
1,14795807,44560
9,14297299,44560
10,14664498,44560
11,14331061,44560
2,-9,237,457,44560
1,14799648,44600
9,14300325,44600
10,14667660,44600
11,14333576,44600
2,-10,237,458,44600
1,14796384,44640
9,14297706,44640
10,14667014,44640
11,14330891,44640
2,-10,236,456,44640
1,14786593,44680
9,14291382,44680
10,14663105,44680
11,14325008,44680
2,-11,237,456,44680
1,14777787,44720
9,14286384,44720
10,14658412,44720
11,14319806,44720
2,-14,235,457,44720
1,14771769,44760
9,14282712,44760
10,14655012,44760
11,14315964,44760
2,-11,236,458,44760
1002,113,44760,1787824896928
1004,536,44760,1787824896928
1004,541,44760,1787824896928
1002,112,44760,1787824897742
1004,550,44760,1787824897742
1004,551,44760,1787824897743
101,112,112,0,44760,1787824898196
222,0,sqi=100
101,112,112,0,44760,1787824898250
222,0,sqi=100
1,14769082,44800
9,14280672,44800
10,14652734,44800
11,14313211,44800
2,-11,233,458,44800
1,14769218,44840
9,14280333,44840
10,14651612,44840
11,14312496,44840
2,-9,242,457,44840
1,14770714,44880
9,14281454,44880
10,14651408,44880
11,14312768,44880
2,-12,233,457,44880
1,14772925,44920
9,14282373,44920
10,14652394,44920
11,14313177,44920
2,-10,237,457,44920
1,14775101,44960
9,14283393,44960
10,14652939,44960
11,14314094,44960
2,-11,236,457,44960
1,14777242,45000
9,14284787,45000
10,14653823,45000
11,14315251,45000
2,-10,235,457,45000
1,14779793,45040
9,14287234,45040
10,14655387,45040
11,14316509,45040
2,-13,237,456,45040
1,14782887,45080
9,14289240,45080
10,14656781,45080
11,14317971,45080
2,-12,238,457,45080
1,14786321,45120
9,14291518,45120
10,14659126,45120
11,14320010,45120
2,-10,234,456,45120
1,14787408,45160
9,14292164,45160
10,14659943,45160
11,14320316,45160
2,-11,237,457,45160
1,14779010,45200
9,14284990,45200
10,14656237,45200
11,14315319,45200
2,-10,234,456,45200
1,14768810,45240
9,14279108,45240
10,14651544,45240
11,14309640,45240
2,-10,236,458,45240
1,14761364,45280
9,14273499,45280
10,14647872,45280
11,14304744,45280
2,-12,238,457,45280
1,14756638,45320
9,14270677,45320
10,14644847,45320
11,14302024,45320
2,-11,236,457,45320
1,14755686,45360
9,14269827,45360
10,14643623,45360
11,14300460,45360
2,-12,236,457,45360
1,14756537,45400
9,14269793,45400
10,14643078,45400
11,14300358,45400
2,-10,237,455,45400
1,14758815,45440
9,14270472,45440
10,14643554,45440
11,14301106,45440
2,-11,237,456,45440
1,14760855,45480
9,14271765,45480
10,14644370,45480
11,14301889,45480
2,-9,235,454,45480
1,14763371,45520
9,14272954,45520
10,14645594,45520
11,14303113,45520
2,-9,237,457,45520
1,14765717,45560
9,14274178,45560
10,14646649,45560
11,14304575,45560
2,-9,236,457,45560
1,14768674,45600
9,14276219,45600
10,14648417,45600
11,14306070,45600
2,-10,235,460,45600
1,14771802,45640
9,14278225,45640
10,14650150,45640
11,14308621,45640
2,-11,237,457,45640
1,14774319,45680
9,14279176,45680
10,14652123,45680
11,14309640,45680
2,-11,239,458,45680
1,14766702,45720
9,14273669,45720
10,14649606,45720
11,14305254,45720
2,-12,234,457,45720
1,14757352,45760
9,14266971,45760
10,14645866,45760
11,14299508,45760
2,-12,236,459,45760
1,14749940,45800
9,14261701,45800
10,14641855,45800
11,14294953,45800
2,-9,236,457,45800
1,14745214,45840
9,14258538,45840
10,14639440,45840
11,14291655,45840
2,-9,235,459,45840
1,14743548,45880
9,14256600,45880
10,14637265,45880
11,14289546,45880
2,-10,234,457,45880
1,14744365,45920
9,14256295,45920
10,14637434,45920
11,14289649,45920
2,-10,237,456,45920
1,14747357,45960
9,14257791,45960
10,14638591,45960
11,14290091,45960
2,-12,238,458,45960
1,14750314,46000
9,14259525,46000
10,14639848,46000
11,14291179,46000
2,-10,232,456,46000
1,14752626,46040
9,14260544,46040
10,14640869,46040
11,14291994,46040
2,-11,239,457,46040
1,14756163,46080
9,14262483,46080
10,14642534,46080
11,14293729,46080
2,-13,232,458,46080
1,14760175,46120
9,14265168,46120
10,14644609,46120
11,14295803,46120
2,-9,239,458,46120
1,14764085,46160
9,14267820,46160
10,14646615,46160
11,14298080,46160
2,-9,238,456,46160
1,14769014,46200
9,14271356,46200
10,14649437,46200
11,14300766,46200
2,-9,234,457,46200
1,14769321,46240
9,14270506,46240
10,14650082,46240
11,14300427,46240
2,-12,237,458,46240
1,14761875,46280
9,14264896,46280
10,14647975,46280
11,14296210,46280
2,-10,233,458,46280
1,14755788,46320
9,14260851,46320
10,14645424,46320
11,14291655,46320
2,-11,236,458,46320
1,14750960,46360
9,14257349,46360
10,14642534,46360
11,14287881,46360
2,-9,235,458,46360
1002,111,46360,1787824898943
1004,538,46360,1787824898943
1004,527,46360,1787824898987
101,111,111,0,46360,1787824899746
222,0,sqi=100
101,111,111,0,46360,1787824899833
222,0,sqi=100
1,14748410,46400
9,14255445,46400
10,14640971,46400
11,14284889,46400
2,-11,234,457,46400
1,14747323,46440
9,14254594,46440
10,14640086,46440
11,14283324,46440
2,-11,236,458,46440
1,14748615,46480
9,14255309,46480
10,14640733,46480
11,14283733,46480
2,-10,236,457,46480
1,14752218,46520
9,14257179,46520
10,14642297,46520
11,14284956,46520
2,-10,235,459,46520
1,14755483,46560
9,14258573,46560
10,14643350,46560
11,14286044,46560
2,-12,237,457,46560
1,14758611,46600
9,14260817,46600
10,14645322,46600
11,14287336,46600
2,-11,235,458,46600
1,14762656,46640
9,14263604,46640
10,14647975,46640
11,14289512,46640
2,-9,233,455,46640
1,14767076,46680
9,14266767,46680
10,14651035,46680
11,14292029,46680
2,-10,237,459,46680
1,14771972,46720
9,14270609,46720
10,14653618,46720
11,14294748,46720
2,-10,235,458,46720
1,14776698,46760
9,14273464,46760
10,14657019,46760
11,14296993,46760
2,-10,235,456,46760
1,14773604,46800
9,14270337,46800
10,14656509,46800
11,14294680,46800
2,-11,232,458,46800
1,14766464,46840
9,14265271,46840
10,14654333,46840
11,14289921,46840
2,-10,238,457,46840
1,14760209,46880
9,14261837,46880
10,14651681,46880
11,14285636,46880
2,-11,235,458,46880
1,14756945,46920
9,14259389,46920
10,14649981,46920
11,14282610,46920
2,-10,235,458,46920
1,14755074,46960
9,14258641,46960
10,14648689,46960
11,14281149,46960
2,-12,233,459,46960
1,14756774,47000
9,14259218,47000
10,14649267,47000
11,14280842,47000
2,-11,236,458,47000
1,14759937,47040
9,14262075,47040
10,14650491,47040
11,14281998,47040
2,-10,235,458,47040
1,14763031,47080
9,14264047,47080
10,14652565,47080
11,14283630,47080
2,-11,233,457,47080
1,14767178,47120
9,14266733,47120
10,14654537,47120
11,14285467,47120
2,-9,237,453,47120
1,14771904,47160
9,14269589,47160
10,14656713,47160
11,14286963,47160
2,-11,233,456,47160
1,14776529,47200
9,14272716,47200
10,14659670,47200
11,14289240,47200
2,-12,235,459,47200
1,14782071,47240
9,14276966,47240
10,14662696,47240
11,14292062,47240
2,-11,236,456,47240
1,14787748,47280
9,14281250,47280
10,14665893,47280
11,14294714,47280
2,-10,233,459,47280
1,14791488,47320
9,14283427,47320
10,14668476,47320
11,14296754,47320
2,-10,237,456,47320
1,14786695,47360
9,14279959,47360
10,14667524,47360
11,14293219,47360
2,-11,233,458,47360
1,14780268,47400
9,14275811,47400
10,14665383,47400
11,14289478,47400
2,-11,236,457,47400
1,14775746,47440
9,14273600,47440
10,14663036,47440
11,14285093,47440
2,-12,236,458,47440
1,14773027,47480
9,14272173,47480
10,14661303,47480
11,14282338,47480
2,-10,235,459,47480
1,14772108,47520
9,14271697,47520
10,14660759,47520
11,14281080,47520
2,-12,236,458,47520
1,14774353,47560
9,14272580,47560
10,14661507,47560
11,14281284,47560
2,-11,236,458,47560
1,14777379,47600
9,14274824,47600
10,14662119,47600
11,14282440,47600
2,-12,235,456,47600
1,14780302,47640
9,14276593,47640
10,14663580,47640
11,14282883,47640
2,-10,236,458,47640
1,14783702,47680
9,14278871,47680
10,14665111,47680
11,14284276,47680
2,-12,235,457,47680
1,14786423,47720
9,14281149,47720
10,14666402,47720
11,14285908,47720
2,-10,235,457,47720
1,14789550,47760
9,14283630,47760
10,14668511,47760
11,14287234,47760
2,-10,235,458,47760
1,14794038,47800
9,14286759,47800
10,14670585,47800
11,14289546,47800
2,-10,234,458,47800
1,14798084,47840
9,14290431,47840
10,14673407,47840
11,14292096,47840
2,-11,237,458,47840
1,14797302,47880
9,14288187,47880
10,14672999,47880
11,14290634,47880
2,-10,235,458,47880
1,14789177,47920
9,14282576,47920
10,14669632,47920
11,14285874,47920
2,-12,238,458,47920
1,14782818,47960
9,14278905,47960
10,14667354,47960
11,14281454,47960
2,-10,234,457,47960
1002,111,47960,1787824900573
1004,546,47960,1787824900574
1002,111,47960,1787824900969
1004,543,47960,1787824900969
1004,548,47960,1787824900969
101,111,111,0,47960,1787824901362
222,0,sqi=100
1,14778093,48000
9,14276763,48000
10,14664498,48000
11,14277612,48000
2,-10,236,457,48000
1,14775815,48040
9,14274791,48040
10,14663036,48040
11,14275334,48040
2,-11,236,456,48040
1,14775236,48080
9,14275063,48080
10,14662561,48080
11,14274383,48080
2,-11,238,457,48080
1,14777957,48120
9,14276150,48120
10,14663172,48120
11,14274757,48120
2,-10,235,458,48120
1,14780608,48160
9,14277443,48160
10,14663989,48160
11,14275912,48160
2,-11,237,457,48160
1,14782989,48200
9,14278395,48200
10,14665349,48200
11,14277239,48200
2,-9,237,458,48200
1,14785641,48240
9,14280264,48240
10,14666436,48240
11,14277919,48240
2,-11,235,456,48240
1,14788802,48280
9,14281284,48280
10,14667694,48280
11,14279210,48280
2,-11,237,457,48280
1,14792169,48320
9,14283800,48320
10,14670143,48320
11,14281318,48320
2,-11,237,456,48320
1,14796656,48360
9,14286452,48360
10,14672013,48360
11,14283324,48360
2,-11,235,458,48360
1,14796894,48400
9,14285976,48400
10,14672829,48400
11,14282849,48400
2,-11,237,456,48400
1,14789380,48440
9,14280605,48440
10,14670278,48440
11,14277748,48440
2,-11,235,456,48440
1,14783567,48480
9,14275912,48480
10,14667899,48480
11,14273091,48480
2,-10,237,456,48480
1,14777719,48520
9,14272750,48520
10,14665518,48520
11,14269418,48520
2,-10,234,457,48520
1,14775168,48560
9,14270778,48560
10,14664226,48560
11,14266733,48560
2,-10,237,458,48560
1,14773707,48600
9,14269996,48600
10,14663513,48600
11,14265066,48600
2,-11,237,456,48600
1,14774999,48640
9,14270303,48640
10,14663444,48640
11,14264965,48640
2,-9,236,457,48640
1,14777141,48680
9,14271560,48680
10,14664498,48680
11,14264999,48680
2,-11,237,458,48680
1,14780098,48720
9,14272682,48720
10,14664974,48720
11,14264047,48720
2,-11,236,457,48720
1,14781663,48760
9,14274077,48760
10,14664600,48760
11,14262210,48760
2,-9,235,457,48760
1,14782173,48800
9,14273770,48800
10,14664294,48800
11,14260170,48800
2,-9,237,457,48800
1,14781798,48840
9,14273124,48840
10,14665042,48840
11,14259354,48840
2,-12,235,457,48840
1,14783091,48880
9,14273532,48880
10,14667014,48880
11,14260511,48880
2,-10,239,457,48880
1,14787239,48920
9,14275811,48920
10,14667966,48920
11,14261701,48920
2,-11,237,458,48920
1,14785947,48960
9,14273532,48960
10,14667627,48960
11,14259491,48960
2,-10,236,456,48960
1,14780506,49000
9,14269554,49000
10,14665042,49000
11,14254901,49000
2,-10,234,458,49000
1,14774319,49040
9,14267141,49040
10,14662968,49040
11,14250583,49040
2,-12,239,456,49040
1,14771802,49080
9,14265406,49080
10,14660521,49080
11,14245992,49080
2,-10,234,457,49080
1,14768946,49120
9,14263877,49120
10,14658651,49120
11,14242116,49120
2,-10,238,457,49120
1,14765784,49160
9,14262415,49160
10,14656849,49160
11,14239362,49160
2,-10,236,457,49160
1,14765274,49200
9,14262210,49200
10,14657358,49200
11,14239226,49200
2,-11,237,457,49200
1,14769014,49240
9,14263468,49240
10,14657733,49240
11,14239430,49240
2,-10,236,458,49240
1,14773571,49280
9,14265645,49280
10,14658991,49280
11,14239940,49280
2,-11,236,456,49280
1,14778025,49320
9,14267549,49320
10,14660963,49320
11,14241266,49320
2,-10,236,459,49320
1,14781969,49360
9,14270506,49360
10,14663036,49360
11,14242660,49360
2,-10,236,459,49360
1,14786626,49400
9,14273328,49400
10,14665314,49400
11,14244871,49400
2,-11,234,457,49400
1,14791114,49440
9,14276456,49440
10,14667150,49440
11,14245687,49440
2,-9,236,457,49440
1,14792916,49480
9,14278429,49480
10,14668170,49480
11,14246162,49480
2,-10,234,457,49480
1,14789041,49520
9,14274620,49520
10,14666879,49520
11,14243068,49520
2,-10,237,456,49520
1,14780337,49560
9,14269112,49560
10,14663649,49560
11,14237153,49560
2,-10,236,456,49560
1002,111,49560,1787824901768
1004,542,49560,1787824901768
1004,529,49560,1787824901779
101,111,111,0,49560,1787824902946
222,0,sqi=100
1002,111,49560,1787824903013
1004,551,49560,1787824903013
1004,551,49560,1787824903014
101,111,111,0,49560,1787824903014
222,0,sqi=100
1,14772619,49600
9,14264285,49600
10,14660487,49600
11,14232154,49600
2,-13,234,457,49600
1,14768165,49640
9,14262143,49640
10,14657902,49640
11,14227802,49640
2,-11,236,457,49640
1,14764798,49680
9,14260069,49680
10,14655387,49680
11,14224844,49680
2,-12,235,458,49680
1,14763404,49720
9,14259048,49720
10,14654196,49720
11,14222737,49720
2,-12,235,458,49720
1,14765070,49760
9,14260307,49760
10,14654298,49760
11,14222702,49760
2,-11,235,457,49760
1,14767655,49800
9,14261055,49800
10,14654265,49800
11,14222668,49800
2,-11,237,458,49800
1,14769457,49840
9,14261938,49840
10,14654740,49840
11,14222634,49840
2,-11,236,458,49840
1,14771972,49880
9,14262754,49880
10,14656407,49880
11,14223552,49880
2,-13,236,460,49880
1,14775746,49920
9,14264590,49920
10,14657257,49920
11,14225083,49920
2,-12,237,459,49920
1,14780642,49960
9,14266902,49960
10,14659398,49960
11,14226748,49960
2,-10,237,456,49960
1,14785811,50000
9,14270166,50000
10,14661915,50000
11,14229639,50000
2,-11,231,459,50000
1,14787578,50040
9,14270439,50040
10,14662662,50040
11,14229570,50040
2,-11,237,458,50040
1,14779045,50080
9,14264353,50080
10,14660521,50080
11,14224981,50080
2,-13,237,456,50080
1,14773435,50120
9,14260544,50120
10,14659126,50120
11,14220730,50120
2,-12,235,457,50120
1,14770613,50160
9,14259253,50160
10,14657902,50160
11,14217058,50160
2,-11,237,458,50160
1,14769321,50200
9,14258437,50200
10,14656781,50200
11,14214849,50200
2,-11,237,459,50200
1,14767111,50240
9,14257655,50240
10,14655897,50240
11,14212707,50240
2,-10,234,457,50240
1,14766805,50280
9,14257281,50280
10,14655863,50280
11,14212163,50280
2,-11,236,454,50280
1,14769287,50320
9,14257960,50320
10,14656237,50320
11,14212128,50320
2,-11,236,456,50320
1,14774931,50360
9,14260783,50360
10,14658073,50360
11,14213217,50360
2,-10,234,459,50360
1,14780914,50400
9,14264658,50400
10,14659977,50400
11,14214576,50400
2,-12,235,456,50400
1,14785607,50440
9,14267820,50440
10,14661948,50440
11,14216072,50440
2,-10,239,458,50440
1,14790502,50480
9,14270880,50480
10,14664805,50480
11,14218181,50480
2,-11,237,457,50480
1,14795874,50520
9,14274416,50520
10,14667932,50520
11,14221240,50520
2,-10,232,457,50520
1,14802675,50560
9,14279006,50560
10,14672115,50560
11,14225015,50560
2,-10,236,457,50560
1,14807298,50600
9,14281420,50600
10,14675276,50600
11,14226919,50600
2,-10,239,457,50600
1,14805938,50640
9,14280162,50640
10,14675957,50640
11,14226137,50640
2,-12,235,456,50640
1,14803320,50680
9,14279789,50680
10,14676296,50680
11,14224233,50680
2,-12,239,457,50680
1,14802675,50720
9,14280298,50720
10,14677826,50720
11,14223790,50720
2,-11,234,458,50720
1,14804238,50760
9,14282474,50760
10,14679561,50760
11,14224640,50760
2,-10,233,458,50760
1,14807366,50800
9,14285297,50800
10,14681532,50800
11,14225491,50800
2,-20,239,453,50800
1,14813045,50840
9,14290091,50840
10,14684117,50840
11,14227190,50840
2,-12,230,460,50840
1,14818689,50880
9,14293797,50880
10,14687381,50880
11,14229978,50880
2,-12,226,464,50880
1,14824503,50920
9,14297536,50920
10,14690781,50920
11,14232528,50920
2,-11,230,463,50920
1,14830555,50960
9,14301957,50960
10,14694895,50960
11,14235826,50960
2,-11,223,456,50960
1,14837559,51000
9,14307022,51000
10,14698770,51000
11,14239261,51000
2,-9,242,457,51000
1,14844971,51040
9,14312292,51040
10,14703360,51040
11,14242932,51040
2,-8,249,452,51040
1,14852212,51080
9,14317902,51080
10,14708087,51080
11,14247488,51080
2,-10,240,455,51080
1,14860678,51120
9,14323411,51120
10,14712778,51120
11,14251501,51120
2,-12,235,453,51120
1,14864895,51160
9,14325790,51160
10,14716247,51160
11,14253099,51160
2,-9,252,457,51160
1002,110,51160,1787824903802
1004,541,51160,1787824903803
1004,559,51160,1787824903803
101,110,110,0,51160,1787824904539
222,0,sqi=100
1,14862242,51200
9,14324770,51200
10,14717470,51200
11,14251670,51200
2,-15,239,462,51200
1,14859047,51240
9,14323581,51240
10,14718219,51240
11,14250820,51240
2,-16,226,458,51240
1,14857686,51280
9,14324363,51280
10,14719783,51280
11,14250140,51280
2,-10,230,457,51280
1,14858196,51320
9,14326334,51320
10,14721823,51320
11,14250990,51320
2,-8,238,456,51320
1,14860203,51360
9,14327899,51360
10,14724542,51360
11,14252384,51360
2,-12,241,457,51360
1,14864248,51400
9,14330619,51400
10,14727704,51400
11,14255921,51400
2,-12,230,458,51400
1,14869179,51440
9,14333270,51440
10,14731784,51440
11,14259491,51440
2,-10,235,455,51440
1,14873972,51480
9,14334494,51480
10,14736170,51480
11,14264693,51480
2,-10,240,455,51480
1,14880228,51520
9,14336025,51520
10,14741168,51520
11,14271118,51520
2,-10,242,453,51520
1,14888456,51560
9,14340240,51560
10,14746098,51560
11,14278292,51560
2,-13,235,458,51560
1,14897466,51600
9,14344966,51600
10,14752151,51600
11,14284956,51600
2,-11,238,458,51600
1,14903824,51640
9,14350169,51640
10,14758474,51640
11,14290091,51640
2,-9,230,457,51640
1,14911474,51680
9,14356356,51680
10,14763847,51680
11,14295360,51680
2,-13,229,459,51680
1,14916643,51720
9,14360130,51720
10,14768504,51720
11,14297978,51720
2,-14,242,457,51720
1,14914126,51760
9,14358057,51760
10,14769287,51760
11,14295837,51760
2,-12,231,460,51760
1,14908585,51800
9,14356153,51800
10,14770205,51800
11,14292708,51800
2,-11,232,462,51800
1,14905559,51840
9,14354589,51840
10,14771666,51840
11,14291417,51840
2,-11,236,454,51840
1,14903621,51880
9,14353092,51880
10,14772789,51880
11,14289376,51880
2,-11,236,460,51880
1,14908278,51920
9,14351868,51920
10,14774013,51920
11,14290227,51920
2,-12,233,458,51920
1,14919601,51960
9,14352379,51960
10,14778943,51960
11,14292572,51960
2,-11,234,457,51960
1,14933439,52000
9,14352957,52000
10,14785776,52000
11,14296006,52000
2,-11,234,457,52000
1,14946902,52040
9,14350508,52040
10,14792679,52040
11,14297231,52040
2,-11,239,458,52040
1,14960945,52080
9,14346395,52080
10,14799513,52080
11,14297026,52080
2,-12,235,456,52080
1,14979237,52120
9,14336875,52120
10,14805055,52120
11,14294612,52120
2,-11,239,449,52120
1,14996848,52160
9,14325552,52160
10,14811854,52160
11,14290227,52160
2,-13,244,457,52160
1,15015923,52200
9,14314231,52200
10,14818485,52200
11,14285942,52200
2,-7,236,459,52200
1,15035337,52240
9,14303656,52240
10,14826032,52240
11,14281420,52240
2,-9,236,456,52240
1,15046148,52280
9,14289886,52280
10,14831098,52280
11,14273158,52280
2,-10,231,458,52280
1,15050160,52320
9,14275845,52320
10,14834975,52320
11,14263673,52320
2,-14,233,457,52320
1,15054172,52360
9,14264353,52360
10,14838578,52360
11,14254866,52360
2,-9,237,459,52360
1,15056756,52400
9,14256023,52400
10,14843338,52400
11,14247522,52400
2,-8,232,457,52400
1,15059952,52440
9,14251330,52440
10,14847861,52440
11,14243136,52440
2,-10,237,456,52440
1,15069030,52480
9,14248713,52480
10,14853334,52480
11,14241980,52480
2,-12,232,459,52480
1,15079196,52520
9,14250140,52520
10,14859829,52520
11,14243272,52520
2,-11,239,458,52520
1,15085214,52560
9,14254391,52560
10,14866629,52560
11,14244973,52560
2,-11,234,458,52560
1,15088479,52600
9,14263843,52600
10,14873768,52600
11,14248950,52600
2,-10,236,458,52600
1,15086302,52640
9,14278565,52640
10,14881384,52640
11,14255377,52640
2,-11,239,456,52640
1,15083345,52680
9,14293966,52680
10,14887436,52680
11,14262823,52680
2,-8,234,458,52680
1,15079536,52720
9,14307465,52720
10,14891346,52720
11,14269418,52720
2,-11,236,458,52720
1,15076238,52760
9,14319739,52760
10,14895053,52760
11,14275403,52760
2,-11,239,456,52760
1002,110,52760,1787824905015
1004,560,52760,1787824905016
1004,564,52760,1787824905016
1002,109,52760,1787824905832
1004,537,52760,1787824905832
101,110,109,0,52760,1787824906192
222,0,sqi=100
101,110,109,0,52760,1787824906271
222,0,sqi=100
1,15072363,52800
9,14328510,52800
10,14897297,52800
11,14280401,52800
2,-10,236,457,52800
1,15061517,52840
9,14330924,52840
10,14895664,52840
11,14279856,52840
2,-9,239,453,52840
1,15046795,52880
9,14331638,52880
10,14893148,52880
11,14278122,52880
2,-11,241,455,52880
1,15034894,52920
9,14332590,52920
10,14891041,52920
11,14276831,52920
2,-9,239,455,52920
1,15025783,52960
9,14334188,52960
10,14889136,52960
11,14276695,52960
2,-12,236,457,52960
1,15019561,53000
9,14335855,53000
10,14887334,53000
11,14277171,53000
2,-11,236,458,53000
1,15016365,53040
9,14339187,53040
10,14887369,53040
11,14279176,53040
2,-11,240,455,53040
1,15015038,53080
9,14343369,53080
10,14887369,53080
11,14281454,53080
2,-10,237,456,53080
1,15014597,53120
9,14346905,53120
10,14887470,53120
11,14284379,53120
2,-11,239,456,53120
1,15014529,53160
9,14349998,53160
10,14887811,53160
11,14286792,53160
2,-11,234,458,53160
1,15015821,53200
9,14354384,53200
10,14889001,53200
11,14290397,53200
2,-12,239,456,53200
1,15017317,53240
9,14358498,53240
10,14889578,53240
11,14293830,53240
2,-11,235,457,53240
1,15019425,53280
9,14363428,53280
10,14890735,53280
11,14297434,53280
2,-11,238,456,53280
1,15021872,53320
9,14368359,53320
10,14892604,53320
11,14301820,53320
2,-10,237,458,53320
1,15023403,53360
9,14371486,53360
10,14894271,53360
11,14304813,53360
2,-10,233,458,53360
1,15016025,53400
9,14369140,53400
10,14892026,53400
11,14303419,53400
2,-11,237,458,53400
1,15005790,53440
9,14366625,53440
10,14889987,53440
11,14300562,53440
2,-10,238,458,53440
1,14997120,53480
9,14365265,53480
10,14888218,53480
11,14298829,53480
2,-9,237,455,53480
1,14991204,53520
9,14364381,53520
10,14887300,53520
11,14298148,53520
2,-11,236,457,53520
1,14988654,53560
9,14365435,53560
10,14886892,53560
11,14298863,53560
2,-9,239,456,53560
1,14988757,53600
9,14367747,53600
10,14887369,53600
11,14300733,53600
2,-9,240,457,53600
1,14990524,53640
9,14371384,53640
10,14888388,53640
11,14302806,53640
2,-8,237,455,53640
1,14991953,53680
9,14374615,53680
10,14889375,53680
11,14305527,53680
2,-7,243,453,53680
1,14993789,53720
9,14377947,53720
10,14890735,53720
11,14308042,53720
2,-3,237,461,53720
1,14996610,53760
9,14381380,53760
10,14892298,53760
11,14311035,53760
2,-8,241,452,53760
1,14999501,53800
9,14384781,53800
10,14893930,53800
11,14314468,53800
2,-9,241,454,53800
1,15003036,53840
9,14388996,53840
10,14896719,53840
11,14317699,53840
2,-8,246,453,53840
1,15006980,53880
9,14393858,53880
10,14898962,53880
11,14321065,53880
2,-7,243,456,53880
1,15008544,53920
9,14395559,53920
10,14900357,53920
11,14323309,53920
2,-6,243,454,53920
1,15001031,53960
9,14392532,53960
10,14899404,53960
11,14321098,53960
2,-8,244,454,53960
1,14991647,54000
9,14389745,54000
10,14897704,54000
11,14318243,54000
2,-7,240,455,54000
1,14984268,54040
9,14387568,54040
10,14896684,54040
11,14316101,54040
2,-6,245,455,54040
1,14979372,54080
9,14386821,54080
10,14895835,54080
11,14314842,54080
2,-8,243,453,54080
1,14976993,54120
9,14386855,54120
10,14896039,54120
11,14314944,54120
2,-7,242,454,54120
1,14977605,54160
9,14389234,54160
10,14896583,54160
11,14316509,54160
2,-8,244,453,54160
1,14979067,54200
9,14391411,54200
10,14897739,54200
11,14318412,54200
2,-9,242,454,54200
1,14981208,54240
9,14393213,54240
10,14898997,54240
11,14320588,54240
2,-6,247,454,54240
1,14983623,54280
9,14395762,54280
10,14900901,54280
11,14322323,54280
2,-8,241,455,54280
1,14986852,54320
9,14399196,54320
10,14902668,54320
11,14324736,54320
2,-10,243,454,54320
1,14989675,54360
9,14402766,54360
10,14904334,54360
11,14327286,54360
2,-7,243,455,54360
1002,109,54360,1787824907059
1004,554,54360,1787824907060
1004,554,54360,1787824907060
101,109,109,0,54360,1787824907727
222,0,sqi=100
101,109,109,0,54360,1787824907818
222,0,sqi=100
1,14993381,54400
9,14405928,54400
10,14906238,54400
11,14330312,54400
2,-7,240,452,54400
1,14997426,54440
9,14409907,54440
10,14908754,54440
11,14333202,54440
2,-7,239,456,54440
1,14998855,54480
9,14411199,54480
10,14910080,54480
11,14334801,54480
2,-7,243,452,54480
1,14990796,54520
9,14406982,54520
10,14908517,54520
11,14331536,54520
2,-7,236,457,54520
1,14981311,54560
9,14403106,54560
10,14906409,54560
11,14327830,54560
2,-9,244,454,54560
1,14974647,54600
9,14400965,54600
10,14905015,54600
11,14324872,54600
2,-9,241,456,54600
1,14970227,54640
9,14398857,54640
10,14903858,54640
11,14322560,54640
2,-7,246,454,54640
1,14967982,54680
9,14398482,54680
10,14902906,54680
11,14322118,54680
2,-8,245,455,54680
1,14969139,54720
9,14399265,54720
10,14903382,54720
11,14322425,54720
2,-10,244,455,54720
1,14970532,54760
9,14400726,54760
10,14904130,54760
11,14323274,54760
2,-8,251,451,54760
1,14972130,54800
9,14402290,54800
10,14904471,54800
11,14324022,54800
2,-10,243,453,54800
1002,109,54800,1787824907875
1004,555,54520,1787824907876
1,14974238,54840
9,14403616,54840
10,14904981,54840
11,14325042,54840
2,-10,243,454,54840
1004,558,54840,1787824907876
1,14976347,54880
9,14405691,54880
10,14906001,54880
11,14326063,54880
2,-10,243,452,54880
1,14978590,54920
9,14407594,54920
10,14906749,54920
11,14327695,54920
2,-10,248,453,54920
1,14981344,54960
9,14410417,54960
10,14908210,54960
11,14329360,54960
2,-8,243,450,54960
1,14984371,55000
9,14412660,55000
10,14909707,55000
11,14331231,55000
2,-11,243,452,55000
1,14983418,55040
9,14412014,55040
10,14909400,55040
11,14330619,55040
2,-7,246,450,55040
1,14974476,55080
9,14406745,55080
10,14906783,55080
11,14326164,55080
2,-10,246,454,55080
1,14965296,55120
9,14402733,55120
10,14904266,55120
11,14322050,55120
2,-8,247,452,55120
1,14958735,55160
9,14399707,55160
10,14901886,55160
11,14318752,55160
2,-10,248,453,55160
1,14954756,55200
9,14397905,55200
10,14900391,55200
11,14316815,55200
2,-9,246,453,55200
1,14952580,55240
9,14397259,55240
10,14899370,55240
11,14315931,55240
2,-9,247,451,55240
1,14953737,55280
9,14397667,55280
10,14898997,55280
11,14316543,55280
2,-9,244,453,55280
1,14954383,55320
9,14398381,55320
10,14898962,55320
11,14316509,55320
2,-10,244,450,55320
1,14954042,55360
9,14398789,55360
10,14898997,55360
11,14316916,55360
2,-5,245,452,55360
1,14954859,55400
9,14399196,55400
10,14899133,55400
11,14317019,55400
2,-9,246,453,55400
1,14955946,55440
9,14399638,55440
10,14899133,55440
11,14318004,55440
2,-11,245,451,55440
1,14956320,55480
9,14401236,55480
10,14899472,55480
11,14318684,55480
2,-9,246,452,55480
1,14957783,55520
9,14401985,55520
10,14900322,55520
11,14320078,55520
2,-9,247,452,55520
1,14957272,55560
9,14401135,55560
10,14900594,55560
11,14320180,55560
2,-9,244,453,55560
1,14949215,55600
9,14395592,55600
10,14897568,55600
11,14315386,55600
2,-12,246,452,55600
1,14939184,55640
9,14389847,55640
10,14893896,55640
11,14310049,55640
2,-8,247,452,55640
1,14930685,55680
9,14385120,55680
10,14890803,55680
11,14306037,55680
2,-7,244,453,55680
1,14925483,55720
9,14382027,55720
10,14888524,55720
11,14302671,55720
2,-7,249,451,55720
1,14922796,55760
9,14380530,55760
10,14886485,55760
11,14301583,55760
2,-9,243,452,55760
1,14922966,55800
9,14379817,55800
10,14886043,55800
11,14301616,55800
2,-8,249,452,55800
1,14923885,55840
9,14380599,55840
10,14886076,55840
11,14301787,55840
2,-9,244,453,55840
1,14925891,55880
9,14381550,55880
10,14886076,55880
11,14302704,55880
2,-10,248,452,55880
1,14927148,55920
9,14381924,55920
10,14886178,55920
11,14303861,55920
2,-9,249,452,55920
1,14929120,55960
9,14383829,55960
10,14886892,55960
11,14304710,55960
2,-8,247,452,55960
1002,109,55960,1787824909090
1004,550,55960,1787824909091
1004,532,55960,1787824909091
101,109,109,0,55960,1787824909342
222,0,sqi=100
1,14931569,56000
9,14385393,56000
10,14888218,56000
11,14306615,56000
2,-8,244,452,56000
1,14935173,56040
9,14387637,56040
10,14889715,56040
11,14308451,56040
2,-10,249,453,56040
1,14938980,56080
9,14390118,56080
10,14891687,56080
11,14311272,56080
2,-8,244,452,56080
1,14938300,56120
9,14389948,56120
10,14891449,56120
11,14310728,56120
2,-5,246,453,56120
1,14930243,56160
9,14384372,56160
10,14889306,56160
11,14306037,56160
2,-8,246,451,56160
1,14921198,56200
9,14379375,56200
10,14886111,56200
11,14301276,56200
2,-9,248,452,56200
1,14913651,56240
9,14375804,56240
10,14883118,56240
11,14296959,56240
2,-9,245,452,56240
1,14909128,56280
9,14373187,56280
10,14881282,56280
11,14294307,56280
2,-9,246,452,56280
1,14907021,56320
9,14371793,56320
10,14879480,56320
11,14293253,56320
2,-10,246,452,56320
1,14907327,56360
9,14371690,56360
10,14879515,56360
11,14292845,56360
2,-9,246,451,56360
1,14909061,56400
9,14372506,56400
10,14879583,56400
11,14293524,56400
2,-10,247,452,56400
1,14910862,56440
9,14373458,56440
10,14879923,56440
11,14294680,56440
2,-8,245,452,56440
1,14912631,56480
9,14375057,56480
10,14880636,56480
11,14295769,56480
2,-10,247,452,56480
1,14915520,56520
9,14376722,56520
10,14881317,56520
11,14297367,56520
2,-9,247,452,56520
1,14918342,56560
9,14379069,56560
10,14882574,56560
11,14298795,56560
2,-8,246,452,56560
1,14922151,56600
9,14381789,56600
10,14884275,56600
11,14301820,56600
2,-10,247,453,56600
1,14925619,56640
9,14384610,56640
10,14886485,56640
11,14303826,56640
2,-8,246,451,56640
1,14924632,56680
9,14382978,56680
10,14885975,56680
11,14302942,56680
2,-9,245,453,56680
1,14915962,56720
9,14378320,56720
10,14883900,56720
11,14298625,56720
2,-9,247,451,56720
1,14908006,56760
9,14373594,56760
10,14880705,56760
11,14293524,56760
2,-9,245,452,56760
1,14902192,56800
9,14370908,56800
10,14878257,56800
11,14290397,56800
2,-8,247,451,56800
1,14898690,56840
9,14368733,56840
10,14875911,56840
11,14287915,56840
2,-7,247,452,56840
1,14896991,56880
9,14367849,56880
10,14874211,56880
11,14286623,56880
2,-8,246,451,56880
1,14898044,56920
9,14368291,56920
10,14873803,56920
11,14286826,56920
2,-9,248,453,56920
1,14900866,56960
9,14369243,56960
10,14874040,56960
11,14287915,56960
2,-10,244,452,56960
1,14903553,57000
9,14371521,57000
10,14875265,57000
11,14289139,57000
2,-8,248,452,57000
1,14906307,57040
9,14373187,57040
10,14875876,57040
11,14290261,57040
2,-8,245,451,57040
1,14909842,57080
9,14375634,57080
10,14877033,57080
11,14291927,57080
2,-8,247,453,57080
1,14913310,57120
9,14378117,57120
10,14878155,57120
11,14293593,57120
2,-8,247,452,57120
1,14916234,57160
9,14380599,57160
10,14879719,57160
11,14296040,57160
2,-8,244,454,57160
1,14920178,57200
9,14383353,57200
10,14881011,57200
11,14297503,57200
2,-11,247,451,57200
1,14920144,57240
9,14383114,57240
10,14881248,57240
11,14297197,57240
2,-9,247,453,57240
1,14911780,57280
9,14377776,57280
10,14877917,57280
11,14291961,57280
2,-9,246,451,57280
1,14903689,57320
9,14372881,57320
10,14874177,57320
11,14287099,57320
2,-9,246,454,57320
1,14896752,57360
9,14368733,57360
10,14870743,57360
11,14283223,57360
2,-9,246,452,57360
1,14892945,57400
9,14366149,57400
10,14867887,57400
11,14281013,57400
2,-9,247,451,57400
1,14890905,57440
9,14364959,57440
10,14865948,57440
11,14279993,57440
2,-9,245,453,57440
1,14891754,57480
9,14365536,57480
10,14865201,57480
11,14280264,57480
2,-9,248,452,57480
1,14892401,57520
9,14365197,57520
10,14864997,57520
11,14280401,57520
2,-11,249,453,57520
1,14892673,57560
9,14365061,57560
10,14864691,57560
11,14281149,57560
2,-9,246,451,57560
1002,109,57560,1787824909875
1004,554,57560,1787824909880
1004,555,57560,1787824909880
1002,109,57560,1787824910697
1004,561,57560,1787824910733
101,109,109,0,57560,1787824910973
222,0,sqi=100
101,109,109,0,57560,1787824911041
222,0,sqi=100
1,14893590,57600
9,14364720,57600
10,14864045,57600
11,14281556,57600
2,-9,249,452,57600
1,14895188,57640
9,14365605,57640
10,14863909,57640
11,14282780,57640
2,-10,246,450,57640
1,14897399,57680
9,14367304,57680
10,14864827,57680
11,14284276,57680
2,-9,248,452,57680
1,14900594,57720
9,14369140,57720
10,14865881,57720
11,14286249,57720
2,-8,249,451,57720
1,14903723,57760
9,14370942,57760
10,14867342,57760
11,14288560,57760
2,-7,247,450,57760
1,14900016,57800
9,14367543,57800
10,14865337,57800
11,14286078,57800
2,-10,249,452,57800
1,14890837,57840
9,14361456,57840
10,14860917,57840
11,14280639,57840
2,-8,247,450,57840
1,14883663,57880
9,14356561,57880
10,14857041,57880
11,14276049,57880
2,-8,247,451,57880
1,14878188,57920
9,14352854,57920
10,14853199,57920
11,14272716,57920
2,-10,246,449,57920
1,14875129,57960
9,14350134,57960
10,14850241,57960
11,14270506,57960
2,-8,249,451,57960
1,14874721,58000
9,14349352,58000
10,14848337,58000
11,14270506,58000
2,-9,249,452,58000
1,14876387,58040
9,14349828,58040
10,14847487,58040
11,14270744,58040
2,-6,248,451,58040
1,14878529,58080
9,14350543,58080
10,14847657,58080
11,14271663,58080
2,-9,247,453,58080
1,14880466,58120
9,14351427,58120
10,14847826,58120
11,14272274,58120
2,-8,248,451,58120
1,14882914,58160
9,14352684,58160
10,14847962,58160
11,14273804,58160
2,-10,248,451,58160
1,14886451,58200
9,14354554,58200
10,14849085,58200
11,14275912,58200
2,-9,249,450,58200
1,14890667,58240
9,14356901,58240
10,14850275,58240
11,14278122,58240
2,-9,247,451,58240
1,14894441,58280
9,14359553,58280
10,14852009,58280
11,14280435,58280
2,-9,247,451,58280
1,14898826,58320
9,14362001,58320
10,14854388,58320
11,14283767,58320
2,-9,248,452,58320
1,14897262,58360
9,14359825,58360
10,14853607,58360
11,14282849,58360
2,-8,247,451,58360
1,14890123,58400
9,14354010,58400
10,14850376,58400
11,14278463,58400
2,-8,249,449,58400
1,14881929,58440
9,14347891,58440
10,14846773,58440
11,14275538,58440
2,-9,247,450,58440
1,14879344,58480
9,14340513,58480
10,14844189,58480
11,14275029,58480
2,-9,248,451,58480
1,14885227,58520
9,14333066,58520
10,14846127,58520
11,14276116,58520
2,-8,247,453,58520
1,14889987,58560
9,14326334,58560
10,14849731,58560
11,14278292,58560
2,-9,249,451,58560
1,14898725,58600
9,14321642,58600
10,14854592,58600
11,14281726,58600
2,-8,247,451,58600
1,14911509,58640
9,14315931,58640
10,14861291,58640
11,14287234,58640
2,-9,249,452,58640
1,14925108,58680
9,14311443,58680
10,14868872,58680
11,14292538,58680
2,-9,247,452,58680
1,14938233,58720
9,14308145,58720
10,14876999,58720
11,14298829,58720
2,-9,249,451,58720
1,14954212,58760
9,14305186,58760
10,14887369,58760
11,14306853,58760
2,-9,248,451,58760
1,14972334,58800
9,14303419,58800
10,14899846,58800
11,14314129,58800
2,-8,247,451,58800
1,14994095,58840
9,14301106,58840
10,14913753,58840
11,14322425,58840
2,-9,248,451,58840
1,15021974,58880
9,14298829,58880
10,14929665,58880
11,14332726,58880
2,-7,248,449,58880
1,15051928,58920
9,14292777,58920
10,14946902,58920
11,14342689,58920
2,-7,248,451,58920
1,15073008,58960
9,14285602,58960
10,14962883,58960
11,14356561,58960
2,-8,248,452,58960
1,15091810,59000
9,14283834,59000
10,14977945,59000
11,14372745,59000
2,-10,243,453,59000
1,15107892,59040
9,14284753,59040
10,14992054,59040
11,14388453,59040
2,-8,247,453,59040
1,15125607,59080
9,14287881,59080
10,15004736,59080
11,14404297,59080
2,-9,250,450,59080
1,15143253,59120
9,14292368,59120
10,15016976,59120
11,14419256,59120
2,-9,247,450,59120
1,15163482,59160
9,14302432,59160
10,15030917,59160
11,14436359,59160
2,-9,248,451,59160
1002,109,59160,1787824911911
1004,547,59160,1787824911949
1004,567,59160,1787824911950
101,109,109,0,59160,1787824912539
222,0,sqi=100
1,15182250,59200
9,14311238,59200
10,15044007,59200
11,14450639,59200
2,-8,248,451,59200
1,15200440,59240
9,14318752,59240
10,15054955,59240
11,14469372,59240
2,-6,247,453,59240
1,15217270,59280
9,14328374,59280
10,15065154,59280
11,14487766,59280
2,-7,249,451,59280
1,15233217,59320
9,14339833,59320
10,15074165,59320
11,14506127,59320
2,-8,242,452,59320
1,15248721,59360
9,14351359,59360
10,15083004,59360
11,14523024,59360
2,-8,246,452,59360
1,15262015,59400
9,14362273,59400
10,15090314,59400
11,14541418,59400
2,-12,248,449,59400
1,15274186,59440
9,14370059,59440
10,15098373,59440
11,14559439,59440
2,-12,247,455,59440
1,15283332,59480
9,14384372,59480
10,15106057,59480
11,14574195,59480
2,-11,248,451,59480
1,15285032,59520
9,14402597,59520
10,15104935,59520
11,14580621,59520
2,-10,251,452,59520
1,15282823,59560
9,14426838,59560
10,15101092,59560
11,14586808,59560
2,-9,251,451,59560
1,15277416,59600
9,14452984,59600
10,15097148,59600
11,14591433,59600
2,-8,247,451,59600
1,15264939,59640
9,14475696,59640
10,15089601,59640
11,14592385,59640
2,-9,250,450,59640
1,15257221,59680
9,14492289,59680
10,15084025,59680
11,14588644,59680
2,-10,245,449,59680
1,15245083,59720
9,14498952,59720
10,15080625,59720
11,14580689,59720
2,-7,250,450,59720
1,15236344,59760
9,14497457,59760
10,15076510,59760
11,14569367,59760
2,-10,247,451,59760
1,15232129,59800
9,14492084,59800
10,15073315,59800
11,14555766,59800
2,-8,247,449,59800
1,15230361,59840
9,14485556,59840
10,15069166,59840
11,14543153,59840
2,-9,250,449,59840
1,15231074,59880
9,14480525,59880
10,15066617,59880
11,14532817,59880
2,-10,252,449,59880
1,15232027,59920
9,14477091,59920
10,15063930,59920
11,14523908,59920
2,-10,248,450,59920
1,15231653,59960
9,14474336,59960
10,15062639,59960
11,14517143,59960
2,-7,247,450,59960
1,15228592,60000
9,14471174,60000
10,15061856,60000
11,14512246,60000
2,-8,252,449,60000
1,15225396,60040
9,14469474,60040
10,15060633,60040
11,14508880,60040
2,-9,249,450,60040
1,15218222,60080
9,14464477,60080
10,15058286,60080
11,14502251,60080
2,-7,247,451,60080
1,15204317,60120
9,14455364,60120
10,15051588,60120
11,14493206,60120
2,-9,251,451,60120
1,15192756,60160
9,14447612,60160
10,15045672,60160
11,14484536,60160
2,-10,249,451,60160
1,15184461,60200
9,14442138,60200
10,15039145,60200
11,14477295,60200
2,-10,251,450,60200
1,15178306,60240
9,14438603,60240
10,15034248,60240
11,14471617,60240
2,-9,249,451,60240
1,15172594,60280
9,14434693,60280
10,15030645,60280
11,14468692,60280
2,-7,250,451,60280
1,15168855,60320
9,14432959,60320
10,15028503,60320
11,14466856,60320
2,-9,251,450,60320
1,15162395,60360
9,14431190,60360
10,15026361,60360
11,14467978,60360
2,-9,250,450,60360
1,15157635,60400
9,14431122,60400
10,15024661,60400
11,14465599,60400
2,-9,251,453,60400
1,15157124,60440
9,14431327,60440
10,15024083,60440
11,14462913,60440
2,-8,251,450,60440
1,15155969,60480
9,14431259,60480
10,15023538,60480
11,14459785,60480
2,-9,248,450,60480
1,15149169,60520
9,14429967,60520
10,15023334,60520
11,14455500,60520
2,-7,248,454,60520
1,15142368,60560
9,14426396,60560
10,15022246,60560
11,14453426,60560
2,-7,251,450,60560
1,15145701,60600
9,14425547,60600
10,15019629,60600
11,14453121,60600
2,-8,250,449,60600
1,15137711,60640
9,14420481,60640
10,15016229,60640
11,14440201,60640
2,-11,250,452,60640
1,15119521,60680
9,14406779,60680
10,15007116,60680
11,14427688,60680
2,-20,263,450,60680
1,15104050,60720
9,14395456,60720
10,14997562,60720
11,14417012,60720
2,-9,257,448,60720
1,15101364,60760
9,14390934,60760
10,14989675,60760
11,14405112,60760
2,-4,260,445,60760
1002,108,59960,1787824912720
1004,567,59960,1787824912720
1004,579,59960,1787824912720
1002,107,60760,1787824913933
1004,569,60760,1787824913934
1004,561,60760,1787824913934
101,106,107,0,60760,1787824914187
222,0,sqi=100
101,107,107,0,60760,1787824914255
222,0,sqi=99
1,15111632,60800
9,14391921,60800
10,14982807,60800
11,14393485,60800
2,-2,255,443,60800
1,15126423,60840
9,14392635,60840
10,14977911,60840
11,14382877,60840
2,0,260,447,60840
1,15139614,60880
9,14392941,60880
10,14974409,60880
11,14374070,60880
2,5,260,438,60880
1,15148284,60920
9,14393043,60920
10,14971655,60920
11,14367645,60920
2,5,260,447,60920
1,15153385,60960
9,14391615,60960
10,14969309,60960
11,14363735,60960
2,5,260,439,60960
1,15156853,61000
9,14392532,61000
10,14968187,61000
11,14360402,61000
2,5,269,432,61000
1,15156989,61040
9,14393416,61040
10,14967948,61040
11,14356356,61040
2,8,271,431,61040
1,15159164,61080
9,14395049,61080
10,14965943,61080
11,14351257,61080
2,6,254,443,61080
1,15161341,61120
9,14396817,61120
10,14964583,61120
11,14344661,61120
2,11,243,441,61120
1,15163652,61160
9,14398789,61160
10,14963155,61160
11,14340784,61160
2,9,262,450,61160
1,15158008,61200
9,14396680,61200
10,14961591,61200
11,14336704,61200
2,18,241,443,61200
1,15142913,61240
9,14389302,61240
10,14955776,61240
11,14327491,61240
2,9,230,448,61240
1,15128531,61280
9,14381448,61280
10,14948943,61280
11,14316916,61280
2,15,242,438,61280
1,15116359,61320
9,14374954,61320
10,14941293,61320
11,14307431,61320
2,26,229,434,61320
1,15107042,61360
9,14369412,61360
10,14933813,61360
11,14299542,61360
2,12,260,450,61360
1,15097965,61400
9,14365740,61400
10,14928951,61400
11,14293898,61400
2,15,275,430,61400
1,15089736,61440
9,14364415,61440
10,14924768,61440
11,14290125,61440
2,16,272,427,61440
1,15081168,61480
9,14362613,61480
10,14921708,61480
11,14286895,61480
2,31,267,428,61480
1,15075423,61520
9,14360640,61520
10,14916370,61520
11,14284243,61520
2,14,281,421,61520
1,15070016,61560
9,14359349,61560
10,14912325,61560
11,14282679,61560
2,19,302,428,61560
1,15069880,61600
9,14359178,61600
10,14908857,61600
11,14283971,61600
2,9,314,434,61600
1,15074607,61640
9,14362239,61640
10,14908618,61640
11,14285908,61640
2,10,260,437,61640
1,15079196,61680
9,14365979,61680
10,14910420,61680
11,14287677,61680
2,0,260,445,61680
1,15082835,61720
9,14369651,61720
10,14910828,61720
11,14288016,61720
2,3,256,450,61720
1,15080828,61760
9,14367984,61760
10,14908346,61760
11,14284073,61760
2,3,260,446,61760
1,15074947,61800
9,14363224,61800
10,14901513,61800
11,14276898,61800
2,0,255,445,61800
1,15069030,61840
9,14359723,61840
10,14895868,61840
11,14271527,61840
2,1,251,447,61840
1,15062537,61880
9,14357207,61880
10,14890191,61880
11,14265645,61880
2,1,260,449,61880
1,15057980,61920
9,14355677,61920
10,14885328,61920
11,14262210,61920
2,-1,257,444,61920
1,15054886,61960
9,14355846,61960
10,14882133,61960
11,14260340,61960
2,0,265,446,61960
1,15054988,62000
9,14357954,62000
10,14880840,62000
11,14260408,62000
2,-2,257,446,62000
1,15055396,62040
9,14360266,62040
10,14879889,62040
11,14260613,62040
2,-2,256,442,62040
1,15054648,62080
9,14362341,62080
10,14880092,62080
11,14261599,62080
2,-2,262,444,62080
1,15053458,62120
9,14364720,62120
10,14879446,62120
11,14263503,62120
2,-2,268,441,62120
1,15052167,62160
9,14366012,62160
10,14881248,62160
11,14265577,62160
2,-1,278,436,62160
1,15052642,62200
9,14367237,62200
10,14883186,62200
11,14269554,62200
2,-2,274,436,62200
1,15052472,62240
9,14368835,62240
10,14885023,62240
11,14273464,62240
2,-6,285,436,62240
1,15054683,62280
9,14371248,62280
10,14886485,62280
11,14276864,62280
2,-4,276,435,62280
1,15052201,62320
9,14368733,62320
10,14885193,62320
11,14277375,62320
2,-6,275,437,62320
1,15044789,62360
9,14361456,62360
10,14879752,62360
11,14272954,62360
2,-6,259,440,62360
1002,107,62360,1787824914735
1004,568,62360,1787824914736
1004,557,62360,1787824914736
101,107,107,0,62360,1787824915741
222,0,sqi=99
101,107,107,0,62360,1787824915810
222,0,sqi=99
1,15037376,62400
9,14355507,62400
10,14874857,62400
11,14269895,62400
2,-13,284,433,62400
1,15031256,62440
9,14350372,62440
10,14870335,62440
11,14268773,62440
2,-10,261,437,62440
1,15027075,62480
9,14347584,62480
10,14867751,62480
11,14269112,62480
2,-12,289,431,62480
1,15025068,62520
9,14346361,62520
10,14865982,62520
11,14271935,62520
2,-20,303,427,62520
1,15026293,62560
9,14346871,62560
10,14865711,62560
11,14275777,62560
2,-20,288,427,62560
1,15027210,62600
9,14347347,62600
10,14866186,62600
11,14280401,62600
2,-25,281,427,62600
1,15029523,62640
9,14349183,62640
10,14867547,62640
11,14285670,62640
2,-15,289,426,62640
1,15032753,62680
9,14350917,62680
10,14869111,62680
11,14291892,62680
2,6,320,425,62680
1,15038057,62720
9,14354384,62720
10,14871763,62720
11,14299168,62720
2,-57,266,415,62720
1,15047509,62760
9,14357376,62760
10,14875639,62760
11,14306853,62760
2,-34,268,439,62760
1,15061517,62800
9,14360844,62800
10,14881622,62800
11,14315421,62800
2,-40,268,411,62800
1,15071207,62840
9,14359621,62840
10,14884887,62840
11,14320962,62840
2,-22,287,435,62840
1,15083243,62880
9,14352379,62880
10,14887369,62880
11,14325620,62880
2,-14,284,438,62880
1,15103915,62920
9,14346054,62920
10,14890224,62920
11,14331536,62920
2,-6,241,454,62920
1,15130434,62960
9,14340274,62960
10,14896005,62960
11,14338948,62960
2,-8,229,466,62960
1,15155730,63000
9,14333746,63000
10,14904742,63000
11,14342417,63000
2,-7,207,466,63000
1,15185820,63040
9,14334733,63040
10,14918376,63040
11,14353058,63040
2,-5,208,470,63040
1,15211899,63080
9,14342179,63080
10,14932078,63080
11,14364483,63080
2,-7,201,467,63080
1,15235222,63120
9,14350611,63120
10,14944217,63120
11,14375192,63120
2,-17,217,468,63120
1,15250557,63160
9,14368699,63160
10,14959040,63160
11,14392294,63160
2,-6,203,467,63160
1,15250319,63200
9,14392906,63200
10,14970430,63200
11,14406608,63200
2,-23,227,474,63200
1,15245456,63240
9,14412831,63240
10,14977367,63240
11,14418747,63240
2,-15,206,472,63240
1,15242125,63280
9,14425139,63280
10,14981854,63280
11,14426295,63280
2,-20,196,468,63280
1,15243280,63320
9,14434794,63320
10,14985731,63320
11,14431598,63320
2,-24,200,478,63320
1,15246068,63360
9,14442309,63360
10,14987158,63360
11,14434727,63360
2,-19,212,471,63360
1,15240119,63400
9,14442479,63400
10,14984031,63400
11,14430035,63400
2,-15,210,469,63400
1,15229103,63440
9,14440880,63440
10,14978115,63440
11,14423642,63440
2,-16,201,473,63440
1,15220909,63480
9,14440880,63480
10,14972334,63480
11,14417625,63480
2,-23,189,474,63480
1,15214449,63520
9,14441051,63520
10,14966827,63520
11,14413579,63520
2,-12,199,474,63520
1,15209349,63560
9,14441935,63560
10,14962236,63560
11,14410417,63560
2,-10,201,472,63560
1,15206289,63600
9,14443498,63600
10,14959007,63600
11,14408206,63600
2,-5,221,466,63600
1,15204826,63640
9,14444927,63640
10,14956729,63640
11,14407356,63640
2,-13,202,469,63640
1,15202888,63680
9,14446626,63680
10,14954349,63680
11,14406336,63680
2,-2,221,472,63680
1,15200746,63720
9,14448326,63720
10,14952683,63720
11,14405453,63720
2,-13,217,469,63720
1002,107,63720,1787824915947
1,15198775,63760
9,14448836,63760
10,14950507,63760
11,14404840,63760
2,-15,189,464,63760
1004,551,63760,1787824915947
1,15196939,63800
9,14449890,63800
10,14949010,63800
11,14404297,63800
2,-12,221,468,63800
1,15194559,63840
9,14450639,63840
10,14947005,63840
11,14403616,63840
2,-11,209,469,63840
1,15193471,63880
9,14451489,63880
10,14946359,63880
11,14403752,63880
2,-4,217,469,63880
1,15187112,63920
9,14446932,63920
10,14943163,63920
11,14400760,63920
2,-14,195,471,63920
1,15175858,63960
9,14439589,63960
10,14935954,63960
11,14393383,63960
2,-10,209,470,63960
1002,108,63960,1787824916780
1004,515,63960,1787824916780
1004,553,63960,1787824916818
101,107,108,0,63960,1787824917335
222,0,sqi=97
1,15165795,64000
9,14432823,64000
10,14928169,64000
11,14386719,64000
2,-9,209,469,64000
1,15157498,64040
9,14428539,64040
10,14921164,64040
11,14380768,64040
2,-17,212,468,64040
1,15152670,64080
9,14425478,64080
10,14915146,64080
11,14376450,64080
2,-7,217,466,64080
1,15149474,64120
9,14423948,64120
10,14910930,64120
11,14374139,64120
2,-13,214,465,64120
1,15148896,64160
9,14424391,64160
10,14908482,64160
11,14373662,64160
2,-13,219,466,64160
1,15148216,64200
9,14423711,64200
10,14905932,64200
11,14373152,64200
2,-9,223,460,64200
1,15147843,64240
9,14424050,64240
10,14904233,64240
11,14372370,64240
2,-14,233,463,64240
1,15147129,64280
9,14423778,64280
10,14902431,64280
11,14372303,64280
2,-11,232,458,64280
1,15147605,64320
9,14425071,64320
10,14901648,64320
11,14372779,64320
2,-20,233,454,64320
1,15147639,64360
9,14425921,64360
10,14900187,64360
11,14372711,64360
2,-6,260,452,64360
1,15148216,64400
9,14427009,64400
10,14899744,64400
11,14374207,64400
2,-15,242,454,64400
1,15147843,64440
9,14427825,64440
10,14898997,64440
11,14374649,64440
2,-11,248,451,64440
1,15141246,64480
9,14422112,64480
10,14895120,64480
11,14369990,64480
2,-11,248,451,64480
1,15131624,64520
9,14415176,64520
10,14888049,64520
11,14362816,64520
2,-13,247,450,64520
1,15122853,64560
9,14409975,64560
10,14881589,64560
11,14356697,64560
2,-14,255,449,64560
1,15115747,64600
9,14405622,64600
10,14875672,64600
11,14352038,64600
2,-11,252,449,64600
1,15110272,64640
9,14402834,64640
10,14871524,64640
11,14349387,64640
2,-9,259,449,64640
1,15107518,64680
9,14401407,64680
10,14869247,64680
11,14348469,64680
2,-15,257,446,64680
1,15105887,64720
9,14400795,64720
10,14867206,64720
11,14348604,64720
2,-8,259,443,64720
1,15104968,64760
9,14399877,64760
10,14865473,64760
11,14348162,64760
2,-12,258,445,64760
1,15103337,64800
9,14399128,64800
10,14864350,64800
11,14348400,64800
2,-12,261,440,64800
1,15102112,64840
9,14398312,64840
10,14862549,64840
11,14348367,64840
2,-11,272,441,64840
1,15101399,64880
9,14397701,64880
10,14861800,64880
11,14349081,64880
2,-8,268,443,64880
1,15101909,64920
9,14397972,64920
10,14860611,64920
11,14349454,64920
2,-9,269,439,64920
1,15102452,64960
9,14398177,64960
10,14860475,64960
11,14350203,64960
2,-12,267,441,64960
1,15096231,65000
9,14393213,65000
10,14856598,65000
11,14346259,65000
2,-6,273,438,65000
1,15084909,65040
9,14384849,65040
10,14849799,65040
11,14339323,65040
2,-9,271,435,65040
1,15075559,65080
9,14377606,65080
10,14843338,65080
11,14333848,65080
2,-11,273,442,65080
1,15067127,65120
9,14372370,65120
10,14837184,65120
11,14328680,65120
2,-5,263,441,65120
1,15062162,65160
9,14368461,65160
10,14832424,65160
11,14326198,65160
2,-9,262,442,65160
1,15060089,65200
9,14366591,65200
10,14829330,65200
11,14324872,65200
2,-11,266,441,65200
1,15059238,65240
9,14365162,65240
10,14827324,65240
11,14324158,65240
2,-12,266,442,65240
1,15058728,65280
9,14364755,65280
10,14825488,65280
11,14323615,65280
2,-11,265,444,65280
1,15058830,65320
9,14364142,65320
10,14823754,65320
11,14323546,65320
2,-10,261,443,65320
1,15058626,65360
9,14364040,65360
10,14823278,65360
11,14323716,65360
2,-11,258,440,65360
1,15060428,65400
9,14364584,65400
10,14822462,65400
11,14324329,65400
2,-7,269,439,65400
1,15062299,65440
9,14366217,65440
10,14822564,65440
11,14325280,65440
2,-10,276,436,65440
1,15064475,65480
9,14368121,65480
10,14823075,65480
11,14326403,65480
2,-11,277,438,65480
1,15064304,65520
9,14367407,65520
10,14821681,65520
11,14325280,65520
2,-11,268,440,65520
1,15054921,65560
9,14360199,65560
10,14815798,65560
11,14318175,65560
2,-9,270,439,65560
1002,109,65560,1787824917999
1004,541,65560,1787824918000
1004,540,65560,1787824918000
1002,110,65560,1787824918792
1004,521,65560,1787824918793
1004,548,65560,1787824918794
101,109,110,0,65560,1787824918928
222,0,sqi=98
101,110,110,0,65560,1787824919019
222,0,sqi=99
1,15043734,65600
9,14352719,65600
10,14808557,65600
11,14310082,65600
2,-12,265,444,65600
1,15033398,65640
9,14346122,65640
10,14801484,65640
11,14303079,65640
2,-10,263,440,65640
1,15024762,65680
9,14340954,65680
10,14795467,65680
11,14298013,65680
2,-11,269,441,65680
1,15019833,65720
9,14336466,65720
10,14791488,65720
11,14294544,65720
2,-12,263,441,65720
1,15016840,65760
9,14334630,65760
10,14788225,65760
11,14292912,65760
2,-10,263,440,65760
1,15016092,65800
9,14334188,65800
10,14787001,65800
11,14292233,65800
2,-12,267,444,65800
1,15015617,65840
9,14333237,65840
10,14785743,65840
11,14292335,65840
2,-13,261,442,65840
1,15015480,65880
9,14333134,65880
10,14785029,65880
11,14292198,65880
2,-10,265,443,65880
1,15017249,65920
9,14334188,65920
10,14784315,65920
11,14292062,65920
2,-10,264,443,65920
1,15019357,65960
9,14335549,65960
10,14784077,65960
11,14292164,65960
2,-13,264,441,65960
1,15021566,66000
9,14337555,66000
10,14784246,66000
11,14293627,66000
2,-10,264,441,66000
1,15023266,66040
9,14339085,66040
10,14784586,66040
11,14294034,66040
2,-10,270,439,66040
1,15016806,66080
9,14333984,66080
10,14781119,66080
11,14289037,66080
2,-11,267,440,66080
1,15004158,66120
9,14325484,66120
10,14774081,66120
11,14280367,66120
2,-12,266,439,66120
1,14991408,66160
9,14316848,66160
10,14766668,66160
11,14272512,66160
2,-12,268,441,66160
1,14981685,66200
9,14309335,66200
10,14761025,66200
11,14266120,66200
2,-13,257,442,66200
1,14974613,66240
9,14303555,66240
10,14755993,66240
11,14261769,66240
2,-12,264,442,66240
1,14970091,66280
9,14299407,66280
10,14753477,66280
11,14259864,66280
2,-13,263,442,66280
1,14968833,66320
9,14296687,66320
10,14752185,66320
11,14259491,66320
2,-14,262,443,66320
1,14969546,66360
9,14296380,66360
10,14752082,66360
11,14260034,66360
2,-13,261,443,66360
1,14972504,66400
9,14296653,66400
10,14751913,66400
11,14260374,66400
2,-13,263,441,66400
1,14975088,66440
9,14297843,66440
10,14752185,66440
11,14260476,66440
2,-14,265,443,66440
1,14977264,66480
9,14298489,66480
10,14752456,66480
11,14261667,66480
2,-14,263,443,66480
1,14979509,66520
9,14300223,66520
10,14753340,66520
11,14262245,66520
2,-15,262,443,66520
1,14982229,66560
9,14301651,66560
10,14754564,66560
11,14264115,66560
2,-14,263,441,66560
1,14982942,66600
9,14301957,66600
10,14755313,66600
11,14264455,66600
2,-14,267,441,66600
1,14973048,66640
9,14294136,66640
10,14751233,66640
11,14257689,66640
2,-13,262,443,66640
1,14960401,66680
9,14284515,66680
10,14744841,66680
11,14249461,66680
2,-15,260,443,66680
1,14949758,66720
9,14277034,66720
10,14738618,66720
11,14242082,66720
2,-16,259,443,66720
1,14941666,66760
9,14270711,66760
10,14733077,66760
11,14236608,66760
2,-13,259,442,66760
1,14936736,66800
9,14266902,66800
10,14729167,66800
11,14232562,66800
2,-14,264,442,66800
1,14934628,66840
9,14264455,66840
10,14727024,66840
11,14229978,66840
2,-13,269,439,66840
1,14935138,66880
9,14263503,66880
10,14724916,66880
11,14228891,66880
2,-15,264,442,66880
1,14935445,66920
9,14263264,66920
10,14723760,66920
11,14227973,66920
2,-14,269,441,66920
1,14935615,66960
9,14262890,66960
10,14723353,66960
11,14226919,66960
2,-15,268,440,66960
1,14936566,67000
9,14263128,67000
10,14722604,67000
11,14226476,67000
2,-11,267,440,67000
1,14937688,67040
9,14263877,67040
10,14722401,67040
11,14226817,67040
2,-15,267,440,67040
1,14939456,67080
9,14265678,67080
10,14723250,67080
11,14226885,67080
2,-13,267,439,67080
1,14941802,67120
9,14267141,67120
10,14724406,67120
11,14228177,67120
2,-13,269,441,67120
1,14942143,67160
9,14267038,67160
10,14724100,67160
11,14227871,67160
2,-13,265,439,67160
1002,111,67160,1787824920026
1004,541,67160,1787824920026
1004,545,67160,1787824920029
101,110,111,0,67160,1787824920539
222,0,sqi=99
1,14932997,67200
9,14259762,67200
10,14719579,67200
11,14220288,67200
2,-14,266,441,67200
1,14921437,67240
9,14251943,67240
10,14713186,67240
11,14212468,67240
2,-13,268,441,67240
1,14912359,67280
9,14245619,67280
10,14707406,67280
11,14206484,67280
2,-12,270,440,67280
1,14907666,67320
9,14242184,67320
10,14703394,67320
11,14202133,67320
2,-13,266,439,67320
1,14906204,67360
9,14240382,67360
10,14700743,67360
11,14200195,67360
2,-12,268,440,67360
1,14907021,67400
9,14241879,67400
10,14699858,67400
11,14200705,67400
2,-12,264,440,67400
1,14909978,67440
9,14243205,67440
10,14700063,67440
11,14201045,67440
2,-13,268,439,67440
1,14912733,67480
9,14245108,67480
10,14699961,67480
11,14201554,67480
2,-14,271,439,67480
1,14915351,67520
9,14247522,67520
10,14700810,67520
11,14202982,67520
2,-13,265,441,67520
1,14918274,67560
9,14249664,67560
10,14701865,67560
11,14204920,67560
2,-15,274,440,67560
1,14922082,67600
9,14252759,67600
10,14703768,67600
11,14207436,67600
2,-12,268,440,67600
1,14925992,67640
9,14256328,67640
10,14705367,67640
11,14209511,67640
2,-12,266,441,67640
1,14930073,67680
9,14260578,67680
10,14707441,67680
11,14212299,67680
2,-14,264,441,67680
1,14932555,67720
9,14262516,67720
10,14709719,67720
11,14214441,67720
2,-13,267,441,67720
1,14926774,67760
9,14257893,67760
10,14707237,67760
11,14210428,67760
2,-14,265,441,67760
1,14915827,67800
9,14250481,67800
10,14702000,67800
11,14203764,67800
2,-13,262,441,67800
1,14906952,67840
9,14244394,67840
10,14697444,67840
11,14198188,67840
2,-12,263,442,67840
1,14902125,67880
9,14240621,67880
10,14693943,67880
11,14194891,67880
2,-11,264,441,67880
1,14899608,67920
9,14238479,67920
10,14691257,67920
11,14193259,67920
2,-12,266,439,67920
1,14900526,67960
9,14239362,67960
10,14690543,67960
11,14193531,67960
2,-12,271,439,67960
1,14902057,68000
9,14240212,68000
10,14690441,68000
11,14194006,68000
2,-9,267,438,68000
1,14902635,68040
9,14241028,68040
10,14690169,68040
11,14194992,68040
2,-13,267,440,68040
1,14903655,68080
9,14241708,68080
10,14690577,68080
11,14195741,68080
2,-13,271,443,68080
1,14904334,68120
9,14242525,68120
10,14690611,68120
11,14196285,68120
2,-14,266,440,68120
1,14905116,68160
9,14243545,68160
10,14690849,68160
11,14197101,68160
2,-11,268,439,68160
1,14906714,68200
9,14244497,68200
10,14691494,68200
11,14198494,68200
2,-12,263,443,68200
1,14908449,68240
9,14245720,68240
10,14692719,68240
11,14200297,68240
2,-14,265,441,68240
1,14909944,68280
9,14247081,68280
10,14693364,68280
11,14202133,68280
2,-13,265,441,68280
1,14903723,68320
9,14241572,68320
10,14690985,68320
11,14198019,68320
2,-12,264,442,68320
1,14892196,68360
9,14232902,68360
10,14685375,68360
11,14190675,68360
2,-12,267,443,68360
1,14882847,68400
9,14226035,68400
10,14679561,68400
11,14185235,68400
2,-14,267,444,68400
1,14876896,68440
9,14220526,68440
10,14675549,68440
11,14180610,68440
2,-5,259,435,68440
1,14873700,68480
9,14218044,68480
10,14672522,68480
11,14179013,68480
2,-8,264,438,68480
1,14872647,68520
9,14216617,68520
10,14671298,68520
11,14178638,68520
2,-11,269,441,68520
1,14873565,68560
9,14217262,68560
10,14670686,68560
11,14179047,68560
2,-12,266,441,68560
1,14873871,68600
9,14217093,68600
10,14670210,68600
11,14179896,68600
2,-10,269,439,68600
1,14874449,68640
9,14216854,68640
10,14670483,68640
11,14180271,68640
2,-10,269,441,68640
1,14875400,68680
9,14217671,68680
10,14670176,68680
11,14181120,68680
2,-12,268,438,68680
1,14876625,68720
9,14218282,68720
10,14670210,68720
11,14182481,68720
2,-13,270,439,68720
1,14878699,68760
9,14219983,68760
10,14670925,68760
11,14184317,68760
2,-9,266,439,68760
1002,110,68360,1787824920814
1004,555,68360,1787824920814
1004,567,68360,1787824920815
1002,110,68760,1787824922031
1004,561,68760,1787824922031
101,110,110,0,68760,1787824922211
222,0,sqi=100
101,109,110,0,68760,1787824922268
222,0,sqi=100
1,14880534,68800
9,14222022,68800
10,14672047,68800
11,14186561,68800
2,-12,271,440,68800
1,14880739,68840
9,14221751,68840
10,14672897,68840
11,14187411,68840
2,-10,267,438,68840
1,14872783,68880
9,14215426,68880
10,14669395,68880
11,14182175,68880
2,-10,270,441,68880
1,14862039,68920
9,14207675,68920
10,14664125,68920
11,14175306,68920
2,-10,265,438,68920
1,14853368,68960
9,14201793,68960
10,14659161,68960
11,14170512,68960
2,-9,271,437,68960
1,14848711,69000
9,14197917,69000
10,14655081,69000
11,14167555,69000
2,-11,267,440,69000
1,14846670,69040
9,14195808,69040
10,14652666,69040
11,14166093,69040
2,-12,269,438,69040
1,14846874,69080
9,14195571,69080
10,14652123,69080
11,14166297,69080
2,-13,269,439,69080
1,14848235,69120
9,14196285,69120
10,14651850,69120
11,14167350,69120
2,-11,269,440,69120
1,14849017,69160
9,14196658,69160
10,14651510,69160
11,14167963,69160
2,-11,269,439,69160
1,14850614,69200
9,14197066,69200
10,14651442,69200
11,14168744,69200
2,-11,265,440,69200
1,14851363,69240
9,14197475,69240
10,14651749,69240
11,14169968,69240
2,-11,266,439,69240
1,14853334,69280
9,14198699,69280
10,14652191,69280
11,14171770,69280
2,-14,272,439,69280
1,14855749,69320
9,14200024,69320
10,14653211,69320
11,14173436,69320
2,-12,265,440,69320
1,14858910,69360
9,14202200,69360
10,14654876,69360
11,14175919,69360
2,-11,265,439,69360
1,14858672,69400
9,14201316,69400
10,14655251,69400
11,14176157,69400
2,-15,270,441,69400
1,14849833,69440
9,14194312,69440
10,14651306,69440
11,14170614,69440
2,-10,266,438,69440
1,14840313,69480
9,14186323,69480
10,14645935,69480
11,14164188,69480
2,-14,269,439,69480
1,14832696,69520
9,14179760,69520
10,14641004,69520
11,14158511,69520
2,-12,270,438,69520
1,14827393,69560
9,14174967,69560
10,14636959,69560
11,14155484,69560
2,-13,270,440,69560
1,14824775,69600
9,14172076,69600
10,14634069,69600
11,14153308,69600
2,-12,268,440,69600
1,14824809,69640
9,14171600,69640
10,14633082,69640
11,14153376,69640
2,-12,268,439,69640
1,14826746,69680
9,14172111,69680
10,14632742,69680
11,14154056,69680
2,-12,270,438,69680
1,14827699,69720
9,14172960,69720
10,14633015,69720
11,14155145,69720
2,-13,271,439,69720
1,14830351,69760
9,14174253,69760
10,14633763,69760
11,14156573,69760
2,-12,270,439,69760
1,14833581,69800
9,14175953,69800
10,14634953,69800
11,14158306,69800
2,-14,267,440,69800
1,14837287,69840
9,14178673,69840
10,14636517,69840
11,14160312,69840
2,-11,271,437,69840
1,14840992,69880
9,14181460,69880
10,14638897,69880
11,14162931,69880
2,-11,267,440,69880
1,14846058,69920
9,14185540,69920
10,14641752,69920
11,14166909,69920
2,-13,270,440,69920
1,14846296,69960
9,14185337,69960
10,14641923,69960
11,14166399,69960
2,-13,270,437,69960
1,14839530,70000
9,14180033,70000
10,14638591,70000
11,14161775,70000
2,-11,269,439,70000
1,14833410,70040
9,14174967,70040
10,14634953,70040
11,14156674,70040
2,-13,269,438,70040
1,14828242,70080
9,14171736,70080
10,14631518,70080
11,14153513,70080
2,-12,269,440,70080
1,14826508,70120
9,14170104,70120
10,14629207,70120
11,14151541,70120
2,-14,268,438,70120
1,14826236,70160
9,14170512,70160
10,14628425,70160
11,14151337,70160
2,-13,270,438,70160
1,14828344,70200
9,14172043,70200
10,14628526,70200
11,14152526,70200
2,-13,267,440,70200
1,14831847,70240
9,14174660,70240
10,14629547,70240
11,14154702,70240
2,-14,270,438,70240
1,14835144,70280
9,14177483,70280
10,14631314,70280
11,14156946,70280
2,-13,269,438,70280
1,14838306,70320
9,14179896,70320
10,14632232,70320
11,14158919,70320
2,-14,270,438,70320
1,14842182,70360
9,14183059,70360
10,14634918,70360
11,14161978,70360
2,-13,270,439,70360
1002,109,70360,1787824922843
1004,551,70360,1787824922843
1004,557,70360,1787824922843
101,108,109,0,70360,1787824923731
222,0,sqi=100
101,108,109,0,70360,1787824923809
222,0,sqi=100
1,14846229,70400
9,14186561,70400
10,14636720,70400
11,14164630,70400
2,-14,270,439,70400
1,14850275,70440
9,14189927,70440
10,14639645,70440
11,14167929,70440
2,-12,268,439,70440
1,14854218,70480
9,14192680,70480
10,14641515,70480
11,14170989,70480
2,-14,270,438,70480
1,14851192,70520
9,14189586,70520
10,14640733,70520
11,14168744,70520
2,-13,269,440,70520
1,14844121,70560
9,14183535,70560
10,14637128,70560
11,14164086,70560
2,-14,269,438,70560
1,14838238,70600
9,14179625,70600
10,14633525,70600
11,14160347,70600
2,-13,267,439,70600
1,14834635,70640
9,14176259,70640
10,14630975,70640
11,14157831,70640
2,-14,271,438,70640
1,14832731,70680
9,14174218,70680
10,14629003,70680
11,14156539,70680
2,-12,269,438,70680
1,14833751,70720
9,14174388,70720
10,14628731,70720
11,14157048,70720
2,-13,270,438,70720
1,14836538,70760
9,14176157,70760
10,14629785,70760
11,14159088,70760
2,-13,272,438,70760
1,14839360,70800
9,14177958,70800
10,14630941,70800
11,14160822,70800
2,-12,271,439,70800
1,14842489,70840
9,14179931,70840
10,14632437,70840
11,14162999,70840
2,-14,268,438,70840
1,14845243,70880
9,14182038,70880
10,14633865,70880
11,14164936,70880
2,-11,271,437,70880
1,14849254,70920
9,14184656,70920
10,14635769,70920
11,14168098,70920
2,-13,270,439,70920
1,14852927,70960
9,14187377,70960
10,14638421,70960
11,14170308,70960
2,-14,271,437,70960
1,14856700,71000
9,14190607,71000
10,14640018,71000
11,14173777,71000
2,-11,270,438,71000
1,14859047,71040
9,14191660,71040
10,14641855,71040
11,14175034,71040
2,-13,271,438,71040
1,14853471,71080
9,14187036,71080
10,14639848,71080
11,14171600,71080
2,-13,270,438,71080
1,14846602,71120
9,14181698,71120
10,14636006,71120
11,14166637,71120
2,-11,268,439,71120
1,14841027,71160
9,14177619,71160
10,14632267,71160
11,14162794,71160
2,-13,272,439,71160
1,14837253,71200
9,14174660,71200
10,14629411,71200
11,14160687,71200
2,-13,271,438,71200
1,14836743,71240
9,14174286,71240
10,14628220,71240
11,14160347,71240
2,-14,271,438,71240
1,14837933,71280
9,14174865,71280
10,14628390,71280
11,14161264,71280
2,-13,270,438,71280
1,14839802,71320
9,14176361,71320
10,14628969,71320
11,14162829,71320
2,-13,272,438,71320
1,14842318,71360
9,14178061,71360
10,14629717,71360
11,14165072,71360
2,-11,272,437,71360
1,14845140,71400
9,14180305,71400
10,14630703,71400
11,14166739,71400
2,-13,271,437,71400
1,14848166,71440
9,14182685,71440
10,14632437,71440
11,14169119,71440
2,-14,271,439,71440
1,14852144,71480
9,14186118,71480
10,14634307,71480
11,14172586,71480
2,-13,270,437,71480
1,14856292,71520
9,14189757,71520
10,14636381,71520
11,14175476,71520
2,-12,271,437,71520
1,14861563,71560
9,14193768,71560
10,14639135,71560
11,14178605,71560
2,-12,271,437,71560
1,14866595,71600
9,14197372,71600
10,14641786,71600
11,14182515,71600
2,-12,272,439,71600
1,14862820,71640
9,14195027,71640
10,14640188,71640
11,14180101,71640
2,-12,269,438,71640
1,14857041,71680
9,14191048,71680
10,14637299,71680
11,14175987,71680
2,-10,271,437,71680
1,14852280,71720
9,14188839,71720
10,14634647,71720
11,14172859,71720
2,-11,269,438,71720
1,14849696,71760
9,14187411,71760
10,14632640,71760
11,14171669,71760
2,-12,272,438,71760
1,14848915,71800
9,14187036,71800
10,14631824,71800
11,14171566,71800
2,-12,270,439,71800
1,14850989,71840
9,14188839,71840
10,14632165,71840
11,14172552,71840
2,-12,272,438,71840
1,14852756,71880
9,14190505,71880
10,14632573,71880
11,14174082,71880
2,-11,271,438,71880
1,14854626,71920
9,14191592,71920
10,14633865,71920
11,14176327,71920
2,-11,270,438,71920
1,14856463,71960
9,14193701,71960
10,14634851,71960
11,14178196,71960
2,-10,270,437,71960
1002,109,71440,1787824924056
1004,552,71440,1787824924056
1004,545,71440,1787824924057
101,108,109,0,71960,1787824925363
222,0,sqi=100
1,14858672,72000
9,14195503,72000
10,14635633,72000
11,14180033,72000
2,-13,272,438,72000
1,14861664,72040
9,14198121,72040
10,14636992,72040
11,14182685,72040
2,-12,274,437,72040
1,14864078,72080
9,14200874,72080
10,14638794,72080
11,14185337,72080
2,-12,270,438,72080
1,14867308,72120
9,14203288,72120
10,14640936,72120
11,14188702,72120
2,-10,273,437,72120
1,14869791,72160
9,14205567,72160
10,14642432,72160
11,14191456,72160
2,-13,274,438,72160
1,14867445,72200
9,14202472,72200
10,14641378,72200
11,14189485,72200
2,-12,271,436,72200
1,14859862,72240
9,14196591,72240
10,14637877,72240
11,14184996,72240
2,-11,272,438,72240
1,14853709,72280
9,14192680,72280
10,14633933,72280
11,14181188,72280
2,-12,270,438,72280
1,14849220,72320
9,14189893,72320
10,14631450,72320
11,14178911,72320
2,-13,271,438,72320
1,14847453,72360
9,14187377,72360
10,14629445,72360
11,14178061,72360
2,-13,271,439,72360
1,14847419,72400
9,14186969,72400
10,14628969,72400
11,14178095,72400
2,-13,271,437,72400
1,14848846,72440
9,14187546,72440
10,14628935,72440
11,14179352,72440
2,-13,271,437,72440
1,14850853,72480
9,14188839,72480
10,14629581,72480
11,14181120,72480
2,-11,270,436,72480
1,14852756,72520
9,14189145,72520
10,14630294,72520
11,14182107,72520
2,-11,272,438,72520
1,14854695,72560
9,14190437,72560
10,14631247,72560
11,14183874,72560
2,-12,269,438,72560
1,14857312,72600
9,14192511,72600
10,14632573,72600
11,14185812,72600
2,-12,272,437,72600
1,14860678,72640
9,14194822,72640
10,14634443,72640
11,14188022,72640
2,-12,271,437,72640
1,14864078,72680
9,14196828,72680
10,14636176,72680
11,14190981,72680
2,-11,270,439,72680
1,14867818,72720
9,14199854,72720
10,14638658,72720
11,14193633,72720
2,-10,270,439,72720
1,14866084,72760
9,14197475,72760
10,14638387,72760
11,14192205,72760
2,-11,271,436,72760
1,14859319,72800
9,14192782,72800
10,14635598,72800
11,14187716,72800
2,-13,270,437,72800
1,14853913,72840
9,14189179,72840
10,14632232,72840
11,14184112,72840
2,-11,270,438,72840
1,14850003,72880
9,14186152,72880
10,14630294,72880
11,14182004,72880
2,-12,268,438,72880
1,14848540,72920
9,14184452,72920
10,14628867,72920
11,14180849,72920
2,-11,271,439,72920
1,14849017,72960
9,14184147,72960
10,14628560,72960
11,14181222,72960
2,-11,272,436,72960
1,14851465,73000
9,14185608,73000
10,14629308,73000
11,14182752,73000
2,-11,270,437,73000
1,14853947,73040
9,14187581,73040
10,14631042,73040
11,14184622,73040
2,-9,271,440,73040
1,14857346,73080
9,14189654,73080
10,14632708,73080
11,14186662,73080
2,-11,271,437,73080
1,14861631,73120
9,14191932,73120
10,14635156,73120
11,14189246,73120
2,-9,268,438,73120
1,14865438,73160
9,14194414,73160
10,14637367,73160
11,14191967,73160
2,-10,274,438,73160
1,14869858,73200
9,14198256,73200
10,14640460,73200
11,14195265,73200
2,-9,270,441,73200
1,14874313,73240
9,14202167,73240
10,14644133,73240
11,14199344,73240
2,-11,270,439,73240
1,14880092,73280
9,14206280,73280
10,14648008,73280
11,14203186,73280
2,-11,273,436,73280
1,14883628,73320
9,14208660,73320
10,14650967,73320
11,14205873,73320
2,-10,269,439,73320
1,14880262,73360
9,14206076,73360
10,14650219,73360
11,14203560,73360
2,-9,269,439,73360
1,14875502,73400
9,14203356,73400
10,14648586,73400
11,14200534,73400
2,-10,269,438,73400
1,14871014,73440
9,14201316,73440
10,14646887,73440
11,14198461,73440
2,-12,270,437,73440
1,14869519,73480
9,14200807,73480
10,14646138,73480
11,14197747,73480
2,-12,274,436,73480
1,14869451,73520
9,14201419,73520
10,14646037,73520
11,14197610,73520
2,-12,267,437,73520
1,14872205,73560
9,14202642,73560
10,14647362,73560
11,14199685,73560
2,-11,272,439,73560
1002,109,73480,1787824925686
1004,549,73520,1787824925687
1004,565,73520,1787824925687
1002,109,73560,1787824926085
1004,566,73560,1787824926086
1002,108,73560,1787824926893
1004,564,73560,1787824926893
1004,582,73560,1787824926894
101,108,108,0,73560,1787824926928
222,0,sqi=100
101,107,108,0,73560,1787824926995
222,0,sqi=100
1,14875502,73600
9,14205873,73600
10,14648995,73600
11,14201928,73600
2,-11,271,438,73600
1,14878800,73640
9,14208184,73640
10,14651306,73640
11,14204683,73640
2,-12,269,437,73640
1,14882677,73680
9,14211041,73680
10,14653890,73680
11,14207402,73680
2,-13,269,438,73680
1,14886519,73720
9,14214067,73720
10,14656644,73720
11,14210734,73720
2,-12,272,438,73720
1,14890803,73760
9,14217636,73760
10,14659738,73760
11,14213727,73760
2,-11,270,439,73760
1,14895188,73800
9,14221139,73800
10,14662833,73800
11,14217569,73800
2,-12,271,438,73800
1,14900084,73840
9,14225320,73840
10,14666811,73840
11,14221682,73840
2,-12,272,440,73840
1,14905219,73880
9,14229163,73880
10,14670381,73880
11,14225695,73880
2,-10,271,439,73880
1,14907633,73920
9,14230692,73920
10,14672522,73920
11,14228346,73920
2,-12,271,439,73920
1,14903382,73960
9,14227599,73960
10,14671536,73960
11,14225592,73960
2,-11,271,438,73960
1,14897262,74000
9,14224776,74000
10,14669939,74000
11,14222192,74000
2,-13,272,438,74000
1,14892979,74040
9,14222702,74040
10,14667830,74040
11,14220016,74040
2,-11,271,437,74040
1,14889715,74080
9,14221445,74080
10,14666742,74080
11,14218929,74080
2,-13,271,438,74080
1,14888864,74120
9,14221104,74120
10,14666301,74120
11,14218554,74120
2,-13,270,438,74120
1,14890565,74160
9,14221853,74160
10,14667490,74160
11,14220322,74160
2,-13,269,439,74160
1,14892876,74200
9,14223858,74200
10,14668748,74200
11,14222702,74200
2,-12,271,438,74200
1,14895087,74240
9,14225151,74240
10,14670041,74240
11,14224029,74240
2,-13,269,440,74240
1,14898419,74280
9,14227429,74280
10,14672013,74280
11,14226102,74280
2,-13,272,437,74280
1,14901852,74320
9,14230080,74320
10,14674630,74320
11,14228993,74320
2,-13,269,438,74320
1,14905354,74360
9,14232460,74360
10,14677045,74360
11,14231883,74360
2,-12,271,437,74360
1,14908585,74400
9,14235555,74400
10,14679901,74400
11,14234773,74400
2,-12,272,438,74400
1,14912359,74440
9,14239022,74440
10,14682655,74440
11,14238648,74440
2,-13,270,437,74440
1,14916337,74480
9,14241776,74480
10,14685680,74480
11,14241708,74480
2,-10,270,437,74480
1,14919974,74520
9,14244531,74520
10,14689353,74520
11,14245415,74520
2,-13,272,438,74520
1,14918376,74560
9,14242592,74560
10,14689353,74560
11,14244258,74560
2,-12,271,438,74560
1,14911815,74600
9,14238580,74600
10,14687381,74600
11,14240348,74600
2,-13,270,438,74600
1,14906307,74640
9,14235929,74640
10,14685171,74640
11,14237968,74640
2,-12,272,437,74640
1,14901886,74680
9,14233752,74680
10,14683130,74680
11,14235623,74680
2,-11,270,437,74680
1,14899472,74720
9,14232189,74720
10,14682213,74720
11,14234942,74720
2,-13,271,438,74720
1,14899268,74760
9,14232290,74760
10,14681669,74760
11,14235350,74760
2,-11,270,438,74760
1,14901206,74800
9,14233175,74800
10,14682382,74800
11,14237084,74800
2,-12,272,436,74800
1,14903960,74840
9,14234195,74840
10,14684252,74840
11,14238614,74840
2,-11,273,437,74840
1,14905015,74880
9,14235350,74880
10,14685137,74880
11,14240009,74880
2,-11,270,437,74880
1,14908312,74920
9,14237798,74920
10,14686836,74920
11,14242116,74920
2,-12,270,438,74920
1,14911679,74960
9,14240655,74960
10,14688877,74960
11,14244734,74960
2,-13,273,439,74960
1,14914365,75000
9,14243205,75000
10,14690713,75000
11,14247114,75000
2,-11,271,437,75000
1,14917968,75040
9,14246061,75040
10,14692820,75040
11,14249426,75040
2,-12,271,437,75040
1,14921606,75080
9,14249801,75080
10,14695506,75080
11,14252996,75080
2,-11,272,438,75080
1,14925551,75120
9,14252826,75120
10,14697751,75120
11,14255751,75120
2,-13,271,436,75120
1,14927590,75160
9,14255070,75160
10,14700232,75160
11,14258708,75160
2,-11,273,437,75160
1002,106,75160,1787824927708
1004,596,75160,1787824927708
1004,620,75160,1787824927709
101,106,106,0,75160,1787824928526
222,0,sqi=100
1,14922966,75200
9,14252180,75200
10,14699110,75200
11,14256498,75200
2,-11,271,437,75200
1,14915861,75240
9,14248236,75240
10,14696798,75240
11,14253200,75240
2,-11,272,437,75240
1,14909061,75280
9,14245415,75280
10,14693670,75280
11,14250413,75280
2,-12,273,436,75280
1,14904062,75320
9,14243035,75320
10,14691189,75320
11,14248713,75320
2,-11,273,437,75320
1,14900357,75360
9,14241028,75360
10,14689761,75360
11,14247285,75360
2,-12,274,437,75360
1,14900458,75400
9,14240553,75400
10,14689420,75400
11,14247863,75400
2,-11,272,437,75400
1,14901003,75440
9,14240688,75440
10,14689454,75440
11,14249189,75440
2,-12,271,437,75440
1,14901886,75480
9,14241368,75480
10,14690407,75480
11,14249529,75480
2,-10,273,437,75480
1,14903111,75520
9,14242150,75520
10,14690985,75520
11,14251160,75520
2,-11,272,438,75520
1,14904878,75560
9,14243714,75560
10,14692209,75560
11,14252657,75560
2,-11,274,436,75560
1,14907938,75600
9,14245619,75600
10,14693501,75600
11,14254255,75600
2,-12,273,438,75600
1,14910454,75640
9,14247896,75640
10,14695846,75640
11,14256940,75640
2,-10,271,437,75640
1,14913242,75680
9,14250888,75680
10,14697546,75680
11,14259525,75680
2,-11,274,436,75680
1,14916711,75720
9,14253541,75720
10,14700641,75720
11,14262618,75720
2,-11,273,435,75720
1,14920416,75760
9,14256057,75760
10,14703054,75760
11,14265304,75760
2,-10,272,437,75760
1,14917255,75800
9,14253541,75800
10,14703021,75800
11,14263673,75800
2,-11,272,437,75800
1,14909536,75840
9,14249868,75840
10,14701116,75840
11,14259593,75840
2,-11,273,437,75840
1,14901750,75880
9,14247182,75880
10,14698805,75880
11,14256669,75880
2,-13,272,437,75880
1,14896888,75920
9,14245040,75920
10,14697002,75920
11,14254527,75920
2,-11,271,437,75920
1,14894271,75960
9,14243885,75960
10,14696289,75960
11,14253506,75960
2,-12,274,437,75960
1,14893659,76000
9,14243749,76000
10,14696254,76000
11,14253677,76000
2,-13,272,436,76000
1,14895290,76040
9,14244871,76040
10,14696968,76040
11,14254798,76040
2,-11,272,437,76040
1,14897704,76080
9,14246129,76080
10,14697785,76080
11,14256192,76080
2,-11,274,437,76080
1,14899608,76120
9,14247624,76120
10,14699382,76120
11,14257587,76120
2,-10,271,437,76120
1,14901036,76160
9,14249426,76160
10,14700878,76160
11,14259185,76160
2,-11,272,439,76160
1,14903518,76200
9,14251670,76200
10,14703156,76200
11,14261292,76200
2,-11,273,439,76200
1,14907429,76240
9,14255343,76240
10,14705979,76240
11,14264217,76240
2,-11,271,436,76240
1,14910726,76280
9,14258742,76280
10,14708801,76280
11,14267004,76280
2,-9,272,437,76280
1,14915248,76320
9,14263061,76320
10,14711826,76320
11,14270098,76320
2,-11,271,436,76320
1,14920314,76360
9,14266936,76360
10,14715431,76360
11,14273736,76360
2,-10,273,438,76360
1,14919601,76400
9,14267073,76400
10,14716689,76400
11,14274077,76400
2,-11,272,437,76400
1,14912767,76440
9,14264251,76440
10,14715533,76440
11,14270744,76440
2,-12,270,439,76440
1,14905457,76480
9,14261667,76480
10,14713765,76480
11,14268500,76480
2,-11,272,438,76480
1,14899744,76520
9,14260544,76520
10,14711997,76520
11,14266767,76520
2,-12,272,437,76520
1,14895936,76560
9,14258981,76560
10,14711112,76560
11,14266053,76560
2,-10,274,436,76560
1,14894746,76600
9,14259422,76600
10,14711452,76600
11,14266426,76600
2,-13,271,437,76600
1,14895631,76640
9,14260783,76640
10,14712609,76640
11,14267855,76640
2,-12,274,436,76640
1,14896956,76680
9,14261531,76680
10,14714172,76680
11,14269486,76680
2,-10,273,436,76680
1,14898351,76720
9,14262925,76720
10,14715362,76720
11,14270472,76720
2,-10,274,437,76720
1,14899710,76760
9,14264761,76760
10,14716960,76760
11,14272002,76760
2,-10,272,437,76760
1002,105,76760,1787824928914
1004,625,76760,1787824928931
101,105,105,0,76760,1787824930170
222,0,sqi=100
101,103,105,0,76760,1787824930245
222,0,sqi=100
1,14901173,76800
9,14266563,76800
10,14718763,76800
11,14273906,76800
2,-12,272,438,76800
1,14904437,76840
9,14268602,76840
10,14720871,76840
11,14276150,76840
2,-10,273,436,76840
1,14907360,76880
9,14270982,76880
10,14723557,76880
11,14278938,76880
2,-12,273,437,76880
1,14911509,76920
9,14273975,76920
10,14726175,76920
11,14281794,76920
2,-11,274,438,76920
1,14915215,76960
9,14277341,76960
10,14729642,76960
11,14285126,76960
2,-11,272,436,76960
1,14918648,77000
9,14280095,77000
10,14732532,77000
11,14287812,77000
2,-13,276,436,77000
1,14915928,77040
9,14279040,77040
10,14732975,77040
11,14286656,77040
2,-11,272,438,77040
1,14907224,77080
9,14276015,77080
10,14730527,77080
11,14283596,77080
2,-11,271,437,77080
1,14900288,77120
9,14272580,77120
10,14729065,77120
11,14280706,77120
2,-13,274,438,77120
1,14894033,77160
9,14270643,77160
10,14727568,77160
11,14279347,77160
2,-10,272,436,77160
1,14890803,77200
9,14269384,77200
10,14726344,77200
11,14278632,77200
2,-10,273,437,77200
1,14890531,77240
9,14269996,77240
10,14726072,77240
11,14278734,77240
2,-10,269,438,77240
1,14892401,77280
9,14270711,77280
10,14726786,77280
11,14279482,77280
2,-8,272,437,77280
1,14892808,77320
9,14271968,77320
10,14727704,77320
11,14280672,77320
2,-12,272,436,77320
1,14893624,77360
9,14273091,77360
10,14728147,77360
11,14281386,77360
2,-13,275,438,77360
1,14895393,77400
9,14274280,77400
10,14728996,77400
11,14282780,77400
2,-14,278,436,77400
1,14896956,77440
9,14275912,77440
10,14730255,77440
11,14284208,77440
2,-12,277,437,77440
1,14899200,77480
9,14278191,77480
10,14731546,77480
11,14285908,77480
2,-14,285,440,77480
1,14901410,77520
9,14280333,77520
10,14732941,77520
11,14287915,77520
2,-7,265,434,77520
1,14904130,77560
9,14283121,77560
10,14734572,77560
11,14289955,77560
2,-12,272,435,77560
1,14908142,77600
9,14285908,77600
10,14736783,77600
11,14292436,77600
2,-11,274,437,77600
1,14910693,77640
9,14288425,77640
10,14738823,77640
11,14294341,77640
2,-10,275,436,77640
1,14906340,77680
9,14285840,77680
10,14737497,77680
11,14291927,77680
2,-11,272,439,77680
1,14896752,77720
9,14282610,77720
10,14734301,77720
11,14288153,77720
2,-11,273,434,77720
1,14889442,77760
9,14280128,77760
10,14731784,77760
11,14285194,77760
2,-11,272,436,77760
1,14883935,77800
9,14277986,77800
10,14729031,77800
11,14283053,77800
2,-12,276,436,77800
1,14880501,77840
9,14277000,77840
10,14727160,77840
11,14281829,77840
2,-12,271,435,77840
1,14879889,77880
9,14276932,77880
10,14726752,77880
11,14281726,77880
2,-11,274,437,77880
1,14880466,77920
9,14278191,77920
10,14726514,77920
11,14282169,77920
2,-11,272,436,77920
1,14881045,77960
9,14278666,77960
10,14726549,77960
11,14282679,77960
2,-11,269,437,77960
1,14880705,78000
9,14278836,78000
10,14726616,78000
11,14282916,78000
2,-13,279,435,78000
1,14880773,78040
9,14279789,78040
10,14726786,78040
11,14283596,78040
2,-11,274,436,78040
1,14882167,78080
9,14281080,78080
10,14727058,78080
11,14284379,78080
2,-11,271,437,78080
1,14883424,78120
9,14282440,78120
10,14728045,78120
11,14285806,78120
2,-10,275,438,78120
1,14885328,78160
9,14284073,78160
10,14729574,78160
11,14287473,78160
2,-12,271,436,78160
1,14888320,78200
9,14286384,78200
10,14731037,78200
11,14289546,78200
2,-12,272,435,78200
1,14889850,78240
9,14287710,78240
10,14732260,78240
11,14291179,78240
2,-13,273,436,78240
1,14885737,78280
9,14284446,78280
10,14731173,78280
11,14289309,78280
2,-11,272,437,78280
1,14876251,78320
9,14279891,78320
10,14728112,78320
11,14284787,78320
2,-11,272,436,78320
1,14868397,78360
9,14276422,78360
10,14725256,78360
11,14281454,78360
2,-12,272,436,78360
1002,102,78200,1787824930527
1004,611,78200,1787824930528
1004,611,78200,1787824930528
1002,100,78360,1787824930955
1004,629,78360,1787824930956
1004,630,78360,1787824930956
101,101,100,0,78360,1787824931732
222,0,sqi=100
101,100,100,0,78360,1787824931818
222,0,sqi=100
1,14862787,78400
9,14273363,78400
10,14723047,78400
11,14279244,78400
2,-10,278,437,78400
1,14859319,78440
9,14271254,78440
10,14721108,78440
11,14277851,78440
2,-11,273,438,78440
1,14859285,78480
9,14270200,78480
10,14720701,78480
11,14277680,78480
2,-11,274,436,78480
1,14859998,78520
9,14270677,78520
10,14720632,78520
11,14278598,78520
2,-11,275,436,78520
1,14861053,78560
9,14271153,78560
10,14721074,78560
11,14278734,78560
2,-10,274,434,78560
1,14862412,78600
9,14271832,78600
10,14721584,78600
11,14279448,78600
2,-12,273,437,78600
1,14863569,78640
9,14272920,78640
10,14722706,78640
11,14280978,78640
2,-13,277,436,78640
1,14866084,78680
9,14274791,78680
10,14723387,78680
11,14282135,78680
2,-11,276,435,78680
1,14868567,78720
9,14276864,78720
10,14724985,78720
11,14283665,78720
2,-10,271,435,78720
1,14871661,78760
9,14279313,78760
10,14727296,78760
11,14286044,78760
2,-12,274,436,78760
1,14875740,78800
9,14282271,78800
10,14729371,78800
11,14288628,78800
2,-13,275,436,78800
1,14878869,78840
9,14284787,78840
10,14731750,78840
11,14290634,78840
2,-13,273,437,78840
1,14875400,78880
9,14282746,78880
10,14731173,78880
11,14288628,78880
2,-11,273,436,78880
1,14866867,78920
9,14279142,78920
10,14728690,78920
11,14284787,78920
2,-11,274,436,78920
1,14860712,78960
9,14277375,78960
10,14726923,78960
11,14282135,78960
2,-12,274,436,78960
1,14856259,79000
9,14275301,79000
10,14725120,79000
11,14280333,79000
2,-11,275,436,79000
1,14854082,79040
9,14274587,79040
10,14724270,79040
11,14279381,79040
2,-11,275,434,79040
1,14854728,79080
9,14275368,79080
10,14724270,79080
11,14279652,79080
2,-11,271,436,79080
1,14857007,79120
9,14276864,79120
10,14724883,79120
11,14281216,79120
2,-11,277,436,79120
1,14860067,79160
9,14278803,79160
10,14726719,79160
11,14282169,79160
2,-11,273,435,79160
1,14863704,79200
9,14281250,79200
10,14728079,79200
11,14283834,79200
2,-11,275,436,79200
1,14871626,79240
9,14285568,79240
10,14731342,79240
11,14286861,79240
2,-10,272,436,79240
1,14880534,79280
9,14291451,79280
10,14736918,79280
11,14292538,79280
2,-10,275,435,79280
1,14890428,79320
9,14298761,79320
10,14743379,79320
11,14299339,79320
2,-12,276,435,79320
1,14901104,79360
9,14306751,79360
10,14751131,79360
11,14307158,79360
2,-11,273,436,79360
1,14910930,79400
9,14315488,79400
10,14759188,79400
11,14315080,79400
2,-12,274,437,79400
1,14921912,79440
9,14324363,79440
10,14767178,79440
11,14323682,79440
2,-11,274,436,79440
1,14927828,79480
9,14329394,79480
10,14773571,79480
11,14329530,79480
2,-12,274,435,79480
1,14927183,79520
9,14331741,79520
10,14776970,79520
11,14331435,79520
2,-12,271,437,79520
1,14925211,79560
9,14334324,79560
10,14780710,79560
11,14334052,79560
2,-12,274,436,79560
1,14923952,79600
9,14337180,79600
10,14783430,79600
11,14336194,79600
2,-12,274,436,79600
1,14923919,79640
9,14340342,79640
10,14786321,79640
11,14339662,79640
2,-12,275,437,79640
1,14925449,79680
9,14344083,79680
10,14789958,79680
11,14343267,79680
2,-12,275,435,79680
1,14929257,79720
9,14347754,79720
10,14793801,79720
11,14347687,79720
2,-13,273,435,79720
1,14931976,79760
9,14352141,79760
10,14797302,79760
11,14352175,79760
2,-13,274,435,79760
1,14933269,79800
9,14354928,79800
10,14799988,79800
11,14355915,79800
2,-11,273,434,79800
1,14934186,79840
9,14357819,79840
10,14802164,79840
11,14358397,79840
2,-13,274,435,79840
1,14934254,79880
9,14359518,79880
10,14803185,79880
11,14359927,79880
2,-12,274,436,79880
1,14933269,79920
9,14361184,79920
10,14803694,79920
11,14360981,79920
2,-13,272,436,79920
1,14933370,79960
9,14362239,79960
10,14803762,79960
11,14361592,79960
2,-12,275,437,79960
1002,99,79960,1787824932583
1004,603,79960,1787824932584
1002,99,79960,1787824932976
1004,601,79960,1787824932977
1004,622,79960,1787824932977
101,99,99,0,79960,1787824933361
222,0,sqi=100
1,14933472,80000
9,14364177,80000
10,14804034,80000
11,14362239,80000
2,-13,273,437,80000
1,14934867,80040
9,14365401,80040
10,14804306,80040
11,14363088,80040
2,-13,272,437,80040
1,14937382,80080
9,14361490,80080
10,14803286,80080
11,14362714,80080
2,-13,273,435,80080
1,14937892,80120
9,14347279,80120
10,14801621,80120
11,14356425,80120
2,-13,275,436,80120
1,14948398,80160
9,14327763,80160
10,14802063,80160
11,14347720,80160
2,-12,275,437,80160
1,14972573,80200
9,14299713,80200
10,14804511,80200
11,14337996,80200
2,-12,272,436,80200
1,15006471,80240
9,14271356,80240
10,14812535,80240
11,14328680,80240
2,-13,274,436,80240
1,15035643,80280
9,14242932,80280
10,14822224,80280
11,14321608,80280
2,-10,274,436,80280
1,15067671,80320
9,14224436,80320
10,14837218,80320
11,14324906,80320
2,-14,272,435,80320
1,15100413,80360
9,14217636,80360
10,14856463,80360
11,14336466,80360
2,-12,273,438,80360
1,15130808,80400
9,14216412,80400
10,14876353,80400
11,14353433,80400
2,-12,274,436,80400
1,15155492,80440
9,14221071,80440
10,14898282,80440
11,14372881,80440
2,-12,272,438,80440
1,15180789,80480
9,14231135,80480
10,14922457,80480
11,14399434,80480
2,-12,275,435,80480
1,15205983,80520
9,14249189,80520
10,14945916,80520
11,14426838,80520
2,-11,274,438,80520
1,15228898,80560
9,14271323,80560
10,14968459,80560
11,14455500,80560
2,-12,273,436,80560
1,15253004,80600
9,14294578,80600
10,14988825,80600
11,14485046,80600
2,-13,274,436,80600
1,15279729,80640
9,14316576,80640
10,15008544,80640
11,14512450,80640
2,-12,273,438,80640
1,15305059,80680
9,14338677,80680
10,15027380,80680
11,14540127,80680
2,-13,276,435,80680
1,15326309,80720
9,14353569,80720
10,15041660,80720
11,14560255,80720
2,-12,274,436,80720
1,15345518,80760
9,14367951,80760
10,15055294,80760
11,14577764,80760
2,-12,274,437,80760
1,15367959,80800
9,14382230,80800
10,15069404,80800
11,14595274,80800
2,-12,274,435,80800
1,15388256,80840
9,14400624,80840
10,15083719,80840
11,14613124,80840
2,-12,273,436,80840
1,15408928,80880
9,14423030,80880
10,15097251,80880
11,14631280,80880
2,-11,277,436,80880
1,15424738,80920
9,14454854,80920
10,15109763,80920
11,14648961,80920
2,-11,272,436,80920
1,15435108,80960
9,14491235,80960
10,15121459,80960
11,14665416,80960
2,-11,274,436,80960
1,15441535,81000
9,14526663,81000
10,15128088,81000
11,14678370,81000
2,-12,274,436,81000
1,15442996,81040
9,14554135,81040
10,15133562,81040
11,14685476,81040
2,-11,274,436,81040
1,15432457,81080
9,14567768,81080
10,15134583,81080
11,14683675,81080
2,-11,274,437,81080
1,15419673,81120
9,14570420,81120
10,15129822,81120
11,14676840,81120
2,-11,272,437,81120
1,15410323,81160
9,14566306,81160
10,15125811,81160
11,14668375,81160
2,-11,273,438,81160
1,15402808,81200
9,14560187,81200
10,15122920,81200
11,14658787,81200
2,-12,272,436,81200
1,15389209,81240
9,14554508,81240
10,15121085,81240
11,14648654,81240
2,-13,276,436,81240
1,15379383,81280
9,14546893,81280
10,15119453,81280
11,14639202,81280
2,-10,274,435,81280
1,15367618,81320
9,14534414,81320
10,15115780,81320
11,14625942,81320
2,-12,270,437,81320
1,15352216,81360
9,14522616,81360
10,15110816,81360
11,14612376,81360
2,-12,274,436,81360
1,15338039,81400
9,14512824,81400
10,15106634,81400
11,14601225,81400
2,-11,274,437,81400
1,15326751,81440
9,14505889,81440
10,15103574,81440
11,14592011,81440
2,-13,270,434,81440
1,15318590,81480
9,14500517,81480
10,15100684,81480
11,14583647,81480
2,-13,274,438,81480
1,15313933,81520
9,14497388,81520
10,15098407,81520
11,14576915,81520
2,-13,272,436,81520
1,15310805,81560
9,14495042,81560
10,15097251,81560
11,14571747,81560
2,-12,272,438,81560
1002,99,81560,1787824934589
1004,604,81560,1787824934632
101,99,99,0,81560,1787824934924
222,0,sqi=100
1002,99,81560,1787824935006
1004,606,81560,1787824935006
1004,606,81560,1787824935006
101,98,99,0,81560,1787824935007
222,0,sqi=100
1,15308663,81600
9,14492084,81600
10,15095823,81600
11,14566306,81600
2,-11,275,435,81600
1,15305195,81640
9,14489636,81640
10,15094395,81640
11,14561275,81640
2,-11,273,437,81640
1,15303732,81680
9,14487461,81680
10,15093205,81680
11,14556106,81680
2,-13,272,435,81680
1,15302271,81720
9,14486169,81720
10,15091709,81720
11,14551007,81720
2,-14,273,440,81720
1,15301522,81760
9,14484434,81760
10,15090485,81760
11,14546383,81760
2,-13,276,435,81760
1,15302610,81800
9,14484197,81800
10,15090178,81800
11,14541929,81800
2,-13,268,435,81800
1,15303936,81840
9,14484673,81840
10,15089805,81840
11,14538121,81840
2,-13,273,437,81840
1,15306588,81880
9,14484571,81880
10,15090213,81880
11,14534414,81880
2,-10,270,436,81880
1,15301013,81920
9,14480864,81920
10,15088479,81920
11,14527240,81920
2,-11,276,434,81920
1,15289486,81960
9,14474677,81960
10,15084568,81960
11,14518570,81960
2,-12,273,437,81960
1,15277314,82000
9,14468897,82000
10,15081168,82000
11,14510513,82000
2,-12,271,436,82000
1,15264769,82040
9,14463490,82040
10,15078414,82040
11,14503814,82040
2,-11,273,437,82040
1,15251474,82080
9,14457983,82080
10,15074878,82080
11,14497763,82080
2,-10,274,435,82080
1,15237535,82120
9,14452134,82120
10,15072294,82120
11,14493716,82120
2,-11,272,437,82120
1,15223935,82160
9,14447068,82160
10,15069541,82160
11,14491371,82160
2,-9,271,439,82160
1,15212476,82200
9,14441833,82200
10,15066787,82200
11,14489195,82200
2,-8,268,438,82200
1,15203772,82240
9,14436189,82240
10,15063761,82240
11,14485794,82240
2,-11,269,440,82240
1,15195714,82280
9,14431395,82280
10,15060633,82280
11,14482020,82280
2,-8,266,439,82280
1,15189934,82320
9,14427144,82320
10,15058423,82320
11,14478620,82320
2,-8,276,437,82320
1,15186705,82360
9,14423099,82360
10,15055635,82360
11,14475900,82360
2,-10,276,441,82360
1,15184188,82400
9,14420140,82400
10,15053934,82400
11,14473487,82400
2,-5,274,436,82400
1,15182148,82440
9,14417183,82440
10,15052540,82440
11,14471820,82440
2,-6,270,439,82440
1,15180822,82480
9,14414632,82480
10,15050602,82480
11,14470053,82480
2,-7,268,442,82480
1,15173887,82520
9,14408955,82520
10,15044891,82520
11,14463490,82520
2,-21,263,432,82520
1,15163211,82560
9,14402698,82560
10,15038396,82560
11,14455093,82560
2,7,256,419,82560
1,15154473,82600
9,14396782,82600
10,15033433,82600
11,14447680,82600
2,2,263,441,82600
1,15146754,82640
9,14391784,82640
10,15029455,82640
11,14441084,82640
2,-7,285,429,82640
1,15140634,82680
9,14386719,82680
10,15025749,82680
11,14435917,82680
2,0,278,436,82680
1,15138357,82720
9,14383863,82720
10,15022926,82720
11,14432550,82720
2,1,272,426,82720
1,15137031,82760
9,14381279,82760
10,15019866,82760
11,14429286,82760
2,1,276,437,82760
1,15136214,82800
9,14378320,82800
10,15016398,82800
11,14426158,82800
2,3,264,440,82800
1,15134379,82840
9,14376790,82840
10,15013270,82840
11,14423812,82840
2,5,267,443,82840
1,15131862,82880
9,14375702,82880
10,15010210,82880
11,14421670,82880
2,4,265,441,82880
1,15131080,82920
9,14375736,82920
10,15008068,82920
11,14420855,82920
2,6,228,440,82920
1,15130264,82960
9,14376213,82960
10,15006096,82960
11,14420345,82960
2,2,286,442,82960
1,15131114,83000
9,14376858,83000
10,15004805,83000
11,14419563,83000
2,3,267,437,83000
1,15132135,83040
9,14377844,83040
10,15003818,83040
11,14419393,83040
2,2,234,447,83040
1,15133087,83080
9,14379375,83080
10,15002832,83080
11,14419460,83080
2,-4,261,448,83080
1,15129754,83120
9,14377300,83120
10,14999602,83120
11,14415891,83120
2,-5,273,443,83120
1,15120575,83160
9,14372813,83160
10,14994945,83160
11,14409498,83160
2,-1,257,446,83160
101,97,99,0,83160,1787824936529
222,0,sqi=99
1,15112517,83200
9,14368902,83200
10,14990660,83200
11,14403888,83200
2,-4,263,444,83200
1,15105547,83240
9,14365944,83240
10,14986207,83240
11,14399367,83240
2,-5,264,443,83240
1,15100718,83280
9,14363360,83280
10,14983113,83280
11,14396408,83280
2,-3,270,437,83280
1,15098032,83320
9,14360878,83320
10,14980529,83320
11,14393280,83320
2,-4,268,441,83320
1,15096571,83360
9,14359961,83360
10,14978387,83360
11,14391207,83360
2,-3,270,437,83360
1,15096978,83400
9,14359213,83400
10,14976347,83400
11,14389847,83400
2,-3,275,438,83400
1,15095550,83440
9,14358397,83440
10,14974613,83440
11,14387398,83440
2,-3,269,435,83440
1,15094938,83480
9,14357785,83480
10,14973219,83480
11,14385936,83480
2,-5,269,439,83480
1,15095585,83520
9,14358260,83520
10,14971689,83520
11,14384339,83520
2,-5,276,435,83520
1,15096571,83560
9,14359450,83560
10,14970702,83560
11,14383590,83560
2,-5,270,437,83560
1,15099291,83600
9,14361355,83600
10,14969988,83600
11,14382673,83600
2,-6,270,439,83600
1,15100990,83640
9,14363191,83640
10,14969309,83640
11,14382536,83640
2,-6,268,439,83640
1,15103337,83680
9,14366319,83680
10,14969003,83680
11,14382978,83680
2,-9,268,440,83680
1,15102759,83720
9,14366285,83720
10,14967439,83720
11,14381585,83720
2,-7,269,442,83720
1,15096333,83760
9,14363599,83760
10,14963528,83760
11,14377266,83760
2,-8,260,440,83760
1,15088682,83800
9,14362001,83800
10,14959924,83800
11,14372915,83800
2,-9,268,440,83800
1,15082664,83840
9,14360743,83840
10,14956320,83840
11,14370059,83840
2,-7,264,443,83840
1,15078245,83880
9,14359655,83880
10,14953906,83880
11,14367883,83880
2,-6,262,444,83880
1,15074233,83920
9,14359485,83920
10,14951900,83920
11,14366964,83920
2,-10,259,443,83920
1,15072771,83960
9,14359382,83960
10,14950030,83960
11,14365944,83960
2,-10,260,446,83960
1,15073927,84000
9,14360437,84000
10,14949384,84000
11,14365366,84000
2,-10,257,446,84000
1,15075423,84040
9,14361218,84040
10,14948602,84040
11,14364822,84040
2,-9,256,446,84040
1002,99,83560,1787824936626
1004,608,83560,1787824936626
1,15077054,84080
9,14362681,84080
10,14947752,84080
11,14364720,84080
2,-11,258,445,84080
1004,588,84080,1787824936627
1,15078891,84120
9,14364381,84120
10,14946869,84120
11,14364584,84120
2,-12,262,444,84120
1,15080760,84160
9,14366285,84160
10,14946596,84160
11,14364891,84160
2,-10,260,444,84160
1,15082121,84200
9,14367509,84200
10,14945577,84200
11,14365128,84200
2,-11,258,443,84200
1,15083548,84240
9,14369243,84240
10,14944931,84240
11,14365197,84240
2,-3,260,438,84240
1,15085929,84280
9,14371283,84280
10,14945169,84280
11,14366149,84280
2,-5,269,438,84280
1,15088036,84320
9,14372983,84320
10,14944557,84320
11,14366319,84320
2,-4,275,436,84320
1,15082427,84360
9,14369481,84360
10,14941395,84360
11,14362306,84360
2,-2,272,437,84360
1,15073281,84400
9,14364891,84400
10,14936498,84400
11,14358023,84400
2,-3,270,437,84400
1,15065393,84440
9,14361763,84440
10,14932997,84440
11,14354180,84440
2,-1,269,431,84440
1,15059477,84480
9,14359281,84480
10,14929971,84480
11,14351494,84480
2,-4,283,438,84480
1,15056110,84520
9,14357342,84520
10,14927522,84520
11,14349964,84520
2,-2,274,435,84520
1,15053493,84560
9,14356628,84560
10,14925958,84560
11,14348911,84560
2,-4,275,436,84560
1,15052711,84600
9,14356425,84600
10,14924394,84600
11,14348502,84600
2,-5,280,430,84600
1,15052575,84640
9,14356866,84640
10,14923613,84640
11,14348639,84640
2,-2,278,432,84640
1,15052269,84680
9,14357547,84680
10,14922253,84680
11,14348707,84680
2,-3,273,437,84680
1,15052336,84720
9,14358567,84720
10,14921776,84720
11,14349012,84720
2,-2,263,440,84720
1,15052744,84760
9,14360063,84760
10,14921198,84760
11,14349624,84760
2,-4,269,439,84760
1002,99,84760,1787824937011
1004,615,84760,1787824937015
101,98,99,0,84760,1787824938189
222,0,sqi=100
101,98,99,0,84760,1787824938263
222,0,sqi=100
1,15053458,84800
9,14361966,84800
10,14920791,84800
11,14350815,84800
2,-4,267,438,84800
1,15055839,84840
9,14363972,84840
10,14920994,84840
11,14352038,84840
2,-6,271,439,84840
1,15057810,84880
9,14366489,84880
10,14921130,84880
11,14353195,84880
2,-4,275,439,84880
1,15058763,84920
9,14367033,84920
10,14920553,84920
11,14353772,84920
2,-4,269,440,84920
1,15051860,84960
9,14364177,84960
10,14917561,84960
11,14350372,84960
2,-3,262,441,84960
1,15043054,85000
9,14360369,85000
10,14913787,85000
11,14346361,85000
2,-3,267,441,85000
1,15035744,85040
9,14357615,85040
10,14909842,85040
11,14343505,85040
2,-3,265,441,85040
1,15030645,85080
9,14355166,85080
10,14906442,85080
11,14341158,85080
2,-4,268,442,85080
1,15028265,85120
9,14354146,85120
10,14904811,85120
11,14339662,85120
2,-3,268,440,85120
1,15029727,85160
9,14354283,85160
10,14904301,85160
11,14340513,85160
2,-5,264,440,85160
1,15032718,85200
9,14355812,85200
10,14905015,85200
11,14342383,85200
2,-2,267,439,85200
1,15035201,85240
9,14357921,85240
10,14905626,85240
11,14344355,85240
2,-3,266,441,85240
1,15038091,85280
9,14361048,85280
10,14906238,85280
11,14345715,85280
2,-4,289,428,85280
1,15040233,85320
9,14364211,85320
10,14905966,85320
11,14346666,85320
2,-10,264,440,85320
1,15042442,85360
9,14366523,85360
10,14905694,85360
11,14347823,85360
2,-4,277,442,85360
1,15045740,85400
9,14369888,85400
10,14905015,85400
11,14348367,85400
2,-2,269,440,85400
1,15048393,85440
9,14372745,85440
10,14905015,85440
11,14349387,85440
2,0,278,437,85440
1,15050705,85480
9,14375159,85480
10,14905219,85480
11,14350169,85480
2,-5,267,437,85480
1,15051487,85520
9,14376722,85520
10,14905252,85520
11,14350815,85520
2,-3,266,440,85520
1,15045570,85560
9,14373594,85560
10,14902601,85560
11,14347312,85560
2,-6,270,440,85560
1,15036425,85600
9,14369310,85600
10,14898758,85600
11,14343606,85600
2,-3,271,437,85600
1,15028945,85640
9,14366896,85640
10,14895120,85640
11,14340581,85640
2,-5,267,439,85640
1,15024015,85680
9,14364992,85680
10,14892604,85680
11,14338404,85680
2,-4,272,438,85680
1,15022893,85720
9,14363938,85720
10,14890089,85720
11,14337453,85720
2,-3,266,439,85720
1,15022756,85760
9,14364245,85760
10,14889171,85760
11,14336501,85760
2,-6,268,438,85760
1,15024728,85800
9,14365095,85800
10,14888899,85800
11,14336704,85800
2,-3,267,441,85800
1,15025681,85840
9,14366217,85840
10,14888185,85840
11,14337078,85840
2,-3,267,437,85840
1,15025171,85880
9,14366557,85880
10,14888218,85880
11,14337418,85880
2,-4,268,438,85880
1,15026190,85920
9,14367610,85920
10,14887470,85920
11,14338167,85920
2,-6,268,439,85920
1,15027177,85960
9,14369549,85960
10,14888218,85960
11,14339119,85960
2,-5,270,440,85960
1,15028367,86000
9,14371384,86000
10,14887913,86000
11,14340173,86000
2,-4,269,438,86000
1,15030848,86040
9,14373458,86040
10,14888524,86040
11,14342281,86040
2,-3,269,439,86040
1,15033433,86080
9,14376450,86080
10,14888864,86080
11,14342858,86080
2,-5,270,436,86080
1,15036153,86120
9,14378015,86120
10,14889306,86120
11,14343946,86120
2,-3,268,438,86120
1,15031630,86160
9,14375669,86160
10,14887198,86160
11,14341703,86160
2,-6,271,439,86160
1,15022893,86200
9,14371283,86200
10,14883765,86200
11,14338030,86200
2,-6,266,438,86200
1,15015072,86240
9,14367441,86240
10,14880364,86240
11,14335514,86240
2,-6,271,438,86240
1,15009191,86280
9,14364822,86280
10,14878290,86280
11,14333610,86280
2,-5,270,439,86280
1,15006334,86320
9,14363258,86320
10,14876216,86320
11,14332897,86320
2,-7,271,437,86320
1,15005858,86360
9,14362647,86360
10,14874958,86360
11,14333304,86360
2,-5,269,438,86360
1002,99,86360,1787824938630
1004,611,86360,1787824938630
1004,612,86360,1787824938654
1002,99,86360,1787824939039
1004,598,86360,1787824939040
1004,605,86360,1787824939040
101,99,99,0,86360,1787824939727
222,0,sqi=100
101,98,99,0,86360,1787824939803
222,0,sqi=100
1,15007287,86400
9,14363360,86400
10,14874483,86400
11,14333712,86400
2,-7,267,441,86400
1,15008680,86440
9,14363088,86440
10,14874075,86440
11,14334358,86440
2,-7,266,440,86440
1,15009972,86480
9,14363938,86480
10,14873599,86480
11,14334937,86480
2,-8,267,441,86480
1,15011741,86520
9,14365469,86520
10,14873803,86520
11,14335787,86520
2,-7,269,439,86520
1,15013475,86560
9,14367066,86560
10,14874108,86560
11,14337282,86560
2,-7,265,437,86560
1,15015277,86600
9,14369208,86600
10,14874585,86600
11,14339560,86600
2,-5,269,438,86600
1,15018472,86640
9,14372847,86640
10,14876625,86640
11,14345238,86640
2,-10,267,440,86640
1,15022689,86680
9,14377811,86680
10,14879175,86680
11,14351155,86680
2,-7,271,437,86680
1,15027449,86720
9,14383556,86720
10,14881793,86720
11,14357172,86720
2,-6,269,438,86720
1,15031971,86760
9,14386786,86760
10,14883424,86760
11,14360810,86760
2,-5,270,441,86760
1,15028842,86800
9,14385154,86800
10,14882506,86800
11,14360402,86800
2,-7,270,438,86800
1002,99,86600,1787824939851
1004,608,86600,1787824939851
1,15022484,86840
9,14382264,86840
10,14880433,86840
11,14358125,86840
2,-7,269,437,86840
1,15017010,86880
9,14380224,86880
10,14878766,86880
11,14356697,86880
2,-5,271,440,86880
1,15013849,86920
9,14377743,86920
10,14877679,86920
11,14356901,86920
2,-4,271,437,86920
1,15012659,86960
9,14376926,86960
10,14877033,86960
11,14356697,86960
2,-7,267,439,86960
1,15013270,87000
9,14377028,87000
10,14877304,87000
11,14357716,87000
2,-5,268,439,87000
1,15015379,87040
9,14377640,87040
10,14878290,87040
11,14359281,87040
2,-7,270,438,87040
1,15017112,87080
9,14377980,87080
10,14878834,87080
11,14360233,87080
2,-5,269,439,87080
1,15019357,87120
9,14378592,87120
10,14879752,87120
11,14361695,87120
2,-8,271,439,87120
1,15021362,87160
9,14379069,87160
10,14880534,87160
11,14363088,87160
2,-7,271,439,87160
1,15023913,87200
9,14380735,87200
10,14881146,87200
11,14364347,87200
2,-6,270,441,87200
1,15026598,87240
9,14382027,87240
10,14882303,87240
11,14365265,87240
2,-5,268,438,87240
1,15029216,87280
9,14382978,87280
10,14882813,87280
11,14366352,87280
2,-9,270,437,87280
1,15031597,87320
9,14384271,87320
10,14884071,87320
11,14368257,87320
2,-5,266,434,87320
1,15034589,87360
9,14385562,87360
10,14885498,87360
11,14369922,87360
2,-8,273,440,87360
1,15036493,87400
9,14386719,87400
10,14886178,87400
11,14371113,87400
2,-9,273,437,87400
1,15032379,87440
9,14383251,87440
10,14885023,87440
11,14368936,87440
2,-8,275,436,87440
1,15024388,87480
9,14378626,87480
10,14882677,87480
11,14366012,87480
2,-6,274,437,87480
1,15019051,87520
9,14375736,87520
10,14880568,87520
11,14364619,87520
2,-10,271,438,87520
1,15015515,87560
9,14373969,87560
10,14878494,87560
11,14363803,87560
2,-9,269,436,87560
1,15013747,87600
9,14372268,87600
10,14877237,87600
11,14363258,87600
2,-9,267,439,87600
1,15013203,87640
9,14372031,87640
10,14876488,87640
11,14363395,87640
2,-10,269,439,87640
1,15014291,87680
9,14372064,87680
10,14876693,87680
11,14364381,87680
2,-8,270,442,87680
1,15015548,87720
9,14372983,87720
10,14876421,87720
11,14365299,87720
2,-7,266,440,87720
1,15017180,87760
9,14373935,87760
10,14876727,87760
11,14366454,87760
2,-9,268,438,87760
1,15019527,87800
9,14375736,87800
10,14877270,87800
11,14367883,87800
2,-8,268,439,87800
1,15021736,87840
9,14377539,87840
10,14878834,87840
11,14369276,87840
2,-9,270,441,87840
1,15025408,87880
9,14379476,87880
10,14880262,87880
11,14371555,87880
2,-8,264,439,87880
1,15029149,87920
9,14382707,87920
10,14881827,87920
11,14373527,87920
2,-8,265,442,87920
1,15032651,87960
9,14385426,87960
10,14883969,87960
11,14376145,87960
2,-8,265,441,87960
1002,99,87960,1787824941078
1004,628,87960,1787824941078
1004,638,87960,1787824941079
101,98,99,0,87960,1787824941329
222,0,sqi=100
1,15035880,88000
9,14387840,88000
10,14885703,88000
11,14378456,88000
2,-7,267,440,88000
1,15035813,88040
9,14387160,88040
10,14885940,88040
11,14378423,88040
2,-8,268,439,88040
1,15029353,88080
9,14383556,88080
10,14884138,88080
11,14375804,88080
2,-7,269,439,88080
1,15022926,88120
9,14380428,88120
10,14882031,88120
11,14374920,88120
2,-7,269,439,88120
1,15017895,88160
9,14378048,88160
10,14880058,88160
11,14374240,88160
2,-8,269,441,88160
1,15014529,88200
9,14375804,88200
10,14878970,88200
11,14373561,88200
2,-9,266,439,88200
1,15013814,88240
9,14374920,88240
10,14878359,88240
11,14373764,88240
2,-10,264,442,88240
1,15015242,88280
9,14375057,88280
10,14878563,88280
11,14374376,88280
2,-8,266,440,88280
1,15016500,88320
9,14375702,88320
10,14878529,88320
11,14375125,88320
2,-8,268,440,88320
1,15018778,88360
9,14375941,88360
10,14878665,88360
11,14375975,88360
2,-10,267,441,88360
1,15020070,88400
9,14377028,88400
10,14879175,88400
11,14376790,88400
2,-9,267,440,88400
1,15022791,88440
9,14378218,88440
10,14879617,88440
11,14377572,88440
2,-8,267,440,88440
1,15023640,88480
9,14378525,88480
10,14880228,88480
11,14378320,88480
2,-8,267,440,88480
1,15025681,88520
9,14379510,88520
10,14881453,88520
11,14379510,88520
2,-9,266,439,88520
1,15028911,88560
9,14380972,88560
10,14881827,88560
11,14380395,88560
2,-8,269,439,88560
1,15032481,88600
9,14383114,88600
10,14882303,88600
11,14381721,88600
2,-8,269,440,88600
1,15034146,88640
9,14384202,88640
10,14883016,88640
11,14382503,88640
2,-8,266,439,88640
1,15029080,88680
9,14380496,88680
10,14880228,88680
11,14379476,88680
2,-9,268,439,88680
1,15020444,88720
9,14375941,88720
10,14876829,88720
11,14375873,88720
2,-9,266,439,88720
1,15013304,88760
9,14372677,88760
10,14873768,88760
11,14373969,88760
2,-9,270,440,88760
1,15008715,88800
9,14369888,88800
10,14871491,88800
11,14372132,88800
2,-7,265,439,88800
1,15005484,88840
9,14367883,88840
10,14869484,88840
11,14371248,88840
2,-8,266,439,88840
1,15005008,88880
9,14367271,88880
10,14868158,88880
11,14371079,88880
2,-9,267,440,88880
1,15005382,88920
9,14366964,88920
10,14867784,88920
11,14370772,88920
2,-6,268,440,88920
1,15004974,88960
9,14366489,88960
10,14866867,88960
11,14370908,88960
2,-9,265,440,88960
1,15005144,89000
9,14366489,89000
10,14866119,89000
11,14370194,89000
2,-7,267,441,89000
1,15005654,89040
9,14366523,89040
10,14865507,89040
11,14370127,89040
2,-8,267,440,89040
1,15005790,89080
9,14366319,89080
10,14865031,89080
11,14370229,89080
2,-8,266,440,89080
1,15007559,89120
9,14366999,89120
10,14864657,89120
11,14370840,89120
2,-8,268,439,89120
1,15009088,89160
9,14368393,89160
10,14864146,89160
11,14370398,89160
2,-7,269,440,89160
1,15011979,89200
9,14369787,89200
10,14863331,89200
11,14369549,89200
2,-9,266,440,89200
1,15011945,89240
9,14369243,89240
10,14862412,89240
11,14367951,89240
2,-8,267,439,89240
1,15003105,89280
9,14363667,89280
10,14859047,89280
11,14362918,89280
2,-7,270,439,89280
1,14992089,89320
9,14357682,89320
10,14854661,89320
11,14358567,89320
2,-9,270,441,89320
1,14984234,89360
9,14353433,89360
10,14851363,89360
11,14355541,89360
2,-8,267,440,89360
1,14978829,89400
9,14349795,89400
10,14848201,89400
11,14352616,89400
2,-7,267,439,89400
1,14976245,89440
9,14347448,89440
10,14846024,89440
11,14350508,89440
2,-8,265,439,89440
1,14975157,89480
9,14345782,89480
10,14844189,89480
11,14349795,89480
2,-9,269,440,89480
1,14974340,89520
9,14344661,89520
10,14843407,89520
11,14348978,89520
2,-9,269,440,89520
1,14975122,89560
9,14344287,89560
10,14842591,89560
11,14348639,89560
2,-9,265,439,89560
1002,98,89560,1787824941878
1004,616,89560,1787824941911
1004,619,89560,1787824941911
1002,97,89560,1787824942684
1004,590,89560,1787824942685
101,97,97,0,89560,1787824942922
222,0,sqi=100
101,97,97,0,89560,1787824942991
222,0,sqi=100
1,14977332,89600
9,14344185,89600
10,14842149,89600
11,14348128,89600
2,-8,270,439,89600
1,14979202,89640
9,14345477,89640
10,14842114,89640
11,14347924,89640
2,-9,268,440,89640
1,14981923,89680
9,14346598,89680
10,14842556,89680
11,14348604,89680
2,-10,267,438,89680
1,14985220,89720
9,14348944,89720
10,14844189,89720
11,14349795,89720
2,-11,266,442,89720
1,14988757,89760
9,14351291,89760
10,14845651,89760
11,14350985,89760
2,-10,268,440,89760
1,14992803,89800
9,14353943,89800
10,14847147,89800
11,14352752,89800
2,-13,270,439,89800
1,14992803,89840
9,14353501,89840
10,14847623,89840
11,14352480,89840
2,-9,269,439,89840
1,14986682,89880
9,14350032,89880
10,14845447,89880
11,14350917,89880
2,-8,264,440,89880
1,14980086,89920
9,14346225,89920
10,14843508,89920
11,14348741,89920
2,-9,269,439,89920
1,14974884,89960
9,14343267,89960
10,14841775,89960
11,14347653,89960
2,-8,270,438,89960
1,14971757,90000
9,14341532,90000
10,14840142,90000
11,14347380,90000
2,-7,267,440,90000
1,14970634,90040
9,14340308,90040
10,14838885,90040
11,14347007,90040
2,-9,270,437,90040
1,14971179,90080
9,14339901,90080
10,14838748,90080
11,14347720,90080
2,-11,267,439,90080
1,14973456,90120
9,14340649,90120
10,14838782,90120
11,14348775,90120
2,-10,271,439,90120
1,14975157,90160
9,14341227,90160
10,14838510,90160
11,14349081,90160
2,-9,271,438,90160
1,14976142,90200
9,14341635,90200
10,14838001,90200
11,14348944,90200
2,-9,269,438,90200
1,14977707,90240
9,14342621,90240
10,14837661,90240
11,14348639,90240
2,-10,270,438,90240
1,14978931,90280
9,14343708,90280
10,14837253,90280
11,14348027,90280
2,-9,268,440,90280
1,14979576,90320
9,14345137,90320
10,14836504,90320
11,14347754,90320
2,-9,271,439,90320
1,14980086,90360
9,14347211,90360
10,14836130,90360
11,14347312,90360
2,-9,269,438,90360
1,14979270,90400
9,14347584,90400
10,14835077,90400
11,14346530,90400
2,-8,269,438,90400
1,14971655,90440
9,14343641,90440
10,14831847,90440
11,14342858,90440
2,-7,267,440,90440
1,14959279,90480
9,14336637,90480
10,14826542,90480
11,14337282,90480
2,-7,270,439,90480
1,14947684,90520
9,14330006,90520
10,14820524,90520
11,14331979,90520
2,-9,272,439,90520
1,14937076,90560
9,14323716,90560
10,14814574,90560
11,14327320,90560
2,-11,264,439,90560
1,14929018,90600
9,14318277,90600
10,14809713,90600
11,14323750,90600
2,-8,269,437,90600
1,14924632,90640
9,14314605,90640
10,14805565,90640
11,14320826,90640
2,-9,271,439,90640
1,14921912,90680
9,14312531,90680
10,14802164,90680
11,14318549,90680
2,-9,268,440,90680
1,14920723,90720
9,14310491,90720
10,14800056,90720
11,14317291,90720
2,-10,271,440,90720
1,14920484,90760
9,14308247,90760
10,14797914,90760
11,14315897,90760
2,-8,265,442,90760
1,14920791,90800
9,14307805,90800
10,14796453,90800
11,14315183,90800
2,-10,266,439,90800
1,14922151,90840
9,14307906,90840
10,14795535,90840
11,14314672,90840
2,-11,266,440,90840
1,14923000,90880
9,14307975,90880
10,14794719,90880
11,14313754,90880
2,-9,267,441,90880
1,14924701,90920
9,14307533,90920
10,14794888,90920
11,14313958,90920
2,-8,267,440,90920
1,14928712,90960
9,14308213,90960
10,14795262,90960
11,14314332,90960
2,-6,266,442,90960
1,14932044,91000
9,14310015,91000
10,14795943,91000
11,14315285,91000
2,-9,267,438,91000
1,14929665,91040
9,14307226,91040
10,14793766,91040
11,14312632,91040
2,-8,268,440,91040
1,14923545,91080
9,14302704,91080
10,14790163,91080
11,14308077,91080
2,-9,268,440,91080
1,14915793,91120
9,14297570,91120
10,14785708,91120
11,14304065,91120
2,-8,268,438,91120
1,14910182,91160
9,14292980,91160
10,14782275,91160
11,14300868,91160
2,-8,267,438,91160
1002,98,91160,1787824943904
1004,600,91160,1787824943905
1004,592,91160,1787824943949
101,98,98,0,91160,1787824944540
222,0,sqi=100
1,14907972,91200
9,14290329,91200
10,14779078,91200
11,14299135,91200
2,-9,270,441,91200
1,14907802,91240
9,14289445,91240
10,14777481,91240
11,14297911,91240
2,-8,268,439,91240
1,14909672,91280
9,14289614,91280
10,14776290,91280
11,14297706,91280
2,-9,266,439,91280
1,14912563,91320
9,14291382,91320
10,14775951,91320
11,14298795,91320
2,-8,274,442,91320
1,14914875,91360
9,14292777,91360
10,14776902,91360
11,14299576,91360
2,-12,260,444,91360
1,14918648,91400
9,14295530,91400
10,14777549,91400
11,14300733,91400
2,-8,265,440,91400
1,14921844,91440
9,14297672,91440
10,14779248,91440
11,14302671,91440
2,-7,270,439,91440
1,14925891,91480
9,14300868,91480
10,14780575,91480
11,14304507,91480
2,-6,264,439,91480
1,14930208,91520
9,14303724,91520
10,14781866,91520
11,14306376,91520
2,-7,264,442,91520
1,14934186,91560
9,14305900,91560
10,14783499,91560
11,14307737,91560
2,-8,266,441,91560
1,14938335,91600
9,14309097,91600
10,14785539,91600
11,14309708,91600
2,-9,268,440,91600
1,14938845,91640
9,14308518,91640
10,14785368,91640
11,14308145,91640
2,-9,272,439,91640
1,14931773,91680
9,14304371,91680
10,14782479,91680
11,14304915,91680
2,-9,267,439,91680
1,14925585,91720
9,14300562,91720
10,14779384,91720
11,14301991,91720
2,-9,264,440,91720
1,14918411,91760
9,14296959,91760
10,14775746,91760
11,14299270,91760
2,-6,267,439,91760
1,14914704,91800
9,14294341,91800
10,14773163,91800
11,14297706,91800
2,-7,267,440,91800
1,14912902,91840
9,14293083,91840
10,14771429,91840
11,14296687,91840
2,-6,268,439,91840
1,14913175,91880
9,14293320,91880
10,14770544,91880
11,14296108,91880
2,-8,268,440,91880
1,14914671,91920
9,14294102,91920
10,14770680,91920
11,14296517,91920
2,-8,270,440,91920
1,14916643,91960
9,14294986,91960
10,14770714,91960
11,14296754,91960
2,-6,272,437,91960
1,14920383,92000
9,14296959,92000
10,14771259,92000
11,14296788,92000
2,-7,273,437,92000
1,14923952,92040
9,14299542,92040
10,14771837,92040
11,14298148,92040
2,-7,273,438,92040
1,14926401,92080
9,14301854,92080
10,14773027,92080
11,14299372,92080
2,-8,272,437,92080
1,14929971,92120
9,14304269,92120
10,14774046,92120
11,14301005,92120
2,-5,272,436,92120
1,14933235,92160
9,14307363,92160
10,14775882,92160
11,14302909,92160
2,-9,274,435,92160
1,14937722,92200
9,14310389,92200
10,14777719,92200
11,14305594,92200
2,-5,269,437,92200
1,14939423,92240
9,14312021,92240
10,14778943,92240
11,14306751,92240
2,-7,272,439,92240
1,14934832,92280
9,14308417,92280
10,14777106,92280
11,14304813,92280
2,-7,273,438,92280
1,14927183,92320
9,14304642,92320
10,14774523,92320
11,14302671,92320
2,-5,267,438,92320
1,14921369,92360
9,14301583,92360
10,14772176,92360
11,14300630,92360
2,-6,268,438,92360
1,14916541,92400
9,14299440,92400
10,14769728,92400
11,14299985,92400
2,-8,267,439,92400
1,14913922,92440
9,14297809,92440
10,14767043,92440
11,14298420,92440
2,-7,265,442,92440
1,14913617,92480
9,14297741,92480
10,14765580,92480
11,14297843,92480
2,-6,272,441,92480
1,14912597,92520
9,14297434,92520
10,14763847,92520
11,14297026,92520
2,-4,267,440,92520
1,14912189,92560
9,14297741,92560
10,14762826,92560
11,14296619,92560
2,-6,275,437,92560
1,14912563,92600
9,14297741,92600
10,14762045,92600
11,14295633,92600
2,-4,271,437,92600
1,14913990,92640
9,14299576,92640
10,14762486,92640
11,14296176,92640
2,-6,272,433,92640
1,14915418,92680
9,14301447,92680
10,14762112,92680
11,14296754,92680
2,-4,277,435,92680
1,14917527,92720
9,14303724,92720
10,14762759,92720
11,14297639,92720
2,-3,281,433,92720
1,14920043,92760
9,14305900,92760
10,14763677,92760
11,14298863,92760
2,-4,275,434,92760
1002,99,92000,1787824944709
1004,595,92000,1787824944709
1004,604,92000,1787824944709
1002,99,92760,1787824945925
1004,615,92760,1787824945972
101,98,99,0,92760,1787824946173
222,0,sqi=100
101,98,99,0,92760,1787824946236
222,0,sqi=100
1,14922592,92800
9,14308145,92800
10,14764221,92800
11,14300086,92800
2,-4,277,435,92800
1,14925347,92840
9,14310049,92840
10,14765274,92840
11,14301854,92840
2,-4,277,432,92840
1,14923239,92880
9,14308349,92880
10,14764118,92880
11,14299814,92880
2,-4,280,431,92880
1,14917085,92920
9,14304778,92920
10,14761908,92920
11,14297129,92920
2,-4,280,431,92920
1,14911747,92960
9,14301549,92960
10,14758916,92960
11,14294646,92960
2,-6,282,431,92960
1,14908278,93000
9,14300392,93000
10,14757794,93000
11,14293524,93000
2,-3,282,432,93000
1,14906409,93040
9,14298999,93040
10,14755993,93040
11,14293116,93040
2,-4,279,429,93040
1,14906919,93080
9,14299951,93080
10,14755483,93080
11,14293048,93080
2,-5,285,432,93080
1,14909400,93120
9,14300971,93120
10,14756061,93120
11,14294409,93120
2,-5,289,430,93120
1,14911984,93160
9,14302195,93160
10,14757012,93160
11,14295700,93160
2,-5,285,425,93160
1,14915215,93200
9,14304642,93200
10,14758237,93200
11,14297129,93200
2,-6,279,435,93200
1,14918954,93240
9,14306751,93240
10,14759801,93240
11,14298795,93240
2,-6,286,432,93240
1,14923375,93280
9,14309573,93280
10,14762078,93280
11,14301005,93280
2,-8,280,430,93280
1,14928032,93320
9,14312973,93320
10,14765002,93320
11,14303249,93320
2,-6,280,431,93320
1,14933370,93360
9,14316305,93360
10,14767213,93360
11,14305867,93360
2,-7,279,433,93360
1,14939048,93400
9,14319909,93400
10,14770306,93400
11,14308859,93400
2,-7,276,433,93400
1,14944863,93440
9,14323716,93440
10,14772890,93440
11,14311579,93440
2,-6,277,434,93440
1,14948297,93480
9,14326538,93480
10,14774931,93480
11,14313075,93480
2,-6,278,435,93480
1,14943979,93520
9,14323343,93520
10,14774182,93520
11,14311068,93520
2,-7,280,434,93520
1,14937859,93560
9,14320792,93560
10,14772210,93560
11,14308655,93560
2,-6,278,432,93560
1,14933167,93600
9,14317902,93600
10,14770476,93600
11,14306954,93600
2,-7,278,435,93600
1,14928781,93640
9,14316101,93640
10,14768810,93640
11,14305662,93640
2,-6,276,436,93640
1,14926401,93680
9,14314163,93680
10,14767247,93680
11,14304778,93680
2,-13,271,413,93680
1,14925551,93720
9,14314332,93720
10,14766295,93720
11,14304744,93720
2,-4,276,452,93720
1,14927352,93760
9,14314944,93760
10,14766906,93760
11,14305459,93760
2,-6,278,437,93760
1,14929835,93800
9,14316509,93800
10,14766974,93800
11,14305527,93800
2,-7,266,434,93800
1,14932282,93840
9,14318004,93840
10,14768029,93840
11,14306206,93840
2,-9,273,436,93840
1,14935071,93880
9,14320656,93880
10,14768708,93880
11,14306920,93880
2,-9,273,440,93880
1,14938675,93920
9,14323003,93920
10,14770000,93920
11,14308213,93920
2,-9,264,439,93920
1,14942176,93960
9,14326267,93960
10,14771293,93960
11,14309471,93960
2,-8,269,438,93960
1,14946053,94000
9,14330040,94000
10,14773333,94000
11,14310966,94000
2,-8,265,439,94000
1,14949963,94040
9,14333746,94040
10,14774624,94040
11,14312598,94040
2,-8,264,438,94040
1,14953498,94080
9,14337384,94080
10,14776426,94080
11,14314400,94080
2,-9,263,443,94080
1,14953702,94120
9,14337147,94120
10,14776052,94120
11,14313585,94120
2,-9,266,443,94120
1,14948262,94160
9,14334665,94160
10,14775101,94160
11,14310558,94160
2,-9,265,441,94160
1,14943571,94200
9,14333542,94200
10,14773299,94200
11,14309267,94200
2,-9,270,439,94200
1,14940646,94240
9,14332420,94240
10,14771837,94240
11,14308110,94240
2,-9,266,439,94240
1,14939456,94280
9,14332523,94280
10,14770408,94280
11,14307805,94280
2,-9,268,439,94280
1,14940544,94320
9,14333304,94320
10,14770170,94320
11,14308484,94320
2,-8,268,438,94320
1,14942721,94360
9,14335344,94360
10,14770408,94360
11,14309981,94360
2,-8,271,440,94360
1002,99,94360,1787824946737
1004,619,94360,1787824946743
1004,622,94360,1787824946776
101,98,99,0,94360,1787824947717
222,0,sqi=100
101,98,99,0,94360,1787824947809
222,0,sqi=100
1,14945372,94400
9,14337860,94400
10,14771225,94400
11,14310966,94400
2,-8,271,438,94400
1,14948161,94440
9,14340240,94440
10,14771871,94440
11,14312564,94440
2,-9,270,436,94440
1,14951458,94480
9,14342722,94480
10,14772652,94480
11,14314400,94480
2,-6,270,438,94480
1,14955165,94520
9,14345715,94520
10,14774353,94520
11,14316203,94520
2,-7,277,435,94520
1,14958666,94560
9,14348944,94560
10,14775882,94560
11,14318140,94560
2,-11,280,438,94560
1,14962577,94600
9,14351664,94600
10,14777277,94600
11,14319874,94600
2,-9,267,438,94600
1,14965364,94640
9,14354554,94640
10,14778568,94640
11,14321065,94640
2,-11,274,436,94640
1,14968220,94680
9,14356493,94680
10,14779656,94680
11,14322594,94680
2,-9,275,435,94680
1,14969921,94720
9,14357444,94720
10,14780370,94720
11,14322799,94720
2,-8,270,438,94720
1,14964820,94760
9,14354112,94760
10,14778602,94760
11,14320045,94760
2,-9,271,437,94760
1,14958599,94800
9,14350372,94800
10,14775713,94800
11,14317460,94800
2,-10,276,438,94800
1,14953634,94840
9,14348027,94840
10,14773469,94840
11,14315863,94840
2,-8,275,437,94840
1,14948535,94880
9,14345851,94880
10,14771564,94880
11,14314605,94880
2,-6,273,437,94880
1,14946325,94920
9,14344219,94920
10,14769966,94920
11,14313992,94920
2,-8,272,434,94920
1,14947481,94960
9,14344423,94960
10,14769831,94960
11,14314298,94960
2,-10,270,436,94960
1,14950574,95000
9,14346122,95000
10,14770613,95000
11,14315795,95000
2,-8,275,437,95000
1,14955029,95040
9,14348264,95040
10,14771156,95040
11,14316678,95040
2,-6,270,438,95040
1,14958973,95080
9,14350339,95080
10,14772619,95080
11,14317359,95080
2,-9,273,437,95080
1,14963495,95120
9,14353330,95120
10,14773774,95120
11,14319399,95120
2,-9,272,437,95120
1,14967642,95160
9,14356901,95160
10,14776052,95160
11,14321065,95160
2,-10,272,436,95160
1,14973797,95200
9,14361151,95200
10,14779045,95200
11,14324124,95200
2,-10,274,437,95200
1,14979951,95240
9,14365979,95240
10,14781934,95240
11,14326675,95240
2,-10,275,437,95240
1,14986716,95280
9,14370806,95280
10,14785267,95280
11,14329939,95280
2,-6,273,437,95280
1,14991103,95320
9,14373969,95320
10,14788156,95320
11,14331401,95320
2,-8,271,437,95320
1,14989471,95360
9,14373220,95360
10,14788293,95360
11,14330992,95360
2,-8,272,435,95360
1,14988791,95400
9,14373901,95400
10,14789380,95400
11,14331231,95400
2,-9,272,437,95400
1,14987872,95440
9,14374818,95440
10,14789992,95440
11,14331809,95440
2,-7,271,433,95440
1,14989062,95480
9,14376518,95480
10,14790740,95480
11,14333474,95480
2,-8,273,435,95480
1,14991375,95520
9,14378796,95520
10,14792679,95520
11,14335413,95520
2,-8,274,438,95520
1,14994571,95560
9,14381891,95560
10,14794583,95560
11,14337521,95560
2,-9,273,437,95560
1,14998991,95600
9,14385222,95600
10,14795704,95600
11,14339901,95600
2,-8,270,438,95600
1,15002288,95640
9,14388112,95640
10,14797949,95640
11,14342043,95640
2,-10,272,438,95640
1,15006845,95680
9,14391274,95680
10,14799988,95680
11,14344116,95680
2,-10,271,437,95680
1,15010686,95720
9,14394777,95720
10,14801587,95720
11,14345953,95720
2,-8,268,438,95720
1,15013441,95760
9,14397259,95760
10,14803389,95760
11,14347789,95760
2,-8,270,440,95760
1,15016194,95800
9,14400182,95800
10,14805122,95800
11,14349862,95800
2,-9,269,438,95800
1,15019254,95840
9,14402188,95840
10,14807434,95840
11,14352141,95840
2,-8,274,437,95840
1,15022417,95880
9,14404092,95880
10,14809542,95880
11,14354418,95880
2,-9,266,437,95880
1,15021702,95920
9,14403378,95920
10,14811208,95920
11,14355030,95920
2,-9,270,439,95920
1,15017351,95960
9,14399604,95960
10,14811106,95960
11,14353772,95960
2,-7,270,441,95960
1002,98,95040,1787824947947
1004,618,95040,1787824947947
101,98,98,0,95960,1787824949326
222,0,sqi=100
1,15014698,96000
9,14397701,96000
10,14810461,96000
11,14352957,96000
2,-9,271,438,96000
1,15012998,96040
9,14396511,96040
10,14811106,96040
11,14352854,96040
2,-8,271,438,96040
1,15014732,96080
9,14396374,96080
10,14811854,96080
11,14353330,96080
2,-5,270,438,96080
1,15021566,96120
9,14398789,96120
10,14814506,96120
11,14355846,96120
2,-7,271,439,96120
1,15029692,96160
9,14402630,96160
10,14818791,96160
11,14360063,96160
2,-7,265,438,96160
1,15037002,96200
9,14407731,96200
10,14823448,96200
11,14364006,96200
2,-7,267,442,96200
1,15041422,96240
9,14411029,96240
10,14826951,96240
11,14368121,96240
2,-7,268,439,96240
1,15044313,96280
9,14413953,96280
10,14829093,96280
11,14370976,96280
2,-7,270,440,96280
1,15047203,96320
9,14416639,96320
10,14831234,96320
11,14373458,96320
2,-8,269,438,96320
1,15049854,96360
9,14418849,96360
10,14833206,96360
11,14375328,96360
2,-8,271,438,96360
1,15051928,96400
9,14420821,96400
10,14833852,96400
11,14377232,96400
2,-7,272,440,96400
1,15054003,96440
9,14422181,96440
10,14835825,96440
11,14379136,96440
2,-7,273,437,96440
1,15056824,96480
9,14424629,96480
10,14837287,96480
11,14381448,96480
2,-9,267,437,96480
1,15055465,96520
9,14422861,96520
10,14837151,96520
11,14380191,96520
2,-7,266,437,96520
1,15048868,96560
9,14418917,96560
10,14834940,96560
11,14377708,96560
2,-5,271,438,96560
1,15043020,96600
9,14415789,96600
10,14832764,96600
11,14375328,96600
2,-7,266,439,96600
1,15038465,96640
9,14413375,96640
10,14830419,96640
11,14374410,96640
2,-8,274,438,96640
1,15035711,96680
9,14411573,96680
10,14829093,96680
11,14372881,96680
2,-9,269,439,96680
1,15034656,96720
9,14409975,96720
10,14827936,96720
11,14372813,96720
2,-8,271,440,96720
1,15035949,96760
9,14410518,96760
10,14827630,96760
11,14373493,96760
2,-7,268,438,96760
1,15036833,96800
9,14410620,96800
10,14827528,96800
11,14374173,96800
2,-8,270,440,96800
1,15037580,96840
9,14410348,96840
10,14827596,96840
11,14373867,96840
2,-9,270,440,96840
1,15038091,96880
9,14410450,96880
10,14827971,96880
11,14374342,96880
2,-7,267,440,96880
1,15039450,96920
9,14410893,96920
10,14828174,96920
11,14374682,96920
2,-8,268,439,96920
1,15041355,96960
9,14412048,96960
10,14828379,96960
11,14375566,96960
2,-10,265,440,96960
1,15043293,97000
9,14413102,97000
10,14829093,97000
11,14377164,97000
2,-4,267,440,97000
1,15045877,97040
9,14414156,97040
10,14830180,97040
11,14377844,97040
2,-13,267,437,97040
1,15046115,97080
9,14413612,97080
10,14830147,97080
11,14377402,97080
2,-6,274,437,97080
1,15041083,97120
9,14408989,97120
10,14827596,97120
11,14374649,97120
2,-6,269,436,97120
1,15034589,97160
9,14405419,97160
10,14825013,97160
11,14371079,97160
2,-7,271,439,97160
1,15029319,97200
9,14402121,97200
10,14822462,97200
11,14369072,97200
2,-6,268,438,97200
1,15025204,97240
9,14399808,97240
10,14819641,97240
11,14366896,97240
2,-10,269,439,97240
1,15023844,97280
9,14398449,97280
10,14818077,97280
11,14365469,97280
2,-8,272,437,97280
1,15023913,97320
9,14397905,97320
10,14817261,97320
11,14364856,97320
2,-8,269,439,97320
1,15025715,97360
9,14398755,97360
10,14817261,97360
11,14364652,97360
2,-7,268,438,97360
1,15027925,97400
9,14399536,97400
10,14817363,97400
11,14365265,97400
2,-7,270,439,97400
1,15030713,97440
9,14401509,97440
10,14818043,97440
11,14365877,97440
2,-8,270,438,97440
1,15034385,97480
9,14403752,97480
10,14819335,97480
11,14366794,97480
2,-8,270,439,97480
1,15038873,97520
9,14406608,97520
10,14820524,97520
11,14368223,97520
2,-8,272,436,97520
1,15043123,97560
9,14409907,97560
10,14822734,97560
11,14369990,97560
2,-7,278,435,97560
1002,98,97080,1787824949578
1004,613,97080,1787824949578
1004,597,97080,1787824949578
1002,99,97560,1787824949979
1004,598,97560,1787824949980
1004,588,97560,1787824950013
1002,99,97560,1787824950784
1004,577,97560,1787824950816
101,98,99,0,97560,1787824950959
222,0,sqi=100
101,98,99,0,97560,1787824951006
222,0,sqi=100
1,15048529,97600
9,14413341,97600
10,14824298,97600
11,14372438,97600
2,-6,273,435,97600
1,15053628,97640
9,14417012,97640
10,14827120,97640
11,14375125,97640
2,-6,275,438,97640
1,15057164,97680
9,14419563,97680
10,14829229,97680
11,14376111,97680
2,-5,274,434,97680
1,15053458,97720
9,14417183,97720
10,14828412,97720
11,14373867,97720
2,-10,273,437,97720
1,15048732,97760
9,14415109,97760
10,14827087,97760
11,14371589,97760
2,-7,274,435,97760
1,15044109,97800
9,14413510,97800
10,14825897,97800
11,14370398,97800
2,-7,273,437,97800
1,15041457,97840
9,14411573,97840
10,14824775,97840
11,14368800,97840
2,-6,269,437,97840
1,15041185,97880
9,14411946,97880
10,14825149,97880
11,14368971,97880
2,-8,266,437,97880
1,15043020,97920
9,14413205,97920
10,14825319,97920
11,14369412,97920
2,-9,273,439,97920
1,15046217,97960
9,14414667,97960
10,14826780,97960
11,14370398,97960
2,-8,273,438,97960
1,15049651,98000
9,14416979,98000
10,14827699,98000
11,14371656,98000
2,-6,271,438,98000
1,15052744,98040
9,14419222,98040
10,14829670,98040
11,14372813,98040
2,-4,266,433,98040
1,15056212,98080
9,14421773,98080
10,14831711,98080
11,14374886,98080
2,-8,279,437,98080
1,15060904,98120
9,14424459,98120
10,14834124,98120
11,14376213,98120
2,-7,273,438,98120
1,15065223,98160
9,14427484,98160
10,14836062,98160
11,14378490,98160
2,-5,275,434,98160
1,15070220,98200
9,14430783,98200
10,14838340,98200
11,14380599,98200
2,-4,277,435,98200
1,15075252,98240
9,14434319,98240
10,14841605,98240
11,14383182,98240
2,-6,272,437,98240
1,15077803,98280
9,14436189,98280
10,14843576,98280
11,14384032,98280
2,-9,269,437,98280
1,15074130,98320
9,14433129,98320
10,14842353,98320
11,14381755,98320
2,-9,277,435,98320
1,15067569,98360
9,14429626,98360
10,14840551,98360
11,14378389,98360
2,-6,271,436,98360
1,15062197,98400
9,14426430,98400
10,14838885,98400
11,14376450,98400
2,-8,278,433,98400
1,15057573,98440
9,14423609,98440
10,14837253,98440
11,14374410,98440
2,-8,271,438,98440
1,15055668,98480
9,14422384,98480
10,14836403,98480
11,14373764,98480
2,-8,272,435,98480
1,15055906,98520
9,14422214,98520
10,14835892,98520
11,14373220,98520
2,-7,274,435,98520
1,15057402,98560
9,14422656,98560
10,14835927,98560
11,14373288,98560
2,-9,273,433,98560
1,15058967,98600
9,14423711,98600
10,14836538,98600
11,14373254,98600
2,-8,273,436,98600
1,15060292,98640
9,14424492,98640
10,14836845,98640
11,14373697,98640
2,-9,274,436,98640
1,15062230,98680
9,14425241,98680
10,14837728,98680
11,14374376,98680
2,-6,274,436,98680
1,15065053,98720
9,14426838,98720
10,14838782,98720
11,14374988,98720
2,-9,273,437,98720
1,15068011,98760
9,14428539,98760
10,14839905,98760
11,14375941,98760
2,-8,273,438,98760
1,15070832,98800
9,14430850,98800
10,14841129,98800
11,14377130,98800
2,-8,270,437,98800
1,15074199,98840
9,14433060,98840
10,14842692,98840
11,14378559,98840
2,-8,277,438,98840
1,15077361,98880
9,14434931,98880
10,14843917,98880
11,14380292,98880
2,-7,272,436,98880
1,15075729,98920
9,14432823,98920
10,14843440,98920
11,14378661,98920
2,-7,273,435,98920
1,15068486,98960
9,14427790,98960
10,14841027,98960
11,14374920,98960
2,-7,275,436,98960
1,15060462,99000
9,14423269,99000
10,14838205,99000
11,14371044,99000
2,-7,272,437,99000
1,15053697,99040
9,14419291,99040
10,14835688,99040
11,14368223,99040
2,-7,273,437,99040
1,15050127,99080
9,14416605,99080
10,14833716,99080
11,14366115,99080
2,-5,271,437,99080
1,15048358,99120
9,14414700,99120
10,14832085,99120
11,14364891,99120
2,-9,271,436,99120
1,15048120,99160
9,14414802,99160
10,14831472,99160
11,14364788,99160
2,-6,278,435,99160
1002,100,99160,1787824952003
1004,602,99160,1787824952003
1004,604,99160,1787824952064
101,99,100,0,99160,1787824952515
222,0,sqi=100
1,15048427,99200
9,14414156,99200
10,14830826,99200
11,14364142,99200
2,-5,269,437,99200
1,15048970,99240
9,14414055,99240
10,14830283,99240
11,14363667,99240
2,-8,274,437,99240
1,15049991,99280
9,14414225,99280
10,14830555,99280
11,14363700,99280
2,-7,274,437,99280
1,15050705,99320
9,14414734,99320
10,14830826,99320
11,14363599,99320
2,-7,272,436,99320
1,15052269,99360
9,14415075,99360
10,14831269,99360
11,14363904,99360
2,-8,271,439,99360
1,15054546,99400
9,14416095,99400
10,14832017,99400
11,14364211,99400
2,-5,272,438,99400
1,15057266,99440
9,14417489,99440
10,14833105,99440
11,14365299,99440
2,-7,273,437,99440
1,15060565,99480
9,14419222,99480
10,14834397,99480
11,14366523,99480
2,-5,274,437,99480
1,15059136,99520
9,14417862,99520
10,14833649,99520
11,14365095,99520
2,-6,272,436,99520
1,15051792,99560
9,14412286,99560
10,14831167,99560
11,14361490,99560
2,-7,272,438,99560
1,15044584,99600
9,14407731,99600
10,14828549,99600
11,14357207,99600
2,-9,273,438,99600
1,15038771,99640
9,14403855,99640
10,14825999,99640
11,14353909,99640
2,-8,272,436,99640
1,15033841,99680
9,14401236,99680
10,14824536,99680
11,14351835,99680
2,-7,271,437,99680
1,15033092,99720
9,14399604,99720
10,14823143,99720
11,14350407,99720
2,-7,269,438,99720
1,15034997,99760
9,14399944,99760
10,14823482,99760
11,14350508,99760
2,-7,272,435,99760
1,15037785,99800
9,14400897,99800
10,14823992,99800
11,14350441,99800
2,-7,270,439,99800
1,15039654,99840
9,14401474,99840
10,14824094,99840
11,14350543,99840
2,-8,273,437,99840
1,15042884,99880
9,14403310,99880
10,14825114,99880
11,14351121,99880
2,-8,273,437,99880
1,15046420,99920
9,14404806,99920
10,14826304,99920
11,14352276,99920
2,-8,272,437,99920
1,15050671,99960
9,14407697,99960
10,14828140,99960
11,14353602,99960
2,-7,272,437,99960
1,15054546,100000
9,14410417,100000
10,14830112,100000
11,14355064,100000
2,-7,269,439,100000
1,15059307,100040
9,14413272,100040
10,14832731,100040
11,14357581,100040
2,-7,272,439,100040
1,15064611,100080
9,14416944,100080
10,14835586,100080
11,14360130,100080
2,-8,274,437,100080
1,15069268,100120
9,14419937,100120
10,14838238,100120
11,14362306,100120
2,-6,272,436,100120
1,15066719,100160
9,14417862,100160
10,14837898,100160
11,14360165,100160
2,-7,271,437,100160
1,15059069,100200
9,14413680,100200
10,14836198,100200
11,14356254,100200
2,-8,272,438,100200
1,15052880,100240
9,14409804,100240
10,14834703,100240
11,14354146,100240
2,-8,274,437,100240
1,15048835,100280
9,14407833,100280
10,14833785,100280
11,14351800,100280
2,-8,273,438,100280
1,15046896,100320
9,14405759,100320
10,14833139,100320
11,14350169,100320
2,-8,271,436,100320
1,15047679,100360
9,14406065,100360
10,14833819,100360
11,14349862,100360
2,-4,270,438,100360
1,15049854,100400
9,14407424,100400
10,14834464,100400
11,14350849,100400
2,-7,274,437,100400
1,15052404,100440
9,14408513,100440
10,14835178,100440
11,14351732,100440
2,-6,272,437,100440
1,15055329,100480
9,14409975,100480
10,14836675,100480
11,14352480,100480
2,-7,272,437,100480
1,15058184,100520
9,14411470,100520
10,14838034,100520
11,14353433,100520
2,-7,272,436,100520
1,15061346,100560
9,14413510,100560
10,14839360,100560
11,14354112,100560
2,-7,274,436,100560
1,15064849,100600
9,14415516,100600
10,14841537,100600
11,14355609,100600
2,-8,271,439,100600
1,15069064,100640
9,14418509,100640
10,14843882,100640
11,14357410,100640
2,-7,273,437,100640
1,15073825,100680
9,14421500,100680
10,14846195,100680
11,14359621,100680
2,-6,273,438,100680
1,15078346,100720
9,14425003,100720
10,14848915,100720
11,14362374,100720
2,-7,272,436,100720
1,15082699,100760
9,14428028,100760
10,14852009,100760
11,14364755,100760
2,-8,271,437,100760
1002,100,100520,1787824952821
1004,618,100520,1787824952821
1004,604,100520,1787824952821
1002,99,100760,1787824954031
1004,627,100760,1787824954031
101,99,99,0,100760,1787824954168
222,0,sqi=100
101,98,99,0,100760,1787824954256
222,0,sqi=100
1,15082155,100800
9,14426668,100800
10,14852655,100800
11,14363497,100800
2,-6,271,437,100800
1,15074675,100840
9,14422214,100840
10,14851226,100840
11,14359518,100840
2,-7,272,436,100840
1,15067432,100880
9,14417455,100880
10,14849458,100880
11,14355711,100880
2,-7,273,436,100880
1,15060972,100920
9,14413442,100920
10,14847657,100920
11,14352549,100920
2,-4,274,437,100920
1,15056859,100960
9,14410552,100960
10,14846568,100960
11,14350203,100960
2,-7,269,437,100960
1,15055804,101000
9,14408921,101000
10,14846161,101000
11,14348367,101000
2,-8,276,438,101000
1,15056859,101040
9,14409498,101040
10,14846330,101040
11,14348536,101040
2,-7,272,437,101040
1,15059069,101080
9,14409804,101080
10,14847181,101080
11,14348944,101080
2,-6,272,438,101080
1,15060939,101120
9,14410723,101120
10,14848065,101120
11,14349115,101120
2,-8,271,436,101120
1,15063284,101160
9,14411878,101160
10,14848881,101160
11,14349454,101160
2,-8,272,438,101160
1,15066481,101200
9,14413306,101200
10,14850649,101200
11,14350407,101200
2,-7,272,436,101200
1,15069268,101240
9,14414734,101240
10,14851941,101240
11,14351494,101240
2,-7,272,438,101240
1,15071581,101280
9,14416366,101280
10,14853505,101280
11,14352582,101280
2,-7,272,437,101280
1,15074607,101320
9,14418066,101320
10,14855204,101320
11,14353909,101320
2,-7,272,437,101320
1,15078517,101360
9,14420276,101360
10,14857211,101360
11,14355744,101360
2,-6,273,438,101360
1,15082121,101400
9,14422656,101400
10,14858605,101400
11,14357513,101400
2,-6,271,436,101400
1,15085147,101440
9,14425071,101440
10,14860644,101440
11,14359314,101440
2,-8,273,437,101440
1,15080693,101480
9,14421364,101480
10,14859421,101480
11,14356390,101480
2,-8,273,436,101480
1,15072023,101520
9,14415414,101520
10,14857041,101520
11,14350985,101520
2,-7,271,437,101520
1,15063795,101560
9,14410654,101560
10,14854626,101560
11,14346054,101560
2,-8,272,437,101560
1,15058423,101600
9,14405963,101600
10,14852009,101600
11,14342315,101600
2,-6,273,438,101600
1,15054478,101640
9,14403446,101640
10,14850139,101640
11,14339866,101640
2,-7,272,436,101640
1,15052846,101680
9,14401407,101680
10,14849050,101680
11,14338201,101680
2,-7,271,436,101680
1,15053663,101720
9,14401407,101720
10,14848303,101720
11,14337453,101720
2,-8,273,436,101720
1,15054478,101760
9,14400795,101760
10,14848337,101760
11,14336466,101760
2,-7,271,437,101760
1,15054104,101800
9,14400863,101800
10,14847962,101800
11,14335582,101800
2,-7,275,436,101800
1,15054546,101840
9,14400319,101840
10,14846909,101840
11,14335141,101840
2,-6,272,437,101840
1,15055294,101880
9,14400285,101880
10,14847385,101880
11,14335311,101880
2,-7,273,436,101880
1,15056246,101920
9,14400795,101920
10,14847657,101920
11,14334460,101920
2,-7,272,438,101920
1,15057063,101960
9,14400863,101960
10,14847895,101960
11,14334835,101960
2,-6,271,437,101960
1,15058015,102000
9,14400999,102000
10,14847929,102000
11,14334665,102000
2,-7,273,437,102000
1,15059340,102040
9,14402019,102040
10,14848574,102040
11,14334971,102040
2,-7,273,436,102040
1,15060394,102080
9,14401713,102080
10,14849017,102080
11,14335413,102080
2,-7,272,436,102080
1,15056110,102120
9,14397905,102120
10,14847045,102120
11,14331163,102120
2,-6,273,437,102120
1,15045740,102160
9,14390084,102160
10,14842591,102160
11,14324091,102160
2,-6,272,437,102160
1,15034962,102200
9,14382503,102200
10,14838748,102200
11,14317699,102200
2,-7,273,436,102200
1,15026802,102240
9,14376824,102240
10,14835451,102240
11,14312395,102240
2,-7,273,438,102240
1,15021396,102280
9,14372574,102280
10,14832798,102280
11,14308825,102280
2,-5,273,437,102280
1,15020105,102320
9,14370024,102320
10,14830656,102320
11,14305764,102320
2,-6,273,436,102320
1,15019866,102360
9,14368800,102360
10,14829160,102360
11,14303826,102360
2,-6,274,436,102360
1002,98,102360,1787824954836
1004,652,102360,1787824954836
1004,667,102360,1787824954871
101,97,98,0,102360,1787824955710
222,0,sqi=100
101,96,98,0,102360,1787824955819
222,0,sqi=100
1,15020172,102400
9,14368188,102400
10,14828344,102400
11,14302161,102400
2,-7,273,436,102400
1,15020513,102440
9,14367441,102440
10,14827256,102440
11,14300698,102440
2,-5,273,437,102440
1,15020580,102480
9,14367271,102480
10,14826985,102480
11,14299304,102480
2,-7,274,437,102480
1,15021328,102520
9,14367101,102520
10,14826338,102520
11,14299168,102520
2,-7,273,434,102520
1,15023471,102560
9,14368155,102560
10,14826474,102560
11,14298319,102560
2,-8,276,435,102560
1,15025307,102600
9,14369107,102600
10,14827154,102600
11,14298387,102600
2,-6,271,438,102600
1,15028060,102640
9,14370874,102640
10,14827665,102640
11,14298659,102640
2,-7,275,437,102640
1,15031495,102680
9,14373152,102680
10,14829058,102680
11,14300121,102680
2,-6,272,438,102680
1,15034724,102720
9,14375091,102720
10,14830044,102720
11,14300800,102720
2,-6,274,434,102720
1,15029761,102760
9,14371113,102760
10,14828072,102760
11,14296959,102760
2,-7,275,437,102760
1,15019561,102800
9,14364448,102800
10,14823992,102800
11,14290498,102800
2,-7,273,436,102800
1,15009837,102840
9,14357241,102840
10,14819641,102840
11,14283257,102840
2,-6,275,436,102840
1,15001677,102880
9,14351155,102880
10,14815798,102880
11,14277476,102880
2,-6,274,436,102880
1,14994945,102920
9,14346292,102920
10,14811549,102920
11,14272512,102920
2,-6,271,438,102920
1,14990830,102960
9,14341839,102960
10,14808591,102960
11,14268602,102960
2,-5,273,436,102960
1,14989504,103000
9,14340479,103000
10,14806177,103000
11,14266631,103000
2,-7,273,435,103000
1,14988757,103040
9,14339357,103040
10,14804885,103040
11,14264896,103040
2,-8,273,437,103040
1,14988586,103080
9,14338133,103080
10,14803354,103080
11,14262618,103080
2,-6,273,435,103080
1,14988417,103120
9,14337894,103120
10,14802233,103120
11,14261259,103120
2,-7,274,436,103120
1,14989301,103160
9,14338371,103160
10,14801280,103160
11,14260034,103160
2,-7,272,436,103160
1,14990559,103200
9,14339153,103200
10,14801009,103200
11,14259389,103200
2,-7,273,436,103200
1,14992463,103240
9,14339731,103240
10,14800838,103240
11,14259048,103240
2,-7,272,435,103240
1,14994231,103280
9,14341260,103280
10,14800838,103280
11,14259218,103280
2,-7,274,438,103280
1,14996747,103320
9,14342689,103320
10,14801484,103320
11,14259593,103320
2,-6,274,435,103320
1,14999297,103360
9,14344593,103360
10,14802063,103360
11,14260374,103360
2,-7,274,434,103360
1,14997120,103400
9,14342315,103400
10,14801145,103400
11,14257757,103400
2,-9,274,436,103400
1,14987362,103440
9,14335344,103440
10,14796962,103440
11,14250854,103440
2,-6,275,435,103440
1,14976585,103480
9,14327491,103480
10,14791557,103480
11,14242694,103480
2,-7,274,435,103480
1,14966928,103520
9,14319942,103520
10,14786185,103520
11,14235759,103520
2,-8,271,437,103520
1,14959517,103560
9,14313177,103560
10,14781085,103560
11,14229605,103560
2,-7,273,436,103560
1,14953805,103600
9,14308145,103600
10,14776800,103600
11,14225558,103600
2,-7,273,436,103600
1,14950915,103640
9,14305085,103640
10,14773877,103640
11,14221954,103640
2,-8,273,436,103640
1,14949589,103680
9,14302500,103680
10,14771938,103680
11,14220016,103680
2,-8,274,436,103680
1,14947616,103720
9,14300223,103720
10,14769864,103720
11,14217500,103720
2,-8,271,436,103720
1,14945712,103760
9,14298217,103760
10,14768063,103760
11,14215835,103760
2,-8,272,437,103760
1,14945645,103800
9,14296891,103800
10,14766737,103800
11,14214101,103800
2,-5,275,437,103800
1,14945203,103840
9,14295769,103840
10,14765411,103840
11,14213454,103840
2,-8,272,436,103840
1,14945780,103880
9,14295292,103880
10,14764798,103880
11,14212435,103880
2,-8,277,434,103880
1,14946495,103920
9,14295123,103920
10,14764289,103920
11,14213081,103920
2,-7,273,434,103920
1,14947209,103960
9,14295463,103960
10,14763711,103960
11,14212809,103960
2,-9,271,436,103960
1002,97,103560,1787824956063
1004,642,103560,1787824956063
1002,95,103960,1787824956874
1004,638,103960,1787824956908
1004,652,103960,1787824956908
101,95,95,0,103960,1787824957316
222,0,sqi=100
1,14948398,104000
9,14296176,104000
10,14763847,104000
11,14213454,104000
2,-8,275,438,104000
1,14949078,104040
9,14295871,104040
10,14763948,104040
11,14214033,104040
2,-6,271,436,104040
1,14941395,104080
9,14289649,104080
10,14759937,104080
11,14208320,104080
2,-6,275,436,104080
1,14929257,104120
9,14280605,104120
10,14754021,104120
11,14200364,104120
2,-6,272,435,104120
1,14917629,104160
9,14272104,104160
10,14748410,104160
11,14193156,104160
2,-7,271,435,104160
1,14909162,104200
9,14264319,104200
10,14742562,104200
11,14186424,104200
2,-6,274,436,104200
1,14902941,104240
9,14258742,104240
10,14737361,104240
11,14181733,104240
2,-6,274,439,104240
1,14898861,104280
9,14254901,104280
10,14733825,104280
11,14178061,104280
2,-7,268,437,104280
1,14897262,104320
9,14252418,104320
10,14730833,104320
11,14175987,104320
2,-7,269,437,104320
1,14895664,104360
9,14250446,104360
10,14728690,104360
11,14173981,104360
2,-8,278,433,104360
1,14894202,104400
9,14248678,104400
10,14727398,104400
11,14172518,104400
2,-5,276,438,104400
1,14893182,104440
9,14247319,104440
10,14725120,104440
11,14170546,104440
2,-8,277,437,104440
1,14892435,104480
9,14246434,104480
10,14723863,104480
11,14169696,104480
2,-7,274,439,104480
1,14891517,104520
9,14245108,104520
10,14722026,104520
11,14168302,104520
2,-8,271,437,104520
1,14891346,104560
9,14244666,104560
10,14721346,104560
11,14167555,104560
2,-8,273,439,104560
1,14890871,104600
9,14244020,104600
10,14720496,104600
11,14167521,104600
2,-8,273,435,104600
1,14891584,104640
9,14244089,104640
10,14720122,104640
11,14167827,104640
2,-8,270,436,104640
1,14891313,104680
9,14243136,104680
10,14719306,104680
11,14166433,104680
2,-9,268,437,104680
1,14882303,104720
9,14235589,104720
10,14714989,104720
11,14159497,104720
2,-8,274,436,104720
1,14870335,104760
9,14226578,104760
10,14708393,104760
11,14151065,104760
2,-8,272,439,104760
1,14859421,104800
9,14217840,104800
10,14701049,104800
11,14142837,104800
2,-11,269,437,104800
1,14851022,104840
9,14209817,104840
10,14694928,104840
11,14136343,104840
2,-11,274,437,104840
1,14844971,104880
9,14204479,104880
10,14689692,104880
11,14130800,104880
2,-8,274,436,104880
1,14841095,104920
9,14200773,104920
10,14685953,104920
11,14126958,104920
2,-6,271,437,104920
1,14839054,104960
9,14198256,104960
10,14682417,104960
11,14124375,104960
2,-6,270,439,104960
1,14837830,105000
9,14196285,105000
10,14679935,105000
11,14122165,105000
2,-8,274,439,105000
1,14837082,105040
9,14195332,105040
10,14677962,105040
11,14120261,105040
2,-7,273,437,105040
1,14836845,105080
9,14194516,105080
10,14676229,105080
11,14118357,105080
2,-8,273,436,105080
1,14837287,105120
9,14194278,105120
10,14674461,105120
11,14117439,105120
2,-7,273,438,105120
1,14838136,105160
9,14194822,105160
10,14673815,105160
11,14116826,105160
2,-8,271,437,105160
1,14840041,105200
9,14195741,105200
10,14673373,105200
11,14117064,105200
2,-9,270,437,105200
1,14842182,105240
9,14197066,105240
10,14673033,105240
11,14117472,105240
2,-8,270,439,105240
1,14845005,105280
9,14198699,105280
10,14673678,105280
11,14118594,105280
2,-8,273,436,105280
1,14846670,105320
9,14199548,105320
10,14673882,105320
11,14118459,105320
2,-7,273,437,105320
1,14839394,105360
9,14193802,105360
10,14670006,105360
11,14112883,105360
2,-7,271,438,105360
1,14828412,105400
9,14185404,105400
10,14663886,105400
11,14104722,105400
2,-9,275,437,105400
1,14817600,105440
9,14176599,105440
10,14656644,105440
11,14096733,105440
2,-9,268,439,105440
1,14809101,105480
9,14169594,105480
10,14649742,105480
11,14090409,105480
2,-8,274,438,105480
1,14803320,105520
9,14163542,105520
10,14644268,105520
11,14084968,105520
2,-8,271,438,105520
1,14800192,105560
9,14160143,105560
10,14639645,105560
11,14081568,105560
2,-6,272,437,105560
1002,95,105560,1787824958083
1004,659,105560,1787824958083
1002,94,105560,1787824958889
1004,634,105560,1787824958890
1004,647,105560,1787824958918
101,94,94,0,105560,1787824958920
222,0,sqi=100
101,94,94,0,105560,1787824959007
222,0,sqi=100
1,14799206,105600
9,14158272,105600
10,14635870,105600
11,14079630,105600
2,-8,272,437,105600
1,14798867,105640
9,14157151,105640
10,14634035,105640
11,14077523,105640
2,-8,269,436,105640
1,14798799,105680
9,14156369,105680
10,14631926,105680
11,14076604,105680
2,-9,272,439,105680
1,14799071,105720
9,14157219,105720
10,14630091,105720
11,14075075,105720
2,-6,269,437,105720
1,14799988,105760
9,14157219,105760
10,14628560,105760
11,14074531,105760
2,-7,272,438,105760
1,14801859,105800
9,14158205,105800
10,14628085,105800
11,14074497,105800
2,-8,270,438,105800
1,14803218,105840
9,14158714,105840
10,14627813,105840
11,14074599,105840
2,-6,273,438,105840
1,14806075,105880
9,14160244,105880
10,14627540,105880
11,14075483,105880
2,-6,271,438,105880
1,14809066,105920
9,14162250,105920
10,14627982,105920
11,14076162,105920
2,-8,271,438,105920
1,14811786,105960
9,14164018,105960
10,14628459,105960
11,14077319,105960
2,-7,272,437,105960
1,14812229,106000
9,14163271,106000
10,14628118,106000
11,14076706,106000
2,-7,272,437,106000
1,14803592,106040
9,14156470,106040
10,14622883,106040
11,14069464,106040
2,-8,272,435,106040
1,14791658,106080
9,14147256,106080
10,14615334,106080
11,14061270,106080
2,-6,273,437,106080
1,14780914,106120
9,14138485,106120
10,14607549,106120
11,14054267,106120
2,-7,272,435,106120
1,14772856,106160
9,14130767,106160
10,14600680,106160
11,14047977,106160
2,-7,274,436,106160
1,14765751,106200
9,14124272,106200
10,14594764,106200
11,14043047,106200
2,-6,272,436,106200
1,14762656,106240
9,14121110,106240
10,14590413,106240
11,14040497,106240
2,-8,270,438,106240
1,14763167,106280
9,14119750,106280
10,14587557,106280
11,14039170,106280
2,-8,274,436,106280
1,14762214,106320
9,14117846,106320
10,14584633,106320
11,14037470,106320
2,-6,272,437,106320
1,14760073,106360
9,14115875,106360
10,14581301,106360
11,14034785,106360
2,-8,272,437,106360
1,14757760,106400
9,14113970,106400
10,14578308,106400
11,14033255,106400
2,-8,274,437,106400
1,14755891,106440
9,14112576,106440
10,14575759,106440
11,14031725,106440
2,-8,273,436,106440
1,14755313,106480
9,14111420,106480
10,14573855,106480
11,14030263,106480
2,-6,274,437,106480
1,14755006,106520
9,14111149,106520
10,14571678,106520
11,14029242,106520
2,-6,273,436,106520
1,14754870,106560
9,14110843,106560
10,14570455,106560
11,14028868,106560
2,-8,276,436,106560
1,14755380,106600
9,14110843,106600
10,14568857,106600
11,14028631,106600
2,-6,273,438,106600
1,14756230,106640
9,14111080,106640
10,14568721,106640
11,14029174,106640
2,-7,272,436,106640
1,14751675,106680
9,14105742,106680
10,14565286,106680
11,14024619,106680
2,-7,275,438,106680
1,14740965,106720
9,14097072,106720
10,14558283,106720
11,14017037,106720
2,-6,272,437,106720
1,14730594,106760
9,14088096,106760
10,14550633,106760
11,14009556,106760
2,-6,276,436,106760
1,14722911,106800
9,14080583,106800
10,14543765,106800
11,14003708,106800
2,-10,270,436,106800
1,14718048,106840
9,14074700,106840
10,14538053,106840
11,13999425,106840
2,-6,274,435,106840
1,14715567,106880
9,14071301,106880
10,14534007,106880
11,13996704,106880
2,-7,275,438,106880
1,14715261,106920
9,14069227,106920
10,14531218,106920
11,13995311,106920
2,-8,273,437,106920
1,14715464,106960
9,14067866,106960
10,14528804,106960
11,13994427,106960
2,-7,274,435,106960
1,14716451,107000
9,14066643,107000
10,14527308,107000
11,13993372,107000
2,-7,272,437,107000
1,14718184,107040
9,14066608,107040
10,14526084,107040
11,13992522,107040
2,-8,274,438,107040
1,14720327,107080
9,14066506,107080
10,14525337,107080
11,13992353,107080
2,-6,272,436,107080
1,14723863,107120
9,14067561,107120
10,14525405,107120
11,13992692,107120
2,-6,275,437,107120
1,14728690,107160
9,14069737,107160
10,14526390,107160
11,13994325,107160
2,-6,272,437,107160
1002,94,107160,1787824959708
1004,665,107160,1787824959709
101,93,94,0,107160,1787824960521
222,0,sqi=100
1,14734403,107200
9,14073034,107200
10,14527614,107200
11,13996331,107200
2,-8,273,437,107200
1,14741203,107240
9,14077012,107240
10,14529485,107240
11,13998710,107240
2,-6,271,438,107240
1,14746608,107280
9,14080310,107280
10,14531388,107280
11,14001329,107280
2,-8,273,436,107280
1,14744909,107320
9,14077829,107320
10,14529451,107320
11,13998846,107320
2,-6,273,437,107320
1,14738312,107360
9,14072626,107360
10,14525031,107360
11,13993339,107360
2,-7,272,437,107360
1,14731989,107400
9,14067017,107400
10,14519828,107400
11,13989123,107400
2,-7,272,437,107400
1,14727364,107440
9,14063345,107440
10,14514831,107440
11,13985587,107440
2,-7,274,437,107440
1,14725052,107480
9,14060352,107480
10,14511362,107480
11,13983173,107480
2,-7,271,436,107480
1,14725494,107520
9,14058788,107520
10,14508846,107520
11,13982968,107520
2,-9,272,439,107520
1,14727262,107560
9,14059230,107560
10,14507555,107560
11,13983003,107560
2,-8,272,439,107560
1,14729608,107600
9,14059842,107600
10,14507248,107600
11,13983478,107600
2,-8,272,439,107600
1,14731411,107640
9,14060216,107640
10,14506637,107640
11,13984362,107640
2,-8,269,437,107640
1,14734199,107680
9,14061135,107680
10,14506909,107680
11,13985179,107680
2,-6,269,437,107680
1,14736987,107720
9,14062427,107720
10,14507555,107720
11,13987049,107720
2,-7,270,438,107720
1,14739741,107760
9,14064092,107760
10,14508608,107760
11,13988885,107760
2,-8,277,437,107760
1,14742868,107800
9,14065419,107800
10,14509255,107800
11,13990313,107800
2,-7,271,438,107800
1,14746167,107840
9,14067561,107840
10,14510784,107840
11,13993067,107840
2,-7,272,438,107840
1,14750077,107880
9,14070246,107880
10,14512859,107880
11,13995684,107880
2,-8,271,437,107880
1,14753885,107920
9,14073034,107920
10,14514797,107920
11,13998166,107920
2,-6,270,437,107920
1,14753817,107960
9,14071301,107960
10,14514797,107960
11,13997792,107960
2,-8,271,437,107960
1,14746540,108000
9,14065826,108000
10,14510173,108000
11,13993305,108000
2,-8,272,438,108000
1,14738789,108040
9,14060216,108040
10,14504188,108040
11,13988545,108040
2,-10,271,437,108040
1,14732397,108080
9,14054946,108080
10,14498137,108080
11,13984499,108080
2,-7,269,435,108080
1,14727977,108120
9,14051309,108120
10,14493172,108120
11,13981915,108120
2,-10,272,438,108120
1,14724951,108160
9,14048656,108160
10,14489330,108160
11,13979841,108160
2,-8,271,441,108160
1,14723999,108200
9,14048452,108200
10,14486815,108200
11,13979467,108200
2,-9,268,440,108200
1,14724951,108240
9,14048147,108240
10,14485318,108240
11,13979909,108240
2,-8,271,437,108240
1,14724848,108280
9,14048690,108280
10,14484061,108280
11,13980249,108280
2,-8,266,439,108280
1,14724848,108320
9,14048555,108320
10,14482837,108320
11,13980249,108320
2,-7,271,437,108320
1,14725120,108360
9,14048418,108360
10,14482395,108360
11,13981099,108360
2,-9,275,440,108360
1,14725732,108400
9,14048555,108400
10,14481714,108400
11,13981370,108400
2,-5,272,439,108400
1,14726888,108440
9,14049473,108440
10,14481612,108440
11,13983036,108440
2,-8,263,438,108440
1,14728010,108480
9,14050561,108480
10,14481646,108480
11,13983853,108480
2,-9,269,439,108480
1,14730220,108520
9,14051444,108520
10,14481918,108520
11,13985553,108520
2,-9,267,438,108520
1,14731479,108560
9,14053382,108560
10,14483040,108560
11,13987321,108560
2,-10,269,440,108560
1,14732192,108600
9,14053008,108600
10,14482837,108600
11,13988272,108600
2,-8,271,441,108600
1,14725087,108640
9,14047398,108640
10,14478485,108640
11,13983955,108640
2,-10,266,440,108640
1,14716825,108680
9,14041687,108680
10,14472942,108680
11,13979161,108680
2,-10,266,439,108680
1,14709854,108720
9,14036382,108720
10,14467026,108720
11,13975454,108720
2,-10,272,438,108720
1,14704244,108760
9,14032064,108760
10,14462131,108760
11,13972497,108760
2,-10,269,439,108760
1002,93,108760,1787824960916
1004,657,108760,1787824960916
1004,641,108760,1787824960916
1002,93,108760,1787824961735
1004,654,108760,1787824961735
1004,646,108760,1787824961736
101,93,93,0,108760,1787824962151
222,0,sqi=100
101,93,93,0,108760,1787824962229
222,0,sqi=100
1,14701253,108800
9,14029446,108800
10,14457574,108800
11,13970695,108800
2,-8,263,439,108800
1,14699689,108840
9,14027916,108840
10,14455364,108840
11,13970286,108840
2,-10,270,438,108840
1,14699927,108880
9,14027916,108880
10,14453665,108880
11,13969607,108880
2,-8,269,439,108880
1,14700199,108920
9,14027712,108920
10,14452542,108920
11,13969233,108920
2,-9,271,436,108920
1,14701116,108960
9,14028427,108960
10,14451965,108960
11,13969709,108960
2,-10,268,440,108960
1,14703462,109000
9,14029651,109000
10,14451863,109000
11,13970151,109000
2,-9,274,438,109000
1,14706420,109040
9,14031962,109040
10,14452373,109040
11,13971272,109040
2,-9,270,438,109040
1,14709276,109080
9,14033866,109080
10,14453291,109080
11,13972972,109080
2,-10,270,439,109080
1,14713016,109120
9,14037130,109120
10,14454582,109120
11,13975148,109120
2,-9,272,438,109120
1,14717470,109160
9,14041006,109160
10,14456487,109160
11,13978175,109160
2,-8,267,439,109160
1,14722298,109200
9,14044441,109200
10,14458968,109200
11,13981031,109200
2,-7,271,439,109200
1,14724951,109240
9,14046854,109240
10,14460873,109240
11,13982662,109240
2,-10,270,439,109240
1,14720327,109280
9,14043387,109280
10,14458050,109280
11,13980486,109280
2,-8,270,438,109280
1,14713900,109320
9,14039952,109320
10,14454107,109320
11,13977223,109320
2,-8,273,440,109320
1,14707304,109360
9,14036145,109360
10,14449312,109360
11,13974775,109360
2,-9,268,439,109360
1,14702817,109400
9,14033323,109400
10,14445199,109400
11,13972225,109400
2,-8,270,440,109400
1,14700232,109440
9,14030874,109440
10,14442309,109440
11,13971409,109440
2,-8,271,439,109440
1,14700334,109480
9,14030636,109480
10,14440608,109480
11,13971409,109480
2,-10,271,437,109480
1,14702408,109520
9,14031759,109520
10,14440235,109520
11,13972293,109520
2,-9,272,437,109520
1,14704448,109560
9,14033118,109560
10,14439928,109560
11,13973380,109560
2,-7,270,437,109560
1,14706727,109600
9,14034819,109600
10,14440847,109600
11,13974570,109600
2,-7,270,439,109600
1,14709345,109640
9,14036859,109640
10,14441288,109640
11,13976237,109640
2,-9,272,437,109640
1,14711962,109680
9,14039510,109680
10,14442512,109680
11,13978447,109680
2,-10,268,438,109680
1,14715261,109720
9,14041924,109720
10,14444315,109720
11,13980894,109720
2,-8,270,438,109720
1,14718490,109760
9,14044985,109760
10,14445980,109760
11,13983785,109760
2,-9,272,438,109760
1,14722162,109800
9,14047977,109800
10,14448191,109800
11,13987287,109800
2,-10,271,439,109800
1,14726549,109840
9,14051717,109840
10,14450604,109840
11,13990687,109840
2,-9,271,439,109840
1,14731274,109880
9,14055388,109880
10,14453800,109880
11,13994937,109880
2,-8,269,439,109880
1,14730255,109920
9,14054538,109920
10,14454140,109920
11,13995005,109920
2,-8,270,437,109920
1,14724169,109960
9,14051682,109960
10,14451149,109960
11,13992624,109960
2,-6,271,437,109960
1,14717777,110000
9,14048282,110000
10,14447204,110000
11,13990652,110000
2,-9,269,439,110000
1,14712711,110040
9,14045154,110040
10,14443566,110040
11,13988919,110040
2,-8,270,439,110040
1,14710262,110080
9,14042537,110080
10,14441153,110080
11,13988408,110080
2,-9,270,439,110080
1,14709310,110120
9,14041448,110120
10,14439554,110120
11,13988374,110120
2,-9,270,437,110120
1,14710127,110160
9,14042026,110160
10,14438806,110160
11,13989191,110160
2,-9,272,439,110160
1,14712201,110200
9,14043421,110200
10,14439453,110200
11,13990890,110200
2,-7,267,439,110200
1,14714887,110240
9,14044203,110240
10,14439962,110240
11,13991809,110240
2,-7,269,439,110240
1,14717267,110280
9,14046039,110280
10,14441288,110280
11,13993780,110280
2,-10,270,438,110280
1,14720361,110320
9,14048078,110320
10,14442138,110320
11,13995582,110320
2,-7,268,440,110320
1,14721959,110360
9,14049948,110360
10,14443838,110360
11,13997486,110360
2,-9,268,439,110360
1002,93,110360,1787824962945
1004,645,110360,1787824962946
101,93,93,0,110360,1787824963707
222,0,sqi=100
1002,93,110360,1787824963780
1004,660,110360,1787824963780
101,92,93,0,110360,1787824963796
222,0,sqi=100
1,14725052,110400
9,14052635,110400
10,14445369,110400
11,14000036,110400
2,-9,271,437,110400
1,14728861,110440
9,14055320,110440
10,14447783,110440
11,14003029,110440
2,-9,269,438,110440
1,14732431,110480
9,14058177,110480
10,14450367,110480
11,14005612,110480
2,-8,271,440,110480
1,14737054,110520
9,14061202,110520
10,14452611,110520
11,14008808,110520
2,-8,270,439,110520
1,14740795,110560
9,14064364,110560
10,14456792,110560
11,14011461,110560
2,-8,268,439,110560
1,14738754,110600
9,14062664,110600
10,14456181,110600
11,14011086,110600
2,-9,271,439,110600
1,14733723,110640
9,14060080,110640
10,14453665,110640
11,14008842,110640
2,-8,267,438,110640
1,14727875,110680
9,14057972,110680
10,14451284,110680
11,14007890,110680
2,-9,270,439,110680
1,14723930,110720
9,14055354,110720
10,14448530,110720
11,14007006,110720
2,-6,267,441,110720
1,14722298,110760
9,14054130,110760
10,14446932,110760
11,14006700,110760
2,-7,270,438,110760
1,14721720,110800
9,14053961,110800
10,14445980,110800
11,14007279,110800
2,-9,270,438,110800
1,14723760,110840
9,14054709,110840
10,14446116,110840
11,14008401,110840
2,-7,271,439,110840
1,14725256,110880
9,14055864,110880
10,14446491,110880
11,14010135,110880
2,-10,269,437,110880
1,14727296,110920
9,14056783,110920
10,14447850,110920
11,14011393,110920
2,-8,269,437,110920
1,14730084,110960
9,14057904,110960
10,14449449,110960
11,14013025,110960
2,-9,271,438,110960
1,14732703,111000
9,14060047,111000
10,14451386,111000
11,14015201,111000
2,-8,269,438,111000
1,14735729,111040
9,14062052,111040
10,14452848,111040
11,14017002,111040
2,-9,267,440,111040
1,14740897,111080
9,14065487,111080
10,14455534,111080
11,14020403,111080
2,-8,271,438,111080
1,14744195,111120
9,14068581,111120
10,14457881,111120
11,14022511,111120
2,-8,270,439,111120
1,14747799,111160
9,14070995,111160
10,14461178,111160
11,14026319,111160
2,-8,270,438,111160
1,14751539,111200
9,14074055,111200
10,14463933,111200
11,14029140,111200
2,-9,271,439,111200
1,14755245,111240
9,14077421,111240
10,14466721,111240
11,14032472,111240
2,-11,270,439,111240
1,14754972,111280
9,14076366,111280
10,14466856,111280
11,14032201,111280
2,-9,270,437,111280
1,14748785,111320
9,14073375,111320
10,14464817,111320
11,14030432,111320
2,-8,270,437,111320
1,14743208,111360
9,14071232,111360
10,14462131,111360
11,14028868,111360
2,-8,271,437,111360
1,14739400,111400
9,14068921,111400
10,14459955,111400
11,14028291,111400
2,-8,269,439,111400
1,14736918,111440
9,14067492,111440
10,14458152,111440
11,14028121,111440
2,-8,271,439,111440
1,14736442,111480
9,14067798,111480
10,14457064,111480
11,14028291,111480
2,-8,269,437,111480
1,14737054,111520
9,14068308,111520
10,14456997,111520
11,14029548,111520
2,-9,269,438,111520
1,14738312,111560
9,14068853,111560
10,14457302,111560
11,14030806,111560
2,-7,270,438,111560
1,14739333,111600
9,14069362,111600
10,14458152,111600
11,14031520,111600
2,-8,269,438,111600
1,14740726,111640
9,14070552,111640
10,14458662,111640
11,14032847,111640
2,-10,270,438,111640
1,14742427,111680
9,14072218,111680
10,14460192,111680
11,14034750,111680
2,-8,271,438,111680
1,14745180,111720
9,14073816,111720
10,14461484,111720
11,14036994,111720
2,-9,269,439,111720
1,14748717,111760
9,14076333,111760
10,14463456,111760
11,14039069,111760
2,-8,269,439,111760
1,14751946,111800
9,14079086,111800
10,14465191,111800
11,14042026,111800
2,-7,271,438,111800
1,14755993,111840
9,14081908,111840
10,14468081,111840
11,14044100,111840
2,-9,272,436,111840
1,14758746,111880
9,14084289,111880
10,14470460,111880
11,14046718,111880
2,-7,271,438,111880
1,14756809,111920
9,14083337,111920
10,14470155,111920
11,14046276,111920
2,-8,271,438,111920
1,14753204,111960
9,14081772,111960
10,14468862,111960
11,14045188,111960
2,-6,271,438,111960
1002,92,111960,1787824964978
1004,671,111960,1787824964978
1004,682,111960,1787824964979
101,92,92,0,111960,1787824965353
222,0,sqi=100
1,14748887,112000
9,14080208,112000
10,14467026,112000
11,14044441,112000
2,-8,272,437,112000
1,14746507,112040
9,14079086,112040
10,14466312,112040
11,14044916,112040
2,-7,270,437,112040
1,14746473,112080
9,14079290,112080
10,14465666,112080
11,14045426,112080
2,-9,271,438,112080
1,14747050,112120
9,14080208,112120
10,14465973,112120
11,14046616,112120
2,-9,271,435,112120
1,14748785,112160
9,14081262,112160
10,14466754,112160
11,14048350,112160
2,-6,273,436,112160
1,14751233,112200
9,14083065,112200
10,14468353,112200
11,14049745,112200
2,-7,272,437,112200
1,14753375,112240
9,14084152,112240
10,14469339,112240
11,14052022,112240
2,-6,272,437,112240
1,14755857,112280
9,14086362,112280
10,14471208,112280
11,14053553,112280
2,-8,273,438,112280
1,14759427,112320
9,14088641,112320
10,14473520,112320
11,14056137,112320
2,-6,274,437,112320
1,14763133,112360
9,14091428,112360
10,14476580,112360
11,14059197,112360
2,-7,273,437,112360
1,14767008,112400
9,14094454,112400
10,14479368,112400
11,14062019,112400
2,-7,272,437,112400
1,14771429,112440
9,14097140,112440
10,14482292,112440
11,14065010,112440
2,-6,270,437,112440
1,14776223,112480
9,14100540,112480
10,14485794,112480
11,14068581,112480
2,-8,272,437,112480
1,14780710,112520
9,14103940,112520
10,14489262,112520
11,14071505,112520
2,-7,273,438,112520
1,14782173,112560
9,14105199,112560
10,14491030,112560
11,14073544,112560
2,-6,271,436,112560
1,14778568,112600
9,14103192,112600
10,14490895,112600
11,14072592,112600
2,-7,270,437,112600
1,14774999,112640
9,14101731,112640
10,14489739,112640
11,14072150,112640
2,-6,273,436,112640
1,14771701,112680
9,14100439,112680
10,14488888,112680
11,14072253,112680
2,-8,271,438,112680
1,14769797,112720
9,14100201,112720
10,14487800,112720
11,14072354,112720
2,-6,271,436,112720
1,14769728,112760
9,14100234,112760
10,14487868,112760
11,14073442,112760
2,-7,271,437,112760
1,14771293,112800
9,14101935,112800
10,14487835,112800
11,14074666,112800
2,-9,273,436,112800
1,14773197,112840
9,14104009,112840
10,14488310,112840
11,14075891,112840
2,-5,272,438,112840
1,14775305,112880
9,14106116,112880
10,14489500,112880
11,14077386,112880
2,-7,272,438,112880
1,14776563,112920
9,14108055,112920
10,14490521,112920
11,14079427,112920
2,-6,271,439,112920
1,14778297,112960
9,14110298,112960
10,14491745,112960
11,14080855,112960
2,-8,273,437,112960
1,14780541,113000
9,14111692,113000
10,14492730,113000
11,14082691,113000
2,-8,274,437,113000
1,14782512,113040
9,14114038,113040
10,14494260,113040
11,14085105,113040
2,-8,273,436,113040
1,14784893,113080
9,14116487,113080
10,14495994,113080
11,14087213,113080
2,-7,272,436,113080
1,14787544,113120
9,14119173,113120
10,14497932,113120
11,14090409,113120
2,-6,268,436,113120
1,14790061,113160
9,14122130,113160
10,14500176,113160
11,14093230,113160
2,-8,276,435,113160
1,14792815,113200
9,14124749,113200
10,14502318,113200
11,14096223,113200
2,-7,272,440,113200
1,14790945,113240
9,14123219,113240
10,14502727,113240
11,14095849,113240
2,-6,275,436,113240
1,14785471,113280
9,14120498,113280
10,14501095,113280
11,14093843,113280
2,-6,274,436,113280
1,14779623,113320
9,14117983,113320
10,14498952,113320
11,14093230,113320
2,-5,276,436,113320
1,14774454,113360
9,14115432,113360
10,14496913,113360
11,14092347,113360
2,-6,269,436,113360
1,14770613,113400
9,14113630,113400
10,14494940,113400
11,14091497,113400
2,-5,271,436,113400
1,14767688,113440
9,14111488,113440
10,14493308,113440
11,14090850,113440
2,-7,274,438,113440
1,14766600,113480
9,14110571,113480
10,14492220,113480
11,14090919,113480
2,-7,272,436,113480
1,14766940,113520
9,14110978,113520
10,14491574,113520
11,14090816,113520
2,-9,273,439,113520
1,14768096,113560
9,14111522,113560
10,14492017,113560
11,14091667,113560
2,-7,272,434,113560
1002,92,113560,1787824965776
1004,629,113560,1787824965776
1004,668,113560,1787824965776
101,92,92,0,113560,1787824966904
222,0,sqi=100
101,92,92,0,113560,1787824967032
1002,92,113600,1787824967032
1004,664,113600,1787824967032
222,0,sqi=100
1,14769490,113600
9,14112202,113600
10,14491881,113600
11,14092211,113600
2,-7,272,438,113600
1,14770034,113640
9,14113053,113640
10,14493139,113640
11,14092925,113640
2,-7,272,437,113640
1,14771327,113680
9,14113495,113680
10,14493615,113680
11,14093809,113680
2,-6,274,436,113680
1,14772551,113720
9,14114719,113720
10,14494431,113720
11,14094148,113720
2,-6,274,437,113720
1,14774148,113760
9,14115738,113760
10,14495213,113760
11,14095202,113760
2,-7,273,435,113760
1,14776563,113800
9,14117303,113800
10,14496470,113800
11,14096528,113800
2,-6,273,436,113800
1,14778501,113840
9,14119309,113840
10,14497694,113840
11,14097889,113840
2,-9,273,437,113840
1,14777005,113880
9,14117574,113880
10,14497219,113880
11,14096699,113880
2,-7,273,437,113880
1,14770646,113920
9,14113766,113920
10,14494906,113920
11,14093638,113920
2,-8,272,436,113920
1,14763744,113960
9,14110162,113960
10,14491676,113960
11,14091395,113960
2,-8,277,434,113960
1,14757999,114000
9,14107069,114000
10,14489330,114000
11,14089728,114000
2,-9,272,437,114000
1,14753307,114040
9,14104484,114040
10,14486747,114040
11,14088267,114040
2,-7,274,436,114040
1,14750009,114080
9,14102376,114080
10,14485115,114080
11,14087076,114080
2,-6,275,436,114080
1,14749329,114120
9,14101866,114120
10,14484061,114120
11,14086974,114120
2,-6,272,436,114120
1,14750756,114160
9,14102274,114160
10,14483891,114160
11,14086736,114160
2,-6,271,437,114160
1,14752049,114200
9,14102750,114200
10,14483653,114200
11,14086974,114200
2,-5,270,437,114200
1,14753204,114240
9,14103838,114240
10,14483857,114240
11,14086805,114240
2,-5,274,436,114240
1,14754394,114280
9,14104688,114280
10,14484230,114280
11,14087213,114280
2,-7,275,436,114280
1,14755925,114320
9,14106286,114320
10,14485012,114320
11,14088539,114320
2,-8,272,436,114320
1,14758746,114360
9,14107986,114360
10,14486508,114360
11,14089457,114360
2,-7,275,437,114360
1,14762793,114400
9,14110604,114400
10,14488208,114400
11,14091054,114400
2,-6,274,435,114400
1,14766260,114440
9,14113358,114440
10,14489908,114440
11,14092925,114440
2,-7,275,436,114440
1,14770374,114480
9,14116418,114480
10,14492595,114480
11,14095509,114480
2,-5,272,435,114480
1,14773638,114520
9,14118866,114520
10,14494396,114520
11,14097175,114520
2,-7,275,436,114520
1,14771462,114560
9,14117711,114560
10,14494227,114560
11,14096188,114560
2,-8,275,437,114560
1,14765955,114600
9,14115773,114600
10,14492900,114600
11,14095168,114600
2,-8,273,436,114600
1,14760277,114640
9,14113427,114640
10,14490860,114640
11,14094454,114640
2,-6,275,437,114640
1,14755788,114680
9,14111488,114680
10,14488888,114680
11,14094488,114680
2,-4,275,436,114680
1,14753851,114720
9,14111182,114720
10,14487733,114720
11,14095202,114720
2,-6,272,437,114720
1,14754293,114760
9,14111624,114760
10,14487631,114760
11,14096461,114760
2,-7,275,435,114760
1,14756740,114800
9,14113970,114800
10,14488854,114800
11,14098841,114800
2,-7,272,436,114800
1,14760209,114840
9,14116249,114840
10,14490453,114840
11,14101221,114840
2,-7,276,436,114840
1,14763915,114880
9,14119343,114880
10,14492832,114880
11,14103873,114880
2,-7,270,436,114880
1,14769525,114920
9,14122708,114920
10,14495824,114920
11,14106830,114920
2,-7,271,436,114920
1,14775202,114960
9,14127401,114960
10,14499531,114960
11,14110843,114960
2,-8,270,438,114960
1,14780949,115000
9,14131243,115000
10,14502386,115000
11,14114447,115000
2,-7,272,435,115000
1,14786389,115040
9,14135526,115040
10,14505957,115040
11,14118017,115040
2,-7,276,437,115040
1,14791522,115080
9,14139946,115080
10,14509527,115080
11,14121450,115080
2,-8,270,437,115080
1,14798118,115120
9,14144401,115120
10,14513947,115120
11,14125565,115120
2,-8,270,435,115120
1,14803966,115160
9,14148854,115160
10,14518332,115160
11,14129270,115160
2,-8,271,437,115160
1002,92,115160,1787824967802
1004,650,115160,1787824967802
1004,666,115160,1787824967803
101,92,92,0,115160,1787824968537
222,0,sqi=100
1,14810324,115200
9,14153750,115200
10,14522174,115200
11,14132807,115200
2,-11,276,437,115200
1,14808863,115240
9,14152458,115240
10,14523058,115240
11,14132841,115240
2,-7,274,435,115240
1,14803694,115280
9,14151201,115280
10,14522855,115280
11,14132908,115280
2,-6,272,436,115280
1,14799274,115320
9,14149058,115320
10,14522209,115320
11,14133351,115320
2,-7,272,437,115320
1,14795467,115360
9,14146985,115360
10,14521495,115360
11,14133589,115360
2,-7,273,436,115360
1,14793087,115400
9,14146033,115400
10,14520916,115400
11,14134371,115400
2,-8,274,436,115400
1,14792645,115440
9,14145523,115440
10,14521086,115440
11,14135424,115440
2,-7,273,437,115440
1,14794583,115480
9,14146882,115480
10,14521699,115480
11,14137193,115480
2,-9,271,437,115480
1,14797268,115520
9,14148072,115520
10,14523534,115520
11,14138926,115520
2,-7,272,437,115520
1,14799955,115560
9,14149637,115560
10,14525031,115560
11,14141000,115560
2,-5,272,437,115560
1,14802743,115600
9,14152051,115600
10,14527274,115600
11,14143244,115600
2,-8,273,437,115600
1,14806754,115640
9,14155009,115640
10,14530266,115640
11,14146203,115640
2,-8,273,438,115640
1,14810970,115680
9,14158714,115680
10,14533088,115680
11,14148854,115680
2,-8,275,436,115680
1,14816037,115720
9,14161570,115720
10,14535978,115720
11,14152356,115720
2,-6,274,438,115720
1,14820933,115760
9,14165685,115760
10,14539990,115760
11,14155484,115760
2,-6,269,438,115760
1,14826168,115800
9,14169390,115800
10,14543628,115800
11,14158953,115800
2,-7,269,437,115800
1,14830656,115840
9,14173232,115840
10,14547504,115840
11,14162863,115840
2,-5,272,438,115840
1,14834532,115880
9,14175885,115880
10,14550633,115880
11,14166399,115880
2,-6,273,438,115880
1,14830588,115920
9,14173300,115920
10,14551551,115920
11,14165787,115920
2,-7,271,437,115920
1,14824435,115960
9,14170104,115960
10,14550462,115960
11,14165650,115960
2,-8,274,437,115960
1,14817396,116000
9,14166535,116000
10,14549919,116000
11,14165889,116000
2,-3,271,438,116000
1,14811480,116040
9,14162999,116040
10,14549647,116040
11,14165718,116040
2,-6,274,437,116040
1,14807026,116080
9,14159361,116080
10,14549477,116080
11,14166297,116080
2,-7,275,436,116080
1,14804375,116120
9,14156912,116120
10,14549986,116120
11,14167486,116120
2,-6,276,436,116120
1,14805259,116160
9,14156165,116160
10,14551007,116160
11,14169424,116160
2,-8,273,437,116160
1,14809169,116200
9,14156709,116200
10,14552367,116200
11,14170274,116200
2,-5,271,434,116200
1,14814268,116240
9,14158341,116240
10,14554304,116240
11,14171975,116240
2,-7,272,436,116240
1,14819199,116280
9,14161231,116280
10,14556956,116280
11,14174015,116280
2,-6,273,436,116280
1,14824094,116320
9,14163576,116320
10,14558962,116320
11,14176122,116320
2,-7,274,438,116320
1,14828753,116360
9,14166704,116360
10,14562057,116360
11,14178843,116360
2,-8,272,436,116360
1,14832662,116400
9,14169084,116400
10,14564844,116400
11,14181019,116400
2,-5,273,437,116400
1,14837082,116440
9,14171634,116440
10,14567904,116440
11,14183670,116440
2,-7,273,435,116440
1,14841639,116480
9,14174286,116480
10,14571168,116480
11,14186867,116480
2,-5,273,438,116480
1,14846161,116520
9,14177143,116520
10,14575282,116520
11,14189995,116520
2,-4,271,436,116520
1,14847793,116560
9,14177312,116560
10,14578241,116560
11,14191456,116560
2,-7,277,435,116560
1,14842489,116600
9,14174015,116600
10,14577935,116600
11,14190505,116600
2,-6,269,438,116600
1,14835757,116640
9,14170887,116640
10,14578206,116640
11,14190029,116640
2,-10,273,435,116640
1,14831167,116680
9,14166433,116680
10,14577629,116680
11,14189485,116680
2,-8,273,437,116680
1,14827834,116720
9,14163271,116720
10,14577935,116720
11,14189688,116720
2,-9,271,438,116720
1,14827902,116760
9,14161978,116760
10,14578070,116760
11,14189825,116760
2,-8,270,438,116760
1002,91,116760,1787824969011
1004,676,116760,1787824969011
1002,91,116760,1787824969840
1004,672,116760,1787824969840
1004,665,116760,1787824969841
101,91,91,0,116760,1787824970198
222,0,sqi=100
101,91,91,0,116760,1787824970253
222,0,sqi=100
1,14829365,116800
9,14161638,116800
10,14579702,116800
11,14190675,116800
2,-9,272,438,116800
1,14832968,116840
9,14161978,116840
10,14580960,116840
11,14191932,116840
2,-7,268,437,116840
1,14836640,116880
9,14162863,116880
10,14582661,116880
11,14192952,116880
2,-6,272,438,116880
1,14839598,116920
9,14164222,116920
10,14584836,116920
11,14194312,116920
2,-5,271,439,116920
1,14843815,116960
9,14166943,116960
10,14587659,116960
11,14195910,116960
2,-7,271,438,116960
1,14848235,117000
9,14168880,117000
10,14589597,117000
11,14197848,117000
2,-8,272,438,117000
1,14853471,117040
9,14172043,117040
10,14592758,117040
11,14200161,117040
2,-7,274,436,117040
1,14858979,117080
9,14175408,117080
10,14595920,117080
11,14203492,117080
2,-9,273,437,117080
1,14863671,117120
9,14179182,117120
10,14599320,117120
11,14206553,117120
2,-7,273,437,117120
1,14869179,117160
9,14182175,117160
10,14603060,117160
11,14209272,117160
2,-6,274,438,117160
1,14873734,117200
9,14185132,117200
10,14606358,117200
11,14211823,117200
2,-7,269,439,117200
1,14873463,117240
9,14184963,117240
10,14606767,117240
11,14211755,117240
2,-8,270,437,117240
1,14869348,117280
9,14182786,117280
10,14605984,117280
11,14210598,117280
2,-8,274,436,117280
1,14865473,117320
9,14181120,117320
10,14606052,117320
11,14210258,117320
2,-8,269,438,117320
1,14863399,117360
9,14179727,117360
10,14605916,117360
11,14210802,117360
2,-6,270,437,117360
1,14862412,117400
9,14178876,117400
10,14606291,117400
11,14211551,117400
2,-7,270,437,117400
1,14862752,117440
9,14179591,117440
10,14606733,117440
11,14212877,117440
2,-7,273,438,117440
1,14863942,117480
9,14180678,117480
10,14607922,117480
11,14214339,117480
2,-6,273,437,117480
1,14865881,117520
9,14181256,117520
10,14609317,117520
11,14215528,117520
2,-8,274,437,117520
1,14867818,117560
9,14182786,117560
10,14610574,117560
11,14216923,117560
2,-8,273,437,117560
1,14870267,117600
9,14184045,117600
10,14612138,117600
11,14218656,117600
2,-8,272,435,117600
1,14873020,117640
9,14186152,117640
10,14613430,117640
11,14220492,117640
2,-6,273,436,117640
1,14875502,117680
9,14187682,117680
10,14615165,117680
11,14222159,117680
2,-7,272,436,117680
1,14878461,117720
9,14190063,117720
10,14617068,117720
11,14224199,117720
2,-8,274,438,117720
1,14882337,117760
9,14192782,117760
10,14619210,117760
11,14226680,117760
2,-8,274,436,117760
1,14885431,117800
9,14195503,117800
10,14621761,117800
11,14228924,117800
2,-8,273,434,117800
1,14887403,117840
9,14196931,117840
10,14624141,117840
11,14231033,117840
2,-8,273,437,117840
1,14884683,117880
9,14194992,117880
10,14623596,117880
11,14230284,117880
2,-7,275,436,117880
1,14880364,117920
9,14193225,117920
10,14622679,117920
11,14228823,117920
2,-9,273,437,117920
1,14876999,117960
9,14191423,117960
10,14621999,117960
11,14228381,117960
2,-7,278,434,117960
1,14875367,118000
9,14191185,118000
10,14622339,118000
11,14228993,118000
2,-9,271,435,118000
1,14875060,118040
9,14190912,118040
10,14622305,118040
11,14229570,118040
2,-9,273,434,118040
1,14876693,118080
9,14191286,118080
10,14623393,118080
11,14230386,118080
2,-7,274,437,118080
1,14879515,118120
9,14192680,118120
10,14624276,118120
11,14232393,118120
2,-5,272,436,118120
1,14881589,118160
9,14194516,118160
10,14625976,118160
11,14233243,118160
2,-8,279,436,118160
1,14885193,118200
9,14196760,118200
10,14627778,118200
11,14235044,118200
2,-3,269,427,118200
1,14888490,118240
9,14199446,118240
10,14629955,118240
11,14237323,118240
2,-3,281,436,118240
1,14892842,118280
9,14202438,118280
10,14632878,118280
11,14239838,118280
2,-6,267,436,118280
1,14897909,118320
9,14206247,118320
10,14636143,118320
11,14242627,118320
2,-6,282,435,118320
1,14902125,118360
9,14209680,118360
10,14639066,118360
11,14245551,118360
2,-7,274,439,118360
1002,91,118360,1787824971034
1004,661,118360,1787824971068
101,91,91,0,118360,1787824971707
222,0,sqi=100
101,91,91,0,118360,1787824971793
222,0,sqi=100
1,14907258,118400
9,14213795,118400
10,14642364,118400
11,14248474,118400
2,-8,274,435,118400
1,14913651,118440
9,14218385,118440
10,14646819,118440
11,14252010,118440
2,-6,273,436,118440
1,14917968,118480
9,14221308,118480
10,14649777,118480
11,14254730,118480
2,-6,274,437,118480
1,14916915,118520
9,14221240,118520
10,14651408,118520
11,14254798,118520
2,-7,276,434,118520
1,14915181,118560
9,14220492,118560
10,14652020,118560
11,14254696,118560
2,-7,274,439,118560
1,14913549,118600
9,14220220,118600
10,14652496,118600
11,14256125,118600
2,-7,274,435,118600
1,14913583,118640
9,14221139,118640
10,14654434,118640
11,14257212,118640
2,-8,277,437,118640
1,14915079,118680
9,14222499,118680
10,14655761,118680
11,14258198,118680
2,-5,276,436,118680
1,14918138,118720
9,14224199,118720
10,14657937,118720
11,14260613,118720
2,-6,275,428,118720
1,14922151,118760
9,14227599,118760
10,14661030,118760
11,14263299,118760
2,-7,278,436,118760
1,14927250,118800
9,14230625,118800
10,14664192,118800
11,14266154,118800
2,-9,273,435,118800
1,14932078,118840
9,14234501,118840
10,14666640,118840
11,14269011,118840
2,-6,282,433,118840
1,14936736,118880
9,14238920,118880
10,14670449,118880
11,14272445,118880
2,-4,271,435,118880
1,14942619,118920
9,14243239,118920
10,14674495,118920
11,14275640,118920
2,-4,275,434,118920
1002,91,118680,1787824971843
1,14948535,118960
9,14247930,118960
10,14678439,118960
11,14279278,118960
2,-6,274,436,118960
1004,631,118960,1787824971844
1004,644,118960,1787824971844
1,14954892,119000
9,14252691,119000
10,14682586,119000
11,14283257,119000
2,-5,276,435,119000
1,14960978,119040
9,14257689,119040
10,14687381,119040
11,14287133,119040
2,-6,277,434,119040
1,14967609,119080
9,14263197,119080
10,14692311,119080
11,14291179,119080
2,-7,275,436,119080
1,14973592,119120
9,14268058,119120
10,14697002,119120
11,14295633,119120
2,-7,277,434,119120
1,14975599,119160
9,14269520,119160
10,14699927,119160
11,14297197,119160
2,-8,277,435,119160
1,14974374,119200
9,14269554,119200
10,14701796,119200
11,14297503,119200
2,-5,275,433,119200
1,14972946,119240
9,14270303,119240
10,14702511,119240
11,14298523,119240
2,-8,276,435,119240
1,14971892,119280
9,14271254,119280
10,14703905,119280
11,14299576,119280
2,-7,277,435,119280
1,14972640,119320
9,14271832,119320
10,14705061,119320
11,14301242,119320
2,-9,274,436,119320
1,14974205,119360
9,14273532,119360
10,14707168,119360
11,14302806,119360
2,-7,274,436,119360
1,14977367,119400
9,14276252,119400
10,14709243,119400
11,14305322,119400
2,-9,275,434,119400
1,14981447,119440
9,14278701,119440
10,14712235,119440
11,14307669,119440
2,-8,276,435,119440
1,14984302,119480
9,14281250,119480
10,14714751,119480
11,14310150,119480
2,-8,273,437,119480
1,14988315,119520
9,14283902,119520
10,14717403,119520
11,14312360,119520
2,-9,275,434,119520
1,14992293,119560
9,14286963,119560
10,14720021,119560
11,14314740,119560
2,-7,275,436,119560
1,14996747,119600
9,14289818,119600
10,14722945,119600
11,14317529,119600
2,-8,276,433,119600
1,15000690,119640
9,14293048,119640
10,14725800,119640
11,14320384,119640
2,-8,276,434,119640
1,15004906,119680
9,14296551,119680
10,14728996,119680
11,14323479,119680
2,-8,274,434,119680
1,15008816,119720
9,14299475,119720
10,14731784,119720
11,14326131,119720
2,-10,276,434,119720
1,15012455,119760
9,14302263,119760
10,14734811,119760
11,14328986,119760
2,-8,274,435,119760
1,15015685,119800
9,14304744,119800
10,14737191,119800
11,14331469,119800
2,-9,276,435,119800
1,15014052,119840
9,14303453,119840
10,14737701,119840
11,14330516,119840
2,-8,275,433,119840
1,15008884,119880
9,14300800,119880
10,14736408,119880
11,14329259,119880
2,-9,277,436,119880
1,15004499,119920
9,14298761,119920
10,14735967,119920
11,14328170,119920
2,-8,276,436,119920
1,15001371,119960
9,14297061,119960
10,14734980,119960
11,14328239,119960
2,-8,277,436,119960
1002,91,119960,1787824973068
1004,654,119960,1787824973107
101,91,91,0,119960,1787824973313
222,0,sqi=100
1,14999229,120000
9,14295496,120000
10,14734097,120000
11,14327593,120000
2,-7,274,434,120000
1,14998752,120040
9,14294919,120040
10,14734199,120040
11,14327864,120040
2,-6,276,434,120040
1,14999738,120080
9,14295633,120080
10,14734675,120080
11,14328782,120080
2,-7,275,435,120080
1,15000554,120120
9,14295360,120120
10,14735694,120120
11,14329735,120120
2,-7,276,436,120120
1,15001371,120160
9,14295837,120160
10,14736069,120160
11,14330346,120160
2,-7,276,434,120160
1,15001677,120200
9,14295700,120200
10,14736442,120200
11,14331163,120200
2,-6,275,436,120200
1,15003376,120240
9,14296449,120240
10,14737564,120240
11,14332012,120240
2,-7,277,433,120240
1,15005790,120280
9,14297843,120280
10,14738550,120280
11,14332862,120280
2,-7,276,434,120280
1,15008068,120320
9,14299304,120320
10,14739910,120320
11,14334052,120320
2,-6,274,433,120320
1,15010380,120360
9,14300800,120360
10,14741373,120360
11,14335480,120360
2,-7,276,434,120360
1,15013883,120400
9,14303588,120400
10,14743276,120400
11,14337317,120400
2,-7,275,434,120400
1,15016229,120440
9,14305118,120440
10,14745351,120440
11,14338404,120440
2,-7,276,435,120440
1,15013339,120480
9,14303588,120480
10,14744228,120480
11,14336875,120480
2,-7,277,434,120480
1,15008068,120520
9,14301005,120520
10,14742800,120520
11,14334971,120520
2,-7,275,433,120520
1,15004464,120560
9,14298727,120560
10,14741712,120560
11,14334256,120560
2,-7,278,433,120560
1,15001336,120600
9,14297367,120600
10,14741373,120600
11,14333576,120600
2,-6,276,434,120600
1,15000453,120640
9,14296483,120640
10,14740692,120640
11,14333032,120640
2,-6,276,434,120640
1,15000929,120680
9,14296143,120680
10,14740863,120680
11,14333508,120680
2,-8,277,436,120680
1,15002017,120720
9,14296993,120720
10,14741542,120720
11,14334291,120720
2,-6,276,434,120720
1,15004294,120760
9,14298352,120760
10,14742324,120760
11,14335378,120760
2,-7,275,436,120760
1,15006845,120800
9,14299713,120800
10,14743446,120800
11,14336093,120800
2,-7,276,433,120800
1,15009972,120840
9,14301889,120840
10,14744738,120840
11,14337147,120840
2,-7,278,434,120840
1,15012148,120880
9,14303861,120880
10,14746167,120880
11,14338472,120880
2,-7,275,434,120880
1,15015480,120920
9,14306615,120920
10,14747833,120920
11,14340513,120920
2,-6,277,433,120920
1,15017418,120960
9,14308518,120960
10,14750009,120960
11,14341703,120960
2,-7,275,434,120960
1,15020274,121000
9,14310695,121000
10,14751946,121000
11,14343879,121000
2,-6,275,435,121000
1,15023674,121040
9,14312632,121040
10,14754225,121040
11,14345782,121040
2,-6,275,434,121040
1,15025239,121080
9,14313958,121080
10,14756366,121080
11,14346598,121080
2,-7,277,434,121080
1,15023606,121120
9,14311647,121120
10,14755551,121120
11,14344763,121120
2,-6,276,436,121120
1,15018405,121160
9,14308892,121160
10,14753578,121160
11,14342621,121160
2,-6,276,435,121160
1,15012148,121200
9,14306275,121200
10,14752490,121200
11,14340852,121200
2,-7,276,434,121200
1,15008238,121240
9,14303861,121240
10,14750927,121240
11,14339560,121240
2,-7,276,435,121240
1,15006164,121280
9,14302330,121280
10,14750586,121280
11,14338846,121280
2,-6,277,433,121280
1,15006130,121320
9,14302569,121320
10,14750042,121320
11,14339119,121320
2,-6,276,434,121320
1,15006777,121360
9,14302806,121360
10,14751164,121360
11,14339220,121360
2,-6,276,434,121360
1,15008409,121400
9,14303147,121400
10,14751845,121400
11,14339799,121400
2,-6,275,433,121400
1,15011129,121440
9,14304642,121440
10,14753239,121440
11,14340682,121440
2,-7,277,436,121440
1,15013135,121480
9,14306479,121480
10,14754734,121480
11,14341771,121480
2,-6,275,435,121480
1,15016398,121520
9,14308382,121520
10,14756774,121520
11,14343369,121520
2,-6,277,434,121520
1,15019561,121560
9,14310627,121560
10,14758644,121560
11,14344490,121560
2,-6,276,435,121560
1002,91,121560,1787824973880
1004,671,121560,1787824973881
1004,630,121560,1787824973913
101,92,91,0,121560,1787824974907
222,0,sqi=100
101,92,91,0,121560,1787824974997
222,0,sqi=100
1,15023742,121600
9,14313312,121600
10,14760990,121600
11,14346564,121600
2,-7,278,434,121600
1,15028333,121640
9,14316373,121640
10,14763541,121640
11,14348230,121640
2,-8,274,435,121640
1,15032651,121680
9,14319501,121680
10,14766295,121680
11,14350644,121680
2,-7,272,432,121680
1,15036833,121720
9,14322900,121720
10,14768742,121720
11,14352957,121720
2,-6,277,438,121720
1,15036662,121760
9,14322493,121760
10,14769864,121760
11,14352276,121760
2,-8,279,434,121760
1,15032582,121800
9,14320452,121800
10,14768573,121800
11,14350270,121800
2,-5,275,434,121800
1,15026667,121840
9,14318039,121840
10,14767417,121840
11,14348536,121840
2,-6,273,435,121840
1,15021294,121880
9,14315625,121880
10,14765886,121880
11,14347040,121880
2,-7,277,435,121880
1,15017622,121920
9,14314129,121920
10,14764833,121920
11,14346225,121920
2,-7,276,434,121920
1,15016467,121960
9,14313346,121960
10,14763744,121960
11,14345374,121960
2,-7,278,436,121960
1,15015582,122000
9,14313177,122000
10,14763677,122000
11,14345715,122000
2,-9,277,435,122000
1,15016025,122040
9,14313958,122040
10,14764323,122040
11,14346496,122040
2,-7,277,435,122040
1,15018336,122080
9,14315183,122080
10,14765105,122080
11,14347754,122080
2,-7,274,433,122080
1,15020444,122120
9,14317019,122120
10,14766227,122120
11,14348944,122120
2,-7,275,435,122120
1,15023300,122160
9,14319636,122160
10,14767417,122160
11,14350372,122160
2,-8,276,435,122160
1,15026497,122200
9,14322050,122200
10,14769457,122200
11,14352107,122200
2,-6,277,434,122200
1,15030338,122240
9,14324974,122240
10,14771598,122240
11,14353943,122240
2,-8,276,433,122240
1,15033908,122280
9,14328307,122280
10,14774115,122280
11,14356459,122280
2,-9,276,435,122280
1,15038805,122320
9,14331673,122320
10,14776733,122320
11,14359042,122320
2,-7,277,433,122320
1,15042884,122360
9,14334699,122360
10,14779419,122360
11,14361864,122360
2,-8,276,434,122360
1,15046896,122400
9,14337623,122400
10,14782037,122400
11,14364415,122400
2,-8,276,435,122400
1,15046659,122440
9,14337521,122440
10,14782954,122440
11,14365061,122440
2,-6,277,435,122440
1,15041185,122480
9,14334324,122480
10,14781696,122480
11,14362783,122480
2,-8,274,435,122480
1,15034589,122520
9,14331061,122520
10,14779452,122520
11,14360912,122520
2,-6,279,434,122520
1,15028333,122560
9,14328374,122560
10,14777073,122560
11,14359450,122560
2,-9,276,436,122560
1,15023300,122600
9,14325587,122600
10,14774999,122600
11,14358941,122600
2,-8,275,435,122600
1,15020002,122640
9,14323682,122640
10,14773877,122640
11,14357954,122640
2,-6,278,434,122640
1002,92,122640,1787824975077
1004,645,122640,1787824975095
1,15019289,122680
9,14323037,122680
10,14772822,122680
11,14357682,122680
2,-7,276,434,122680
1,15018948,122720
9,14322934,122720
10,14772279,122720
11,14357954,122720
2,-6,277,436,122720
1,15018303,122760
9,14322186,122760
10,14772006,122760
11,14357887,122760
2,-7,275,433,122760
1,15018711,122800
9,14322186,122800
10,14771633,122800
11,14358397,122800
2,-8,275,435,122800
1,15018506,122840
9,14321983,122840
10,14771904,122840
11,14358600,122840
2,-8,276,432,122840
1,15019017,122880
9,14322697,122880
10,14772176,122880
11,14359213,122880
2,-5,278,434,122880
1,15021090,122920
9,14323716,122920
10,14773197,122920
11,14360709,122920
2,-6,274,435,122920
1,15022791,122960
9,14324601,122960
10,14774046,122960
11,14361320,122960
2,-6,279,435,122960
1,15024967,123000
9,14325859,123000
10,14775270,123000
11,14362783,123000
2,-8,276,435,123000
1,15026598,123040
9,14326810,123040
10,14776529,123040
11,14364040,123040
2,-5,275,435,123040
1,15025851,123080
9,14325416,123080
10,14776290,123080
11,14363054,123080
2,-4,276,433,123080
1,15019493,123120
9,14321268,123120
10,14774387,123120
11,14360607,123120
2,-7,273,435,123120
1,15011706,123160
9,14317529,123160
10,14771837,123160
11,14358192,123160
2,-6,277,432,123160
1002,92,123160,1787824975911
1004,660,123160,1787824975911
1004,678,123160,1787824975943
101,92,92,0,123160,1787824976502
222,0,sqi=100
1,15005008,123200
9,14313482,123200
10,14768946,123200
11,14356050,123200
2,-6,274,435,123200
1,15000690,123240
9,14310831,123240
10,14766906,123240
11,14354283,123240
2,-6,275,436,123240
1,14996917,123280
9,14308723,123280
10,14765241,123280
11,14353535,123280
2,-6,275,434,123280
1,14996271,123320
9,14307567,123320
10,14764628,123320
11,14353296,123320
2,-5,274,436,123320
1,14996712,123360
9,14307499,123360
10,14764560,123360
11,14353874,123360
2,-6,279,435,123360
1,14997154,123400
9,14308009,123400
10,14764560,123400
11,14353874,123400
2,-6,278,435,123400
1,14998140,123440
9,14308756,123440
10,14765002,123440
11,14354350,123440
2,-4,274,434,123440
1,14998923,123480
9,14309640,123480
10,14766057,123480
11,14354827,123480
2,-6,275,434,123480
1,15000656,123520
9,14310389,123520
10,14767247,123520
11,14355677,123520
2,-6,276,434,123520
1,15002186,123560
9,14311306,123560
10,14769116,123560
11,14357037,123560
2,-4,276,433,123560
1,15004635,123600
9,14312531,123600
10,14770714,123600
11,14358533,123600
2,-7,277,435,123600
1,15007320,123640
9,14314026,123640
10,14772754,123640
11,14360369,123640
2,-6,275,436,123640
1,15010584,123680
9,14316305,123680
10,14775202,123680
11,14361660,123680
2,-6,278,434,123680
1,15011876,123720
9,14316033,123720
10,14776631,123720
11,14362306,123720
2,-6,277,435,123720
1,15005654,123760
9,14311918,123760
10,14775270,123760
11,14359927,123760
2,-7,279,434,123760
1,14997120,123800
9,14308077,123800
10,14772993,123800
11,14357139,123800
2,-7,276,435,123800
1,14988723,123840
9,14302603,123840
10,14770205,123840
11,14354724,123840
2,-6,277,437,123840
1,14982263,123880
9,14298795,123880
10,14768130,123880
11,14353024,123880
2,-6,274,434,123880
1,14977264,123920
9,14295123,123920
10,14766023,123920
11,14351121,123920
2,-5,274,435,123920
1,14974647,123960
9,14292743,123960
10,14764696,123960
11,14350270,123960
2,-6,275,436,123960
1,14974851,124000
9,14291859,124000
10,14765105,124000
11,14350066,124000
2,-7,277,434,124000
1,14975531,124040
9,14291825,124040
10,14765138,124040
11,14350407,124040
2,-6,275,435,124040
1,14976347,124080
9,14292267,124080
10,14765478,124080
11,14350407,124080
2,-5,275,436,124080
1,14977809,124120
9,14293354,124120
10,14766464,124120
11,14350849,124120
2,-6,271,437,124120
1,14979849,124160
9,14294307,124160
10,14767655,124160
11,14351971,124160
2,-6,275,435,124160
1,14981650,124200
9,14296143,124200
10,14768912,124200
11,14353229,124200
2,-6,279,435,124200
1,14985390,124240
9,14298625,124240
10,14771564,124240
11,14355166,124240
2,-7,278,434,124240
1,14989164,124280
9,14301923,124280
10,14773774,124280
11,14356832,124280
2,-4,275,434,124280
1,14993007,124320
9,14304337,124320
10,14776495,124320
11,14359382,124320
2,-6,275,433,124320
1,14996339,124360
9,14307226,124360
10,14778807,124360
11,14361490,124360
2,-7,275,432,124360
1,14996441,124400
9,14307192,124400
10,14779997,124400
11,14361558,124400
2,-8,279,432,124400
1,14989471,124440
9,14303895,124440
10,14778330,124440
11,14359416,124440
2,-6,278,434,124440
1,14982636,124480
9,14300155,124480
10,14775679,124480
11,14356934,124480
2,-6,277,434,124480
1,14975905,124520
9,14296720,124520
10,14773027,124520
11,14355439,124520
2,-6,277,434,124520
1,14970193,124560
9,14293797,124560
10,14770306,124560
11,14354214,124560
2,-6,277,432,124560
1,14967234,124600
9,14291518,124600
10,14768776,124600
11,14353569,124600
2,-6,276,436,124600
1,14966283,124640
9,14291417,124640
10,14768063,124640
11,14353398,124640
2,-8,279,434,124640
1,14966962,124680
9,14291281,124680
10,14767722,124680
11,14354283,124680
2,-7,275,434,124680
1,14967540,124720
9,14291518,124720
10,14768165,124720
11,14354487,124720
2,-9,276,435,124720
1,14969853,124760
9,14293287,124760
10,14768437,124760
11,14355371,124760
2,-6,279,435,124760
1002,92,124040,1787824976703
1004,642,124040,1787824976703
1002,92,124760,1787824977928
1004,650,124760,1787824977929
1004,672,124760,1787824977929
101,92,92,0,124760,1787824978154
222,0,sqi=100
101,91,92,0,124760,1787824978235
222,0,sqi=100
1,14972708,124800
9,14295734,124800
10,14768708,124800
11,14356153,124800
2,-7,275,435,124800
1,14975734,124840
9,14299203,124840
10,14769593,124840
11,14357785,124840
2,-7,276,436,124840
1,14979101,124880
9,14302093,124880
10,14771429,124880
11,14359587,124880
2,-9,276,435,124880
1,14982500,124920
9,14304915,124920
10,14772789,124920
11,14361423,124920
2,-7,276,435,124920
1,14985697,124960
9,14308314,124960
10,14774760,124960
11,14363632,124960
2,-6,276,434,124960
1,14989301,125000
9,14311511,125000
10,14777038,125000
11,14365877,125000
2,-6,277,434,125000
1,14992769,125040
9,14314911,125040
10,14778943,125040
11,14367916,125040
2,-8,278,434,125040
1,14991238,125080
9,14313890,125080
10,14779282,125080
11,14367509,125080
2,-6,277,434,125080
1,14984268,125120
9,14310219,125120
10,14776325,125120
11,14364381,125120
2,-7,276,434,125120
1,14976040,125160
9,14305832,125160
10,14773299,125160
11,14361763,125160
2,-7,276,434,125160
1,14969513,125200
9,14301616,125200
10,14770103,125200
11,14359213,125200
2,-7,277,435,125200
1,14964004,125240
9,14298047,125240
10,14767383,125240
11,14357207,125240
2,-7,277,434,125240
1,14961216,125280
9,14296210,125280
10,14764866,125280
11,14356289,125280
2,-7,276,433,125280
1,14959415,125320
9,14294477,125320
10,14763642,125320
11,14355303,125320
2,-7,276,433,125320
1,14959517,125360
9,14294136,125360
10,14762996,125360
11,14354759,125360
2,-7,277,434,125360
1,14960060,125400
9,14293116,125400
10,14762724,125400
11,14354860,125400
2,-8,276,435,125400
1,14960775,125440
9,14293830,125440
10,14762486,125440
11,14354691,125440
2,-6,277,434,125440
1,14961624,125480
9,14294170,125480
10,14762793,125480
11,14354827,125480
2,-7,276,434,125480
1,14962985,125520
9,14295463,125520
10,14763200,125520
11,14355269,125520
2,-8,277,434,125520
1,14965671,125560
9,14296483,125560
10,14764696,125560
11,14357037,125560
2,-8,279,434,125560
1,14967812,125600
9,14298080,125600
10,14765614,125600
11,14357002,125600
2,-8,275,434,125600
1,14970091,125640
9,14300155,125640
10,14766668,125640
11,14358805,125640
2,-7,278,434,125640
1,14973219,125680
9,14302330,125680
10,14768640,125680
11,14359995,125680
2,-7,278,434,125680
1,14976142,125720
9,14304166,125720
10,14770170,125720
11,14361320,125720
2,-7,278,433,125720
1,14975361,125760
9,14302977,125760
10,14770646,125760
11,14360640,125760
2,-8,277,436,125760
1,14969445,125800
9,14299101,125800
10,14768165,125800
11,14357309,125800
2,-7,280,434,125800
1,14962577,125840
9,14295123,125840
10,14764798,125840
11,14354691,125840
2,-7,276,432,125840
1,14956830,125880
9,14291587,125880
10,14761875,125880
11,14352582,125880
2,-7,276,432,125880
1,14952411,125920
9,14287812,125920
10,14759019,125920
11,14350203,125920
2,-7,278,433,125920
1,14948772,125960
9,14284549,125960
10,14756434,125960
11,14348502,125960
2,-8,277,434,125960
1,14947107,126000
9,14282576,126000
10,14754734,126000
11,14347483,126000
2,-8,279,433,126000
1,14946426,126040
9,14281386,126040
10,14753715,126040
11,14346428,126040
2,-7,276,434,126040
1,14947209,126080
9,14280877,126080
10,14752661,126080
11,14346157,126080
2,-6,279,433,126080
1,14948636,126120
9,14282440,126120
10,14751981,126120
11,14345953,126120
2,-8,279,434,126120
1,14951730,126160
9,14284650,126160
10,14752728,126160
11,14346632,126160
2,-7,279,433,126160
1,14955096,126200
9,14287234,126200
10,14753307,126200
11,14347891,126200
2,-7,276,433,126200
1,14959210,126240
9,14290601,126240
10,14754394,126240
11,14349318,126240
2,-8,277,433,126240
1,14963461,126280
9,14293558,126280
10,14755720,126280
11,14351631,126280
2,-8,279,435,126280
1,14967915,126320
9,14296754,126320
10,14757523,126320
11,14352616,126320
2,-8,278,435,126320
1,14972063,126360
9,14300325,126360
10,14759188,126360
11,14354827,126360
2,-9,277,432,126360
1002,92,126360,1787824978724
1004,679,126360,1787824978724
101,91,92,0,126360,1787824979702
222,0,sqi=100
101,91,92,0,126360,1787824979782
222,0,sqi=100
1,14975292,126400
9,14302977,126400
10,14761433,126400
11,14356289,126400
2,-7,278,433,126400
1,14974578,126440
9,14302432,126440
10,14760379,126440
11,14355166,126440
2,-9,278,434,126440
1,14967642,126480
9,14299611,126480
10,14757454,126480
11,14352038,126480
2,-9,279,434,126480
1,14962508,126520
9,14297843,126520
10,14754530,126520
11,14349897,126520
2,-8,279,433,126520
1,14959245,126560
9,14295259,126560
10,14751199,126560
11,14347857,126560
2,-7,278,435,126560
1,14957374,126600
9,14294170,126600
10,14749294,126600
11,14346292,126600
2,-7,279,432,126600
1,14957511,126640
9,14293864,126640
10,14748580,126640
11,14346292,126640
2,-7,278,434,126640
1,14959040,126680
9,14294409,126680
10,14748444,126680
11,14346225,126680
2,-7,278,434,126680
1,14960741,126720
9,14294986,126720
10,14748376,126720
11,14346871,126720
2,-6,276,433,126720
1,14962100,126760
9,14296108,126760
10,14748478,126760
11,14347040,126760
2,-9,282,433,126760
1,14963936,126800
9,14296857,126800
10,14748785,126800
11,14347754,126800
2,-5,276,432,126800
1,14965398,126840
9,14297944,126840
10,14749329,126840
11,14348264,126840
2,-6,278,432,126840
1,14966725,126880
9,14299168,126880
10,14750621,126880
11,14348978,126880
2,-7,277,433,126880
1,14969037,126920
9,14300834,126920
10,14750995,126920
11,14349761,126920
2,-11,276,436,126920
1,14971450,126960
9,14302874,126960
10,14752151,126960
11,14350679,126960
2,-12,277,435,126960
1,14975292,127000
9,14304915,127000
10,14753443,127000
11,14352107,127000
2,-9,278,434,127000
1,14977979,127040
9,14307158,127040
10,14755074,127040
11,14353161,127040
2,-8,279,433,127040
1,14975395,127080
9,14304846,127080
10,14754021,127080
11,14350713,127080
2,-8,279,433,127080
1,14969377,127120
9,14302058,127120
10,14751335,127120
11,14348128,127120
2,-9,277,434,127120
1,14964956,127160
9,14299101,127160
10,14749260,127160
11,14345544,127160
2,-7,278,434,127160
1,14961114,127200
9,14297434,127200
10,14747289,127200
11,14344423,127200
2,-8,277,434,127200
1,14959959,127240
9,14296210,127240
10,14746064,127240
11,14342926,127240
2,-7,277,436,127240
1,14960435,127280
9,14296006,127280
10,14745487,127280
11,14342689,127280
2,-7,277,434,127280
1,14962169,127320
9,14296347,127320
10,14745180,127320
11,14342689,127320
2,-5,271,435,127320
1,14963936,127360
9,14297197,127360
10,14745826,127360
11,14342655,127360
2,-7,272,436,127360
1,14965637,127400
9,14298251,127400
10,14746371,127400
11,14342994,127400
2,-7,275,437,127400
1,14967744,127440
9,14299339,127440
10,14747118,127440
11,14343641,127440
2,-7,274,433,127440
1,14970363,127480
9,14301242,127480
10,14748139,127480
11,14344185,127480
2,-7,279,433,127480
1,14973797,127520
9,14303588,127520
10,14749770,127520
11,14345715,127520
2,-11,274,436,127520
1,14976720,127560
9,14305867,127560
10,14751199,127560
11,14346769,127560
2,-7,281,433,127560
1,14980257,127600
9,14308247,127600
10,14753578,127600
11,14348707,127600
2,-8,276,436,127600
1,14984200,127640
9,14311035,127640
10,14756128,127640
11,14350203,127640
2,-9,283,435,127640
1,14986819,127680
9,14312802,127680
10,14757999,127680
11,14351121,127680
2,-6,277,434,127680
1,14983248,127720
9,14310184,127720
10,14757183,127720
11,14349012,127720
2,-6,275,434,127720
1,14977809,127760
9,14307805,127760
10,14754905,127760
11,14346054,127760
2,-6,277,432,127760
1,14973355,127800
9,14304575,127800
10,14752796,127800
11,14344014,127800
2,-9,276,434,127800
1,14969546,127840
9,14302161,127840
10,14750552,127840
11,14342009,127840
2,-8,279,432,127840
1,14967744,127880
9,14300290,127880
10,14749737,127880
11,14340921,127880
2,-7,274,434,127880
1,14967370,127920
9,14299814,127920
10,14749329,127920
11,14340784,127920
2,-6,277,436,127920
1,14968731,127960
9,14300528,127960
10,14749260,127960
11,14340649,127960
2,-8,277,435,127960
1002,91,127080,1787824979949
1004,680,127080,1787824979949
1004,666,127080,1787824979949
1002,91,127960,1787824980754
1004,627,127960,1787824980800
101,91,91,0,127960,1787824981309
222,0,sqi=100
1,14970974,128000
9,14301651,128000
10,14749940,128000
11,14340852,128000
2,-9,280,435,128000
1,14973014,128040
9,14302773,128040
10,14750723,128040
11,14340989,128040
2,-9,277,435,128040
1,14975666,128080
9,14304608,128080
10,14752354,128080
11,14342043,128080
2,-8,276,435,128080
1,14979101,128120
9,14306886,128120
10,14754054,128120
11,14343233,128120
2,-9,278,434,128120
1,14982568,128160
9,14309777,128160
10,14756707,128160
11,14344695,128160
2,-8,275,433,128160
1,14986716,128200
9,14312157,128200
10,14758882,128200
11,14346327,128200
2,-6,276,433,128200
1,14991103,128240
9,14315149,128240
10,14761534,128240
11,14348434,128240
2,-8,277,435,128240
1,14995556,128280
9,14318787,128280
10,14764527,128280
11,14351053,128280
2,-9,277,435,128280
1,14998038,128320
9,14320147,128320
10,14766023,128320
11,14351563,128320
2,-9,276,434,128320
1,14994537,128360
9,14318175,128360
10,14765377,128360
11,14349285,128360
2,-8,277,434,128360
1,14989845,128400
9,14316305,128400
10,14764289,128400
11,14346530,128400
2,-7,277,432,128400
1,14985764,128440
9,14313924,128440
10,14762793,128440
11,14344661,128440
2,-8,277,435,128440
1,14982977,128480
9,14312700,128480
10,14761331,128480
11,14342961,128480
2,-8,278,435,128480
1,14982399,128520
9,14312360,128520
10,14760718,128520
11,14342247,128520
2,-8,279,434,128520
1,14983894,128560
9,14312496,128560
10,14760855,128560
11,14342485,128560
2,-7,276,435,128560
1,14985697,128600
9,14313177,128600
10,14761773,128600
11,14342587,128600
2,-7,277,433,128600
1,14987634,128640
9,14314503,128640
10,14762351,128640
11,14343130,128640
2,-7,277,433,128640
1,14990185,128680
9,14316169,128680
10,14763234,128680
11,14343742,128680
2,-8,276,434,128680
1,14992326,128720
9,14317596,128720
10,14764764,128720
11,14344695,128720
2,-8,277,433,128720
1,14995149,128760
9,14319806,128760
10,14766158,128760
11,14345647,128760
2,-7,278,434,128760
1,14997936,128800
9,14322289,128800
10,14767417,128800
11,14346837,128800
2,-8,279,432,128800
1,15000554,128840
9,14323785,128840
10,14769354,128840
11,14348061,128840
2,-9,276,433,128840
1,15003207,128880
9,14326810,128880
10,14771293,128880
11,14349964,128880
2,-7,278,433,128880
1,15005858,128920
9,14328409,128920
10,14772890,128920
11,14351596,128920
2,-8,277,432,128920
1,15007491,128960
9,14330006,128960
10,14774319,128960
11,14352514,128960
2,-8,278,434,128960
1,15003172,129000
9,14326912,129000
10,14772925,129000
11,14349352,129000
2,-7,278,432,129000
1,14996610,129040
9,14322832,129040
10,14770374,129040
11,14346088,129040
2,-7,277,435,129040
1,14990796,129080
9,14319228,129080
10,14767519,129080
11,14342961,129080
2,-7,276,434,129080
1,14985254,129120
9,14315999,129120
10,14764764,129120
11,14340513,129120
2,-7,280,433,129120
1,14982127,129160
9,14313381,129160
10,14762826,129160
11,14339289,129160
2,-8,273,434,129160
1,14979883,129200
9,14311987,129200
10,14761297,129200
11,14337555,129200
2,-5,277,433,129200
1,14979712,129240
9,14311137,129240
10,14760889,129240
11,14337010,129240
2,-7,278,433,129240
1,14979780,129280
9,14310524,129280
10,14760447,129280
11,14336637,129280
2,-7,278,434,129280
1,14978964,129320
9,14309811,129320
10,14759732,129320
11,14335684,129320
2,-6,277,434,129320
1,14978625,129360
9,14308961,129360
10,14759291,129360
11,14335106,129360
2,-7,275,434,129360
1,14978659,129400
9,14308995,129400
10,14759257,129400
11,14334630,129400
2,-7,277,434,129400
1,14980189,129440
9,14310049,129440
10,14759699,129440
11,14335276,129440
2,-8,279,434,129440
1,14981515,129480
9,14310932,129480
10,14760107,129480
11,14335549,129480
2,-6,276,434,129480
1,14983792,129520
9,14312326,129520
10,14761671,129520
11,14336059,129520
2,-7,277,435,129520
1,14986988,129560
9,14314400,129560
10,14763337,129560
11,14337317,129560
2,-9,278,435,129560
1002,91,129560,1787824981989
1004,641,129560,1787824981989
1004,636,129560,1787824981989
1002,92,129560,1787824982805
1004,647,129560,1787824982805
1004,621,129560,1787824982806
101,91,92,0,129560,1787824982892
222,0,sqi=100
101,92,92,0,129560,1787824982987
222,0,sqi=100
1,14986580,129600
9,14313652,129600
10,14763234,129600
11,14336501,129600
2,-6,277,433,129600
1,14981072,129640
9,14310593,129640
10,14761398,129640
11,14333373,129640
2,-8,277,433,129640
1,14975565,129680
9,14307703,129680
10,14759222,129680
11,14330415,129680
2,-6,277,434,129680
1,14970941,129720
9,14305152,129720
10,14757421,129720
11,14327899,129720
2,-8,277,434,129720
1,14968323,129760
9,14302806,129760
10,14755278,129760
11,14326198,129760
2,-7,279,433,129760
1,14966996,129800
9,14302161,129800
10,14754734,129800
11,14325212,129800
2,-7,277,434,129800
1,14967540,129840
9,14301616,129840
10,14754258,129840
11,14324804,129840
2,-7,276,433,129840
1,14969614,129880
9,14303045,129880
10,14754905,129880
11,14325280,129880
2,-6,277,433,129880
1,14971110,129920
9,14304337,129920
10,14755857,129920
11,14325280,129920
2,-6,276,435,129920
1,14973389,129960
9,14305459,129960
10,14756196,129960
11,14325620,129960
2,-7,278,433,129960
1,14975632,130000
9,14307906,130000
10,14757591,130000
11,14326403,130000
2,-5,276,434,130000
1,14978931,130040
9,14310354,130040
10,14759563,130040
11,14327728,130040
2,-5,277,434,130040
1,14982841,130080
9,14312598,130080
10,14761773,130080
11,14329735,130080
2,-7,277,434,130080
1,14986614,130120
9,14316543,130120
10,14764459,130120
11,14331231,130120
2,-7,278,434,130120
1,14991238,130160
9,14319432,130160
10,14766940,130160
11,14333101,130160
2,-6,277,434,130160
1,14995251,130200
9,14323071,130200
10,14769626,130200
11,14335446,130200
2,-7,278,433,130200
1,14995760,130240
9,14322662,130240
10,14770578,130240
11,14334937,130240
2,-7,276,434,130240
1,14991714,130280
9,14320588,130280
10,14769253,130280
11,14332556,130280
2,-7,278,434,130280
1,14986172,130320
9,14317971,130320
10,14767757,130320
11,14330585,130320
2,-6,278,435,130320
1,14981311,130360
9,14315692,130360
10,14766057,130360
11,14328374,130360
2,-8,276,434,130360
1,14978761,130400
9,14313619,130400
10,14765377,130400
11,14327049,130400
2,-6,279,434,130400
1,14977673,130440
9,14312598,130440
10,14764118,130440
11,14326029,130440
2,-8,275,434,130440
1,14978897,130480
9,14313177,130480
10,14764425,130480
11,14326606,130480
2,-6,277,434,130480
1,14980698,130520
9,14314435,130520
10,14765241,130520
11,14327218,130520
2,-7,277,435,130520
1,14983147,130560
9,14315523,130560
10,14766125,130560
11,14328035,130560
2,-6,278,434,130560
1,14985799,130600
9,14316883,130600
10,14767450,130600
11,14328510,130600
2,-5,276,435,130600
1,14988791,130640
9,14319195,130640
10,14769014,130640
11,14329666,130640
2,-8,275,436,130640
1,14992293,130680
9,14321575,130680
10,14770749,130680
11,14330959,130680
2,-8,276,435,130680
1,14995692,130720
9,14324396,130720
10,14773129,130720
11,14332726,130720
2,-7,278,434,130720
1,14999874,130760
9,14327354,130760
10,14775373,130760
11,14334937,130760
2,-7,279,435,130760
1,15003988,130800
9,14330245,130800
10,14778263,130800
11,14337044,130800
2,-7,277,433,130800
1,15008612,130840
9,14333440,130840
10,14781152,130840
11,14339493,130840
2,-7,277,434,130840
1,15011231,130880
9,14335039,130880
10,14783839,130880
11,14340682,130880
2,-6,277,434,130880
1,15007695,130920
9,14332284,130920
10,14783261,130920
11,14338745,130920
2,-9,278,434,130920
1,15002731,130960
9,14330245,130960
10,14782648,130960
11,14336806,130960
2,-7,277,435,130960
1,14997767,131000
9,14327286,131000
10,14781255,131000
11,14335582,131000
2,-9,277,432,131000
1,14994333,131040
9,14324532,131040
10,14780200,131040
11,14334052,131040
2,-9,278,433,131040
1,14992326,131080
9,14322391,131080
10,14779690,131080
11,14332998,131080
2,-7,277,434,131080
1,14992157,131120
9,14321846,131120
10,14780575,131120
11,14332556,131120
2,-8,276,434,131120
1,14993789,131160
9,14322085,131160
10,14780370,131160
11,14333304,131160
2,-8,280,433,131160
1002,93,131160,1787824983997
1004,641,131160,1787824984029
101,92,93,0,131160,1787824984525
222,0,sqi=100
1,14994707,131200
9,14322289,131200
10,14781561,131200
11,14333542,131200
2,-6,278,434,131200
1,14996134,131240
9,14322458,131240
10,14782376,131240
11,14333950,131240
2,-8,277,434,131240
1,14998174,131280
9,14323241,131280
10,14783771,131280
11,14334256,131280
2,-8,276,435,131280
1,15000759,131320
9,14324770,131320
10,14785607,131320
11,14335514,131320
2,-7,279,431,131320
1,15004158,131360
9,14326233,131360
10,14787544,131360
11,14336704,131360
2,-7,274,434,131360
1,15006810,131400
9,14328069,131400
10,14789618,131400
11,14338235,131400
2,-6,276,436,131400
1,15010959,131440
9,14329871,131440
10,14791998,131440
11,14339833,131440
2,-8,277,432,131440
1,15013475,131480
9,14332149,131480
10,14794752,131480
11,14341635,131480
2,-9,279,433,131480
1,15013645,131520
9,14331265,131520
10,14795603,131520
11,14341737,131520
2,-7,277,434,131520
1,15008612,131560
9,14327014,131560
10,14794174,131560
11,14338472,131560
2,-7,279,434,131560
1,15001167,131600
9,14322289,131600
10,14792406,131600
11,14335616,131600
2,-6,278,432,131600
1,14995353,131640
9,14317869,131640
10,14790299,131640
11,14332930,131640
2,-9,282,434,131640
1,14991204,131680
9,14313652,131680
10,14788599,131680
11,14330381,131680
2,-8,274,433,131680
1,14987941,131720
9,14310865,131720
10,14786967,131720
11,14329021,131720
2,-8,278,432,131720
1,14987464,131760
9,14308926,131760
10,14786151,131760
11,14327864,131760
2,-7,276,434,131760
1,14988213,131800
9,14308723,131800
10,14786253,131800
11,14327252,131800
2,-8,280,432,131800
1,14988994,131840
9,14308756,131840
10,14786117,131840
11,14327014,131840
2,-8,280,436,131840
1,14989538,131880
9,14308723,131880
10,14785811,131880
11,14327049,131880
2,-10,285,432,131880
1,14990491,131920
9,14308451,131920
10,14785844,131920
11,14327252,131920
2,-5,279,432,131920
1,14992123,131960
9,14309640,131960
10,14786423,131960
11,14327218,131960
2,-6,273,434,131960
1,14994367,132000
9,14310491,132000
10,14787511,132000
11,14328374,132000
2,-6,275,440,132000
1,14997053,132040
9,14312157,132040
10,14788769,132040
11,14329327,132040
2,-4,267,436,132040
1,15000860,132080
9,14314605,132080
10,14790332,132080
11,14330585,132080
2,-9,285,430,132080
1,15004431,132120
9,14316883,132120
10,14792169,132120
11,14331842,132120
2,-10,277,436,132120
1,15003513,132160
9,14315727,132160
10,14792406,132160
11,14331026,132160
2,-7,279,434,132160
1,14999501,132200
9,14313041,132200
10,14790876,132200
11,14328239,132200
2,-6,277,434,132200
1,14994707,132240
9,14310695,132240
10,14788802,132240
11,14326267,132240
2,-6,278,432,132240
1,14991069,132280
9,14308689,132280
10,14786967,132280
11,14324635,132280
2,-8,276,433,132280
1,14988485,132320
9,14306309,132320
10,14785743,132320
11,14323274,132320
2,-8,279,433,132320
1,14987397,132360
9,14305050,132360
10,14784756,132360
11,14322969,132360
2,-6,276,432,132360
1,14987770,132400
9,14304744,132400
10,14784111,132400
11,14322526,132400
2,-6,278,433,132400
1,14988689,132440
9,14304404,132440
10,14783634,132440
11,14322050,132440
2,-7,278,435,132440
1,14988620,132480
9,14304030,132480
10,14783227,132480
11,14321949,132480
2,-7,277,433,132480
1,14989335,132520
9,14304438,132520
10,14783567,132520
11,14321881,132520
2,-6,280,434,132520
1,14990219,132560
9,14304438,132560
10,14783567,132560
11,14322118,132560
2,-7,277,432,132560
1,14991647,132600
9,14305254,132600
10,14784246,132600
11,14322289,132600
2,-7,277,436,132600
1,14993177,132640
9,14306275,132640
10,14784688,132640
11,14323648,132640
2,-7,277,434,132640
1,14996100,132680
9,14307635,132680
10,14785572,132680
11,14324158,132680
2,-6,280,433,132680
1,14997903,132720
9,14309165,132720
10,14786457,132720
11,14324838,132720
2,-6,276,434,132720
1,14995488,132760
9,14306615,132760
10,14785947,132760
11,14323071,132760
2,-6,277,433,132760
1002,93,132600,1787824984808
1004,650,132600,1787824984808
1004,636,132600,1787824984808
1002,93,132760,1787824986023
1004,623,132760,1787824986084
101,93,93,0,132760,1787824986157
222,0,sqi=100
101,93,93,0,132760,1787824986240
222,0,sqi=100
1,14989845,132800
9,14303113,132800
10,14783328,132800
11,14320384,132800
2,-6,278,434,132800
1,14983861,132840
9,14299407,132840
10,14781085,132840
11,14317937,132840
2,-7,276,435,132840
1,14978964,132880
9,14295938,132880
10,14778229,132880
11,14315319,132880
2,-7,277,433,132880
1,14975599,132920
9,14293150,132920
10,14776733,132920
11,14313856,132920
2,-7,277,433,132920
1,14974273,132960
9,14291757,132960
10,14775508,132960
11,14312055,132960
2,-8,279,432,132960
1,14975055,133000
9,14292029,133000
10,14774931,133000
11,14312428,133000
2,-6,277,434,133000
1,14976040,133040
9,14291927,133040
10,14775168,133040
11,14311884,133040
2,-6,276,434,133040
1,14977775,133080
9,14292743,133080
10,14775474,133080
11,14311782,133080
2,-6,280,433,133080
1,14979237,133120
9,14293491,133120
10,14776325,133120
11,14312259,133120
2,-6,278,433,133120
1,14981481,133160
9,14294817,133160
10,14777242,133160
11,14312768,133160
2,-7,276,434,133160
1,14984710,133200
9,14296415,133200
10,14778126,133200
11,14313381,133200
2,-7,275,435,133200
1,14988519,133240
9,14298829,133240
10,14779690,133240
11,14314570,133240
2,-6,280,433,133240
1,14993415,133280
9,14302229,133280
10,14782342,133280
11,14316815,133280
2,-6,277,433,133280
1,14998174,133320
9,14305594,133320
10,14784111,133320
11,14318446,133320
2,-7,277,435,133320
1,15000351,133360
9,14307567,133360
10,14784688,133360
11,14318481,133360
2,-9,276,432,133360
1,14997359,133400
9,14305969,133400
10,14782512,133400
11,14315421,133400
2,-8,278,434,133400
1,14990626,133440
9,14303962,133440
10,14780370,133440
11,14313041,133440
2,-8,277,430,133440
1,14983588,133480
9,14300495,133480
10,14777719,133480
11,14310150,133480
2,-6,278,433,133480
1,14977979,133520
9,14297061,133520
10,14774862,133520
11,14308009,133520
2,-8,278,433,133520
1,14973933,133560
9,14294273,133560
10,14772516,133560
11,14305356,133560
2,-8,277,432,133560
1,14970804,133600
9,14292743,133600
10,14771225,133600
11,14303929,133600
2,-6,279,432,133600
1,14969886,133640
9,14291382,133640
10,14769626,133640
11,14302399,133640
2,-7,279,435,133640
1,14968833,133680
9,14290329,133680
10,14769253,133680
11,14301820,133680
2,-6,277,433,133680
1,14968527,133720
9,14290397,133720
10,14769014,133720
11,14301140,133720
2,-8,277,434,133720
1,14968901,133760
9,14289921,133760
10,14769150,133760
11,14300868,133760
2,-8,281,434,133760
1,14968969,133800
9,14289614,133800
10,14769593,133800
11,14300528,133800
2,-7,279,433,133800
1,14971689,133840
9,14290023,133840
10,14770341,133840
11,14301481,133840
2,-7,276,436,133840
1,14975259,133880
9,14291655,133880
10,14772142,133880
11,14302161,133880
2,-7,277,435,133880
1,14979101,133920
9,14292980,133920
10,14773809,133920
11,14302773,133920
2,-8,279,435,133920
1,14978420,133960
9,14291994,133960
10,14773978,133960
11,14301684,133960
2,-8,278,434,133960
1,14972981,134000
9,14288730,134000
10,14772176,134000
11,14298420,134000
2,-8,277,435,134000
1,14967744,134040
9,14285433,134040
10,14770476,134040
11,14295327,134040
2,-6,274,433,134040
1,14963053,134080
9,14282645,134080
10,14768402,134080
11,14292810,134080
2,-8,279,433,134080
1,14960809,134120
9,14280741,134120
10,14766771,134120
11,14290873,134120
2,-7,280,433,134120
1,14960605,134160
9,14279313,134160
10,14766227,134160
11,14289649,134160
2,-7,276,434,134160
1,14961591,134200
9,14280435,134200
10,14766498,134200
11,14289445,134200
2,-7,277,434,134200
1,14964481,134240
9,14281658,134240
10,14767111,134240
11,14289445,134240
2,-7,279,434,134240
1,14966996,134280
9,14282985,134280
10,14768063,134280
11,14289989,134280
2,-8,277,436,134280
1,14968459,134320
9,14284344,134320
10,14769185,134320
11,14290601,134320
2,-8,276,433,134320
1,14970702,134360
9,14285297,134360
10,14770850,134360
11,14291315,134360
2,-9,278,434,134360
1002,94,134360,1787824986836
1004,599,134360,1787824986836
1004,612,134360,1787824986837
101,94,94,0,134360,1787824987739
222,0,sqi=100
101,94,94,0,134360,1787824987786
222,0,sqi=100
1,14970941,134400
9,14285602,134400
10,14772652,134400
11,14292436,134400
2,-7,278,434,134400
1,14972334,134440
9,14286044,134440
10,14774489,134440
11,14293627,134440
2,-7,275,434,134440
1,14974273,134480
9,14286588,134480
10,14776189,134480
11,14295088,134480
2,-8,279,432,134480
1,14976550,134520
9,14287473,134520
10,14778466,134520
11,14296517,134520
2,-7,278,434,134520
1,14979033,134560
9,14288628,134560
10,14780235,134560
11,14298013,134560
2,-7,278,432,134560
1,14975259,134600
9,14284515,134600
10,14779180,134600
11,14295871,134600
2,-7,276,434,134600
1,14966996,134640
9,14280095,134640
10,14776563,134640
11,14292606,134640
2,-8,277,434,134640
1,14960910,134680
9,14275573,134680
10,14774217,134680
11,14289002,134680
2,-9,276,433,134680
1,14954892,134720
9,14271560,134720
10,14771462,134720
11,14286555,134720
2,-8,277,433,134720
1,14950438,134760
9,14267616,134760
10,14769422,134760
11,14284106,134760
2,-7,278,434,134760
1,14948262,134800
9,14264965,134800
10,14767621,134800
11,14282169,134800
2,-7,278,434,134800
1,14948636,134840
9,14263979,134840
10,14766498,134840
11,14281046,134840
2,-8,276,436,134840
1,14949724,134880
9,14263809,134880
10,14766090,134880
11,14279789,134880
2,-8,277,432,134880
1,14949860,134920
9,14263503,134920
10,14765444,134920
11,14278938,134920
2,-8,278,434,134920
1,14952003,134960
9,14264285,134960
10,14765988,134960
11,14278191,134960
2,-6,278,433,134960
1,14953634,135000
9,14264658,135000
10,14766295,135000
11,14278122,135000
2,-6,276,434,135000
1,14957001,135040
9,14266902,135040
10,14766839,135040
11,14278496,135040
2,-8,277,433,135040
1,14959652,135080
9,14268500,135080
10,14767315,135080
11,14278632,135080
2,-7,278,434,135080
1,14962542,135120
9,14270405,135120
10,14768606,135120
11,14279550,135120
2,-8,278,433,135120
1,14965364,135160
9,14272512,135160
10,14769150,135160
11,14280401,135160
2,-7,277,434,135160
1,14966962,135200
9,14274213,135200
10,14770239,135200
11,14281454,135200
2,-7,278,435,135200
1,14964004,135240
9,14272580,135240
10,14769457,135240
11,14279754,135240
2,-6,279,433,135240
1,14957443,135280
9,14269589,135280
10,14767519,135280
11,14276831,135280
2,-6,276,434,135280
1,14951764,135320
9,14267175,135320
10,14765513,135320
11,14275097,135320
2,-8,277,432,135320
1,14948432,135360
9,14265747,135360
10,14764254,135360
11,14273260,135360
2,-7,279,432,135360
1,14947481,135400
9,14265134,135400
10,14762588,135400
11,14272104,135400
2,-9,279,432,135400
1,14948364,135440
9,14265645,135440
10,14762146,135440
11,14271935,135440
2,-5,279,432,135440
1,14950608,135480
9,14267311,135480
10,14762793,135480
11,14272309,135480
2,-6,276,435,135480
1,14953533,135520
9,14269282,135520
10,14763371,135520
11,14272954,135520
2,-4,272,434,135520
1,14955980,135560
9,14271390,135560
10,14764560,135560
11,14273804,135560
2,-7,277,437,135560
1,14958803,135600
9,14272580,135600
10,14765955,135600
11,14274926,135600
2,-10,280,434,135600
1,14961897,135640
9,14274552,135640
10,14767247,135640
11,14276083,135640
2,-9,279,437,135640
1,14965602,135680
9,14277715,135680
10,14769287,135680
11,14277919,135680
2,-7,274,436,135680
1,14969614,135720
9,14280298,135720
10,14771769,135720
11,14279721,135720
2,-9,273,435,135720
1,14974953,135760
9,14284106,135760
10,14774013,135760
11,14281965,135760
2,-10,277,437,135760
1,14979712,135800
9,14287609,135800
10,14777073,135800
11,14283665,135800
2,-7,278,435,135800
1,14985424,135840
9,14291247,135840
10,14780302,135840
11,14286588,135840
2,-7,275,435,135840
1,14987941,135880
9,14292743,135880
10,14781832,135880
11,14287710,135880
2,-3,273,433,135880
1,14985764,135920
9,14291689,135920
10,14782139,135920
11,14286351,135920
2,-4,278,435,135920
1,14981685,135960
9,14290465,135960
10,14782275,135960
11,14284990,135960
2,-6,278,433,135960
1002,96,135520,1787824988058
1004,601,135520,1787824988058
1004,622,135560,1787824988059
1002,96,135960,1787824988864
1004,643,135960,1787824988864
101,95,96,0,135960,1787824989405
1,14978761,136000
222,0,sqi=100
9,14289410,136000
10,14782207,136000
11,14284481,136000
2,-6,274,435,136000
1,14976822,136040
9,14289105,136040
10,14782173,136040
11,14284175,136040
2,-5,275,435,136040
1,14977163,136080
9,14288730,136080
10,14782308,136080
11,14284481,136080
2,-6,276,434,136080
1,14978590,136120
9,14289376,136120
10,14783567,136120
11,14284719,136120
2,-5,276,434,136120
1,14980597,136160
9,14290634,136160
10,14784281,136160
11,14285297,136160
2,-7,275,434,136160
1,14983452,136200
9,14291315,136200
10,14785947,136200
11,14286384,136200
2,-7,277,435,136200
1,14986376,136240
9,14293150,136240
10,14787783,136240
11,14286996,136240
2,-5,277,436,136240
1,14989335,136280
9,14294544,136280
10,14788837,136280
11,14288322,136280
2,-5,277,434,136280
1,14992428,136320
9,14296347,136320
10,14790536,136320
11,14289546,136320
2,-6,271,434,136320
1,14995964,136360
9,14298489,136360
10,14792440,136360
11,14290634,136360
2,-9,273,433,136360
1,14999297,136400
9,14301005,136400
10,14794684,136400
11,14292335,136400
2,-10,278,436,136400
1,15003444,136440
9,14302942,136440
10,14796248,136440
11,14294273,136440
2,-11,275,435,136440
1,15007083,136480
9,14305798,136480
10,14798458,136480
11,14296040,136480
2,-5,279,432,136480
1,15011434,136520
9,14308723,136520
10,14800974,136520
11,14297706,136520
2,-3,277,432,136520
1,15012693,136560
9,14309505,136560
10,14801348,136560
11,14297605,136560
2,-5,269,438,136560
1,15008443,136600
9,14307363,136600
10,14800974,136600
11,14295938,136600
2,-3,283,429,136600
1,15004940,136640
9,14306139,136640
10,14800362,136640
11,14294443,136640
2,-3,274,434,136640
1,15003411,136680
9,14305934,136680
10,14800192,136680
11,14294544,136680
2,-4,276,433,136680
1,15002594,136720
9,14306206,136720
10,14800431,136720
11,14294511,136720
2,-7,276,432,136720
1,15003479,136760
9,14307261,136760
10,14801009,136760
11,14294850,136760
2,-7,278,436,136760
1,15005722,136800
9,14307906,136800
10,14802096,136800
11,14295565,136800
2,-7,275,433,136800
1,15007932,136840
9,14309573,136840
10,14803048,136840
11,14296891,136840
2,-6,276,436,136840
1,15010788,136880
9,14311238,136880
10,14803932,136880
11,14297536,136880
2,-8,269,437,136880
1,15014189,136920
9,14313517,136920
10,14804375,136920
11,14297944,136920
2,-6,276,436,136920
1,15016126,136960
9,14315625,136960
10,14805122,136960
11,14298761,136960
2,-6,272,437,136960
1,15018065,137000
9,14317257,137000
10,14806414,137000
11,14300256,137000
2,-9,278,434,137000
1,15021294,137040
9,14320045,137040
10,14807808,137040
11,14301957,137040
2,-10,274,437,137040
1,15024354,137080
9,14322356,137080
10,14809407,137080
11,14303588,137080
2,-5,278,438,137080
1,15028163,137120
9,14325178,137120
10,14810733,137120
11,14305493,137120
2,-7,271,434,137120
1,15030610,137160
9,14327524,137160
10,14812909,137160
11,14307261,137160
2,-7,272,432,137160
1,15032514,137200
9,14328307,137200
10,14813690,137200
11,14307703,137200
2,-8,276,437,137200
1,15029183,137240
9,14327083,137240
10,14812807,137240
11,14306037,137240
2,-6,276,436,137240
1,15025681,137280
9,14325382,137280
10,14812229,137280
11,14305322,137280
2,-6,275,433,137280
1,15022654,137320
9,14324227,137320
10,14812229,137320
11,14304201,137320
2,-7,282,432,137320
1,15020887,137360
9,14324022,137360
10,14811922,137360
11,14304438,137360
2,-5,273,430,137360
1,15021362,137400
9,14323615,137400
10,14812161,137400
11,14304677,137400
2,-4,277,436,137400
1,15023097,137440
9,14324906,137440
10,14813113,137440
11,14305356,137440
2,-5,275,434,137440
1,15024967,137480
9,14325790,137480
10,14813792,137480
11,14306172,137480
2,-7,275,436,137480
1,15028094,137520
9,14327218,137520
10,14814506,137520
11,14307125,137520
2,-4,276,434,137520
1,15030338,137560
9,14328885,137560
10,14815764,137560
11,14307906,137560
2,-6,282,435,137560
1002,95,137560,1787824990076
1004,657,137560,1787824990076
1004,671,137560,1787824990116
1002,94,137560,1787824990922
1004,642,137560,1787824990923
101,95,94,0,137560,1787824990924
222,0,sqi=100
101,94,94,0,137560,1787824990990
222,0,sqi=100
1,15032140,137600
9,14330210,137600
10,14817464,137600
11,14309369,137600
2,-9,275,433,137600
1,15034997,137640
9,14332284,137640
10,14818791,137640
11,14310558,137640
2,-7,280,434,137640
1,15037614,137680
9,14334291,137680
10,14820933,137680
11,14312463,137680
2,-6,277,433,137680
1,15041831,137720
9,14336704,137720
10,14823109,137720
11,14314264,137720
2,-6,280,434,137720
1,15045774,137760
9,14339526,137760
10,14825217,137760
11,14316169,137760
2,-5,278,435,137760
1,15050568,137800
9,14342349,137800
10,14828072,137800
11,14318549,137800
2,-7,276,434,137800
1,15050705,137840
9,14341975,137840
10,14828549,137840
11,14318073,137840
2,-5,278,433,137840
1,15047509,137880
9,14340546,137880
10,14828481,137880
11,14317019,137880
2,-6,277,434,137880
1,15044347,137920
9,14339391,137920
10,14828277,137920
11,14315556,137920
2,-7,277,437,137920
1,15041286,137960
9,14338540,137960
10,14827868,137960
11,14314877,137960
2,-7,275,437,137960
1,15039587,138000
9,14338030,138000
10,14828140,138000
11,14314944,138000
2,-5,277,434,138000
1,15039450,138040
9,14338269,138040
10,14828344,138040
11,14315047,138040
2,-5,277,435,138040
1,15042102,138080
9,14339085,138080
10,14829840,138080
11,14316543,138080
2,-7,277,435,138080
1,15044177,138120
9,14340207,138120
10,14830997,138120
11,14317121,138120
2,-7,277,434,138120
1,15046795,138160
9,14341362,138160
10,14832594,138160
11,14318107,138160
2,-7,277,434,138160
1,15049073,138200
9,14342994,138200
10,14834261,138200
11,14318820,138200
2,-4,276,433,138200
1,15052098,138240
9,14344524,138240
10,14836062,138240
11,14320351,138240
2,-5,275,434,138240
1,15055294,138280
9,14346632,138280
10,14837966,138280
11,14322016,138280
2,-7,277,437,138280
1,15058423,138320
9,14348400,138320
10,14840211,138320
11,14323444,138320
2,-6,279,433,138320
1,15062060,138360
9,14349761,138360
10,14842114,138360
11,14325110,138360
2,-4,275,436,138360
1,15064475,138400
9,14351460,138400
10,14844461,138400
11,14326573,138400
2,-6,277,434,138400
1,15067467,138440
9,14352413,138440
10,14846840,138440
11,14328273,138440
2,-7,277,433,138440
1,15065902,138480
9,14350169,138480
10,14846602,138480
11,14327151,138480
2,-8,276,435,138480
1,15060803,138520
9,14346803,138520
10,14845447,138520
11,14324703,138520
2,-5,277,433,138520
1,15055940,138560
9,14344252,138560
10,14844665,138560
11,14323207,138560
2,-6,278,434,138560
1,15052030,138600
9,14342043,138600
10,14844426,138600
11,14321915,138600
2,-7,273,434,138600
1,15048529,138640
9,14340139,138640
10,14843407,138640
11,14320452,138640
2,-5,278,435,138640
1,15047509,138680
9,14338778,138680
10,14842420,138680
11,14319670,138680
2,-9,277,434,138680
1,15047169,138720
9,14337350,138720
10,14843169,138720
11,14319909,138720
2,-3,279,433,138720
1,15047033,138760
9,14337317,138760
10,14843407,138760
11,14319739,138760
2,-6,273,434,138760
1,15047407,138800
9,14336194,138800
10,14843848,138800
11,14319331,138800
2,-5,279,433,138800
1,15048291,138840
9,14335956,138840
10,14843917,138840
11,14319195,138840
2,-7,276,435,138840
1,15049752,138880
9,14336262,138880
10,14844392,138880
11,14319670,138880
2,-6,275,434,138880
1,15051146,138920
9,14337588,138920
10,14845413,138920
11,14320113,138920
2,-6,275,435,138920
1,15054104,138960
9,14338472,138960
10,14846127,138960
11,14321065,138960
2,-7,279,432,138960
1,15057573,139000
9,14340479,139000
10,14848030,139000
11,14322186,139000
2,-7,276,435,139000
1,15060939,139040
9,14342043,139040
10,14849526,139040
11,14323615,139040
2,-6,275,436,139040
1,15064067,139080
9,14344185,139080
10,14851226,139080
11,14324770,139080
2,-7,272,434,139080
1,15066651,139120
9,14344797,139120
10,14852960,139120
11,14325756,139120
2,-6,280,433,139120
1,15062367,139160
9,14342722,139160
10,14851804,139160
11,14323920,139160
2,-8,278,433,139160
1002,94,139160,1787824991705
1004,633,139160,1787824991705
1004,641,139160,1787824991706
101,94,94,0,139160,1787824992515
222,0,sqi=100
1,15058286,139200
9,14340036,139200
10,14851158,139200
11,14322221,139200
2,-5,275,434,139200
1,15054172,139240
9,14338065,139240
10,14850410,139240
11,14321098,139240
2,-7,277,435,139240
1,15051181,139280
9,14336262,139280
10,14849391,139280
11,14320180,139280
2,-7,277,433,139280
1,15049685,139320
9,14335141,139320
10,14849118,139320
11,14319262,139320
2,-6,279,434,139320
1,15050093,139360
9,14334835,139360
10,14849391,139360
11,14319603,139360
2,-7,276,436,139360
1,15051996,139400
9,14335514,139400
10,14849731,139400
11,14320180,139400
2,-7,277,434,139400
1,15054206,139440
9,14335956,139440
10,14850104,139440
11,14320724,139440
2,-7,278,434,139440
1,15056382,139480
9,14337249,139480
10,14851431,139480
11,14321472,139480
2,-4,276,433,139480
1,15059680,139520
9,14339458,139520
10,14852416,139520
11,14323071,139520
2,-6,276,434,139520
1,15062367,139560
9,14341465,139560
10,14854015,139560
11,14323886,139560
2,-7,279,435,139560
1,15066174,139600
9,14344049,139600
10,14855443,139600
11,14325451,139600
2,-7,277,435,139600
1,15069268,139640
9,14346327,139640
10,14857448,139640
11,14327151,139640
2,-7,276,435,139640
1,15073383,139680
9,14349285,139680
10,14858740,139680
11,14329054,139680
2,-6,276,434,139680
1,15078414,139720
9,14352107,139720
10,14860882,139720
11,14331128,139720
2,-6,277,435,139720
1,15083038,139760
9,14355235,139760
10,14862820,139760
11,14333338,139760
2,-8,278,433,139760
1,15086269,139800
9,14357853,139800
10,14864113,139800
11,14335174,139800
2,-6,277,435,139800
1,15084535,139840
9,14357002,139840
10,14864045,139840
11,14333984,139840
2,-7,277,434,139840
1,15080693,139880
9,14355371,139880
10,14863297,139880
11,14332998,139880
2,-4,277,433,139880
1,15076136,139920
9,14354112,139920
10,14862616,139920
11,14332523,139920
2,-8,276,436,139920
1,15072601,139960
9,14352310,139960
10,14861631,139960
11,14331979,139960
2,-8,278,432,139960
1,15071988,140000
9,14351664,140000
10,14860917,140000
11,14331809,140000
2,-8,279,435,140000
1,15071920,140040
9,14352141,140040
10,14861155,140040
11,14332489,140040
2,-8,277,434,140040
1,15072601,140080
9,14352379,140080
10,14861325,140080
11,14332353,140080
2,-5,276,434,140080
1,15074097,140120
9,14353058,140120
10,14861257,140120
11,14332998,140120
2,-7,271,434,140120
1,15074130,140160
9,14353501,140160
10,14861427,140160
11,14332998,140160
2,-8,283,432,140160
1,15075117,140200
9,14354079,140200
10,14862276,140200
11,14333814,140200
2,-6,277,434,140200
1,15076613,140240
9,14355201,140240
10,14862923,140240
11,14334902,140240
2,-5,279,436,140240
1,15078755,140280
9,14356289,140280
10,14863909,140280
11,14336059,140280
2,-5,278,433,140280
1,15081100,140320
9,14358295,140320
10,14865812,140320
11,14337623,140320
2,-5,278,433,140320
1,15083854,140360
9,14360063,140360
10,14867105,140360
11,14338915,140360
2,-6,277,434,140360
1,15087153,140400
9,14362205,140400
10,14868974,140400
11,14341056,140400
2,-6,276,433,140400
1,15090314,140440
9,14364108,140440
10,14870641,140440
11,14342043,140440
2,-7,277,433,140440
1,15088682,140480
9,14362578,140480
10,14870573,140480
11,14341396,140480
2,-6,275,434,140480
1,15084976,140520
9,14361388,140520
10,14869994,140520
11,14339934,140520
2,-7,278,434,140520
1,15080931,140560
9,14359144,140560
10,14869382,140560
11,14339526,140560
2,-6,277,433,140560
1,15078142,140600
9,14358227,140600
10,14868736,140600
11,14340002,140600
2,-6,279,433,140600
1,15077122,140640
9,14357853,140640
10,14868940,140640
11,14340207,140640
2,-9,279,432,140640
1,15078142,140680
9,14359042,140680
10,14869213,140680
11,14340649,140680
2,-9,277,435,140680
1,15080285,140720
9,14360199,140720
10,14870097,140720
11,14341975,140720
2,-8,277,434,140720
1,15083277,140760
9,14361456,140760
10,14871524,140760
11,14342994,140760
2,-7,280,435,140760
1002,94,140760,1787824992903
1004,655,140760,1787824992903
1002,93,140760,1787824993726
1004,681,140760,1787824993726
1004,645,140760,1787824993726
101,93,93,0,140760,1787824994140
222,0,sqi=100
101,93,93,0,140760,1787824994229
222,0,sqi=100
1,15085827,140800
9,14362884,140800
10,14872647,140800
11,14344252,140800
2,-7,277,432,140800
1,15088648,140840
9,14365128,140840
10,14874211,140840
11,14345238,140840
2,-7,277,434,140840
1,15092524,140880
9,14367168,140880
10,14876216,140880
11,14347142,140880
2,-6,276,431,140880
1,15096605,140920
9,14370160,140920
10,14878222,140920
11,14349522,140920
2,-5,275,434,140920
1,15100311,140960
9,14372813,140960
10,14880024,140960
11,14351494,140960
2,-7,278,433,140960
1,15104084,141000
9,14375159,141000
10,14882370,141000
11,14353841,141000
2,-10,285,434,141000
1,15107756,141040
9,14378015,141040
10,14884411,141040
11,14355779,141040
2,-10,278,435,141040
1,15111531,141080
9,14380530,141080
10,14886587,141080
11,14358227,141080
2,-7,279,434,141080
1,15111632,141120
9,14380361,141120
10,14887674,141120
11,14358431,141120
2,-4,278,433,141120
1,15107655,141160
9,14378320,141160
10,14887470,141160
11,14357682,141160
2,-8,276,432,141160
1,15102588,141200
9,14376077,141200
10,14887063,141200
11,14356901,141200
2,-6,278,432,141200
1,15097488,141240
9,14373288,141240
10,14885940,141240
11,14356085,141240
2,-6,278,432,141240
1,15094326,141280
9,14371181,141280
10,14885907,141280
11,14356153,141280
2,-6,277,434,141280
1,15092559,141320
9,14369922,141320
10,14886009,141320
11,14355915,141320
2,-7,280,434,141320
1,15092422,141360
9,14369379,141360
10,14886009,141360
11,14357002,141360
2,-8,283,433,141360
1,15093510,141400
9,14368936,141400
10,14886587,141400
11,14357376,141400
2,-5,277,433,141400
1,15094769,141440
9,14369072,141440
10,14887130,141440
11,14357819,141440
2,-5,279,432,141440
1,15095992,141480
9,14370059,141480
10,14888014,141480
11,14358600,141480
2,-6,278,435,141480
1,15098271,141520
9,14370908,141520
10,14888796,141520
11,14359518,141520
2,-8,279,432,141520
1,15100956,141560
9,14372847,141560
10,14890191,141560
11,14360776,141560
2,-6,278,435,141560
1,15103574,141600
9,14373697,141600
10,14890735,141600
11,14362681,141600
2,-7,280,434,141600
1,15105513,141640
9,14375260,141640
10,14892604,141640
11,14364040,141640
2,-8,279,432,141640
1,15108437,141680
9,14376893,141680
10,14894407,141680
11,14366285,141680
2,-7,281,434,141680
1,15111904,141720
9,14379817,141720
10,14895461,141720
11,14367780,141720
2,-8,277,433,141720
1,15114659,141760
9,14381244,141760
10,14897739,141760
11,14369684,141760
2,-6,278,431,141760
1,15113095,141800
9,14380326,141800
10,14897739,141800
11,14369243,141800
2,-8,279,433,141800
1,15108063,141840
9,14377470,141840
10,14897568,141840
11,14368019,141840
2,-8,279,434,141840
1,15102929,141880
9,14374852,141880
10,14896719,141880
11,14367271,141880
2,-9,279,433,141880
1,15098304,141920
9,14372268,141920
10,14895393,141920
11,14366319,141920
2,-7,277,434,141920
1,15095245,141960
9,14369718,141960
10,14894237,141960
11,14365026,141960
2,-6,276,433,141960
1,15092694,142000
9,14368223,142000
10,14893761,142000
11,14364245,142000
2,-7,279,434,142000
1,15091063,142040
9,14366489,142040
10,14892707,142040
11,14364040,142040
2,-8,278,434,142040
1,15089294,142080
9,14365469,142080
10,14891687,142080
11,14362918,142080
2,-6,279,433,142080
1,15088988,142120
9,14364788,142120
10,14891007,142120
11,14362884,142120
2,-10,282,436,142120
1,15088988,142160
9,14364313,142160
10,14890769,142160
11,14362341,142160
2,-8,275,432,142160
1,15088887,142200
9,14364891,142200
10,14890395,142200
11,14362069,142200
2,-8,271,435,142200
1,15089839,142240
9,14365503,142240
10,14890020,142240
11,14362069,142240
2,-9,279,434,142240
1,15090349,142280
9,14366149,142280
10,14890156,142280
11,14362273,142280
2,-7,275,433,142280
1,15091538,142320
9,14367202,142320
10,14890055,142320
11,14362714,142320
2,-7,278,434,142320
1,15094598,142360
9,14368733,142360
10,14891177,142360
11,14363054,142360
2,-6,276,433,142360
1002,93,142360,1787824994931
1004,662,142360,1787824994931
101,92,93,0,142360,1787824995699
222,0,sqi=100
1002,92,142360,1787824995770
1004,672,142360,1787824995770
1004,676,142360,1787824995770
101,92,92,0,142360,1787824995789
222,0,sqi=100
1,15097148,142400
9,14371146,142400
10,14892026,142400
11,14364177,142400
2,-8,274,433,142400
1,15099359,142440
9,14373458,142440
10,14892537,142440
11,14365095,142440
2,-6,280,435,142440
1,15096911,142480
9,14371895,142480
10,14891313,142480
11,14363463,142480
2,-8,280,434,142480
1,15091301,142520
9,14369072,142520
10,14890361,142520
11,14362239,142520
2,-8,277,433,142520
1,15085792,142560
9,14366557,142560
10,14889273,142560
11,14361286,142560
2,-6,279,434,142560
1,15081406,142600
9,14363871,142600
10,14887981,142600
11,14360743,142600
2,-6,276,433,142600
1,15079401,142640
9,14362578,142640
10,14887233,142640
11,14360266,142640
2,-6,281,432,142640
1,15079299,142680
9,14362613,142680
10,14886892,142680
11,14360266,142680
2,-8,278,433,142680
1,15080998,142720
9,14363938,142720
10,14887233,142720
11,14361082,142720
2,-5,277,433,142720
1,15083004,142760
9,14365707,142760
10,14888218,142760
11,14362035,142760
2,-4,278,431,142760
1,15085589,142800
9,14366999,142800
10,14888728,142800
11,14362953,142800
2,-6,279,433,142800
1,15087492,142840
9,14368800,142840
10,14889783,142840
11,14363904,142840
2,-7,279,433,142840
1,15089601,142880
9,14370908,142880
10,14890667,142880
11,14365231,142880
2,-6,278,433,142880
1,15092491,142920
9,14372881,142920
10,14891788,142920
11,14366557,142920
2,-5,278,432,142920
1,15095211,142960
9,14374988,142960
10,14892808,142960
11,14367951,142960
2,-7,279,433,142960
1,15097930,143000
9,14376485,143000
10,14894033,143000
11,14369243,143000
2,-7,278,436,143000
1,15100209,143040
9,14378661,143040
10,14895154,143040
11,14370671,143040
2,-6,280,434,143040
1,15102486,143080
9,14380632,143080
10,14896412,143080
11,14372370,143080
2,-7,278,433,143080
1,15102725,143120
9,14380836,143120
10,14897059,143120
11,14372643,143120
2,-6,277,434,143120
1,15097930,143160
9,14378184,143160
10,14896005,143160
11,14370908,143160
2,-5,278,434,143160
1,15092354,143200
9,14374920,143200
10,14894678,143200
11,14369718,143200
2,-6,278,434,143200
1,15086813,143240
9,14372132,143240
10,14893761,143240
11,14369140,143240
2,-7,279,434,143240
1,15083821,143280
9,14370738,143280
10,14892639,143280
11,14368971,143280
2,-7,277,434,143280
1,15083140,143320
9,14369276,143320
10,14892366,143320
11,14368902,143320
2,-6,277,432,143320
1,15083174,143360
9,14369379,143360
10,14892094,143360
11,14369208,143360
2,-6,278,432,143360
1,15084602,143400
9,14369617,143400
10,14892639,143400
11,14369617,143400
2,-6,278,432,143400
1,15085011,143440
9,14369651,143440
10,14892876,143440
11,14370059,143440
2,-7,278,433,143440
1,15086813,143480
9,14369888,143480
10,14893319,143480
11,14371452,143480
2,-6,279,432,143480
1,15088513,143520
9,14370874,143520
10,14894202,143520
11,14371928,143520
2,-6,280,432,143520
1,15090314,143560
9,14372235,143560
10,14895495,143560
11,14373017,143560
2,-5,278,433,143560
1,15092287,143600
9,14373458,143600
10,14897059,143600
11,14374513,143600
2,-6,279,434,143600
1,15095585,143640
9,14375057,143640
10,14899370,143640
11,14375804,143640
2,-6,279,432,143640
1,15099597,143680
9,14377198,143680
10,14901036,143680
11,14377572,143680
2,-4,278,434,143680
1,15103371,143720
9,14379715,143720
10,14903892,143720
11,14379850,143720
2,-5,279,427,143720
1,15105513,143760
9,14380428,143760
10,14905626,143760
11,14380258,143760
2,-5,280,431,143760
1,15101704,143800
9,14378320,143800
10,14905661,143800
11,14379238,143800
2,-7,278,433,143800
1,15097285,143840
9,14376042,143840
10,14905694,143840
11,14378796,143840
2,-6,280,432,143840
1,15093273,143880
9,14373969,143880
10,14906544,143880
11,14378933,143880
2,-5,279,432,143880
1,15091505,143920
9,14372643,143920
10,14906409,143920
11,14379273,143920
2,-6,279,432,143920
1,15091097,143960
9,14371793,143960
10,14907565,143960
11,14380191,143960
2,-7,279,433,143960
1002,92,143960,1787824996959
1004,651,143960,1787824997015
101,92,92,0,143960,1787824997348
222,0,sqi=100
1,15092763,144000
9,14372132,144000
10,14908414,144000
11,14381244,144000
2,-8,283,432,144000
1,15094666,144040
9,14373220,144040
10,14909877,144040
11,14382299,144040
2,-6,280,433,144040
1,15096808,144080
9,14374342,144080
10,14911372,144080
11,14383658,144080
2,-7,277,434,144080
1,15099869,144120
9,14376008,144120
10,14913310,144120
11,14385393,144120
2,-5,281,434,144120
1,15102351,144160
9,14377912,144160
10,14915283,144160
11,14387058,144160
2,-6,278,432,144160
1,15106226,144200
9,14380292,144200
10,14917458,144200
11,14388861,144200
2,-4,275,428,144200
1,15110409,144240
9,14383251,144240
10,14920110,144240
11,14391274,144240
2,-5,275,433,144240
1,15114284,144280
9,14386072,144280
10,14922763,144280
11,14393688,144280
2,-4,281,435,144280
1,15118399,144320
9,14389337,144320
10,14925755,144320
11,14395797,144320
2,-6,279,432,144320
1,15122002,144360
9,14392498,144360
10,14928508,144360
11,14398721,144360
2,-8,276,435,144360
1,15124349,144400
9,14394505,144400
10,14931092,144400
11,14400760,144400
2,-7,282,434,144400
1,15119929,144440
9,14391444,144440
10,14931466,144440
11,14399740,144440
2,-6,276,435,144440
1,15112449,144480
9,14387670,144480
10,14930991,144480
11,14398482,144480
2,-8,278,431,144480
1,15105852,144520
9,14383590,144520
10,14930039,144520
11,14396953,144520
2,-6,278,434,144520
1,15099495,144560
9,14380122,144560
10,14929291,144560
11,14396034,144560
2,-7,276,436,144560
1,15095721,144600
9,14377368,144600
10,14928237,144600
11,14395389,144600
2,-6,276,434,144600
1,15093307,144640
9,14376077,144640
10,14927930,144640
11,14395185,144640
2,-6,279,432,144640
1,15093171,144680
9,14375328,144680
10,14927828,144680
11,14395321,144680
2,-7,275,435,144680
1,15093137,144720
9,14374954,144720
10,14928237,144720
11,14395694,144720
2,-5,278,434,144720
1,15093137,144760
9,14375260,144760
10,14928951,144760
11,14396476,144760
2,-6,276,434,144760
1,15094157,144800
9,14376145,144800
10,14929426,144800
11,14397224,144800
2,-5,277,433,144800
1,15095006,144840
9,14377334,144840
10,14930446,144840
11,14398210,144840
2,-7,278,434,144840
1,15097148,144880
9,14378354,144880
10,14931636,144880
11,14399196,144880
2,-5,279,435,144880
1,15099733,144920
9,14381040,144920
10,14932690,144920
11,14400863,144920
2,-6,279,435,144920
1,15102792,144960
9,14383013,144960
10,14934731,144960
11,14402290,144960
2,-7,279,434,144960
1,15105819,145000
9,14385732,145000
10,14936260,145000
11,14404059,145000
2,-6,277,433,145000
1,15109049,145040
9,14388486,145040
10,14938063,145040
11,14406167,145040
2,-6,276,435,145040
1,15111327,145080
9,14390663,145080
10,14939355,145080
11,14407628,145080
2,-6,277,435,145080
1,15106091,145120
9,14388385,145120
10,14939184,145120
11,14406336,145120
2,-7,277,433,145120
1,15097183,145160
9,14384984,145160
10,14937688,145160
11,14404704,145160
2,-6,279,435,145160
1,15088954,145200
9,14380939,145200
10,14935274,145200
11,14403208,145200
2,-5,275,434,145200
1,15080795,145240
9,14377300,145240
10,14933506,145240
11,14402052,145240
2,-7,277,433,145240
1,15075457,145280
9,14374173,145280
10,14931398,145280
11,14401135,145280
2,-7,277,436,145280
1,15072498,145320
9,14373085,145320
10,14930005,145320
11,14401168,145320
2,-5,275,435,145320
1,15070595,145360
9,14372303,145360
10,14929494,145360
11,14401101,145360
2,-6,280,435,145360
1,15070357,145400
9,14372370,145400
10,14928712,145400
11,14401101,145400
2,-7,275,432,145400
1,15069609,145440
9,14371521,145440
10,14927727,145440
11,14401339,145440
2,-5,277,433,145440
1,15068520,145480
9,14371452,145480
10,14927318,145480
11,14401202,145480
2,-8,276,433,145480
1,15068316,145520
9,14371521,145520
10,14926911,145520
11,14401576,145520
2,-4,279,431,145520
1,15068520,145560
9,14371759,145560
10,14926774,145560
11,14401781,145560
2,-6,277,435,145560
1002,92,145560,1787824997763
1004,642,145560,1787824997763
1004,660,145560,1787824997763
101,92,92,0,145560,1787824998894
222,0,sqi=100
101,92,92,0,145560,1787824998983
222,0,sqi=100
1,15068895,145600
9,14372881,145600
10,14926673,145600
11,14402393,145600
2,-4,279,434,145600
1002,92,145600,1787824999003
1004,675,145640,1787824999003
1,15069677,145640
9,14373493,145640
10,14926299,145640
11,14403005,145640
2,-8,277,433,145640
1,15071139,145680
9,14375091,145680
10,14926877,145680
11,14403956,145680
2,-5,278,433,145680
1,15072192,145720
9,14376383,145720
10,14926911,145720
11,14404773,145720
2,-5,280,432,145720
1,15070492,145760
9,14374852,145760
10,14926027,145760
11,14403752,145760
2,-4,277,433,145760
1,15060428,145800
9,14370330,145800
10,14923545,145800
11,14400523,145800
2,-4,280,434,145800
1,15049582,145840
9,14364245,145840
10,14920314,145840
11,14397871,145840
2,-8,276,434,145840
1,15039417,145880
9,14358533,145880
10,14916472,145880
11,14394743,145880
2,-7,278,433,145880
1,15031086,145920
9,14353943,145920
10,14913004,145920
11,14392329,145920
2,-5,278,433,145920
1,15024185,145960
9,14349489,145960
10,14910319,145960
11,14390050,145960
2,-6,278,433,145960
1,15020988,146000
9,14347687,146000
10,14907394,146000
11,14388759,146000
2,-6,277,434,146000
1,15019119,146040
9,14346054,146040
10,14906001,146040
11,14387738,146040
2,-4,278,433,146040
1,15017520,146080
9,14344524,146080
10,14904301,146080
11,14386855,146080
2,-5,276,433,146080
1,15016161,146120
9,14343233,146120
10,14903043,146120
11,14385630,146120
2,-6,276,433,146120
1,15014664,146160
9,14342383,146160
10,14901716,146160
11,14384679,146160
2,-5,277,434,146160
1,15014664,146200
9,14341839,146200
10,14901206,146200
11,14384271,146200
2,-4,280,432,146200
1,15014393,146240
9,14341396,146240
10,14900799,146240
11,14383998,146240
2,-7,280,433,146240
1,15014801,146280
9,14341907,146280
10,14900696,146280
11,14383930,146280
2,-6,279,436,146280
1,15015719,146320
9,14342247,146320
10,14900696,146320
11,14384781,146320
2,-5,280,433,146320
1,15017146,146360
9,14343063,146360
10,14900901,146360
11,14385393,146360
2,-5,278,431,146360
1,15016874,146400
9,14342926,146400
10,14900458,146400
11,14385494,146400
2,-6,278,434,146400
1,15008987,146440
9,14337555,146440
10,14898351,146440
11,14381721,146440
2,-7,276,434,146440
1,14998140,146480
9,14331775,146480
10,14894814,146480
11,14378151,146480
2,-6,280,432,146480
1,14987260,146520
9,14326198,146520
10,14890939,146520
11,14374649,146520
2,-5,278,433,146520
1,14978795,146560
9,14321133,146560
10,14888014,146560
11,14371384,146560
2,-5,281,433,146560
1,14972607,146600
9,14316373,146600
10,14884716,146600
11,14368393,146600
2,-7,278,434,146600
1,14968867,146640
9,14314026,146640
10,14882609,146640
11,14367033,146640
2,-6,277,432,146640
1,14967405,146680
9,14312735,146680
10,14881418,146680
11,14365435,146680
2,-5,279,434,146680
1,14967099,146720
9,14312021,146720
10,14880568,146720
11,14365061,146720
2,-6,278,433,146720
1,14967303,146760
9,14311272,146760
10,14879480,146760
11,14364211,146760
2,-4,278,433,146760
1,14967812,146800
9,14311238,146800
10,14879480,146800
11,14363836,146800
2,-6,278,434,146800
1,14968697,146840
9,14311850,146840
10,14879344,146840
11,14363497,146840
2,-5,280,431,146840
1,14970702,146880
9,14312973,146880
10,14880126,146880
11,14364177,146880
2,-6,277,433,146880
1,14973626,146920
9,14315183,146920
10,14881521,146920
11,14365332,146920
2,-6,279,434,146920
1,14977027,146960
9,14316984,146960
10,14882677,146960
11,14365979,146960
2,-7,278,431,146960
1,14980052,147000
9,14320078,147000
10,14883832,147000
11,14366829,147000
2,-6,278,433,147000
1,14984302,147040
9,14323037,147040
10,14886417,147040
11,14368936,147040
2,-7,281,435,147040
1,14985731,147080
9,14324091,147080
10,14887573,147080
11,14369072,147080
2,-8,278,434,147080
1,14980086,147120
9,14321065,147120
10,14886485,147120
11,14367066,147120
2,-6,278,433,147120
1,14971110,147160
9,14316747,147160
10,14884954,147160
11,14364279,147160
2,-6,278,434,147160
1002,91,147160,1787824999801
1004,664,147160,1787824999802
1004,648,147160,1787824999803
101,91,91,0,147160,1787825000529
222,0,sqi=100
1,14961386,147200
9,14312326,147200
10,14882473,147200
11,14361184,147200
2,-5,278,433,147200
1,14953226,147240
9,14307906,147240
10,14880534,147240
11,14358227,147240
2,-6,277,435,147240
1,14947345,147280
9,14303962,147280
10,14878665,147280
11,14356085,147280
2,-7,280,433,147280
1,14944013,147320
9,14301514,147320
10,14877033,147320
11,14354010,147320
2,-9,279,433,147320
1,14943095,147360
9,14301005,147360
10,14876353,147360
11,14352888,147360
2,-7,280,431,147360
1,14943707,147400
9,14301276,147400
10,14876318,147400
11,14352549,147400
2,-7,278,435,147400
1,14944727,147440
9,14301684,147440
10,14876760,147440
11,14352480,147440
2,-6,277,431,147440
1,14946189,147480
9,14302535,147480
10,14877033,147480
11,14352549,147480
2,-6,279,432,147480
1,14947175,147520
9,14303793,147520
10,14878155,147520
11,14352888,147520
2,-7,279,433,147520
1,14950371,147560
9,14305867,147560
10,14879617,147560
11,14353841,147560
2,-8,279,433,147560
1,14953396,147600
9,14307771,147600
10,14881589,147600
11,14354793,147600
2,-7,278,433,147600
1,14956558,147640
9,14310015,147640
10,14883663,147640
11,14355609,147640
2,-7,278,434,147640
1,14960367,147680
9,14312700,147680
10,14885600,147680
11,14357615,147680
2,-6,278,432,147680
1,14965025,147720
9,14315556,147720
10,14887777,147720
11,14359450,147720
2,-7,277,433,147720
1,14969649,147760
9,14319059,147760
10,14890463,147760
11,14361184,147760
2,-8,278,435,147760
1,14972708,147800
9,14321167,147800
10,14892503,147800
11,14362749,147800
2,-7,276,434,147800
1,14968663,147840
9,14318616,147840
10,14891822,147840
11,14361592,147840
2,-7,277,433,147840
1,14960842,147880
9,14314842,147880
10,14890905,147880
11,14359178,147880
2,-7,280,432,147880
1,14953872,147920
9,14311476,147920
10,14889442,147920
11,14357037,147920
2,-8,278,433,147920
1,14948739,147960
9,14308484,147960
10,14887946,147960
11,14355201,147960
2,-7,278,433,147960
1,14944727,148000
9,14306479,148000
10,14886892,148000
11,14353772,148000
2,-7,277,435,148000
1,14942993,148040
9,14305254,148040
10,14886417,148040
11,14353126,148040
2,-6,278,433,148040
1,14943945,148080
9,14305459,148080
10,14886348,148080
11,14352888,148080
2,-7,280,433,148080
1,14945508,148120
9,14306717,148120
10,14887708,148120
11,14353433,148120
2,-7,277,434,148120
1,14947854,148160
9,14307873,148160
10,14888218,148160
11,14353535,148160
2,-6,278,432,148160
1,14950404,148200
9,14309573,148200
10,14889544,148200
11,14354520,148200
2,-8,278,432,148200
1,14952819,148240
9,14311680,148240
10,14891177,148240
11,14355711,148240
2,-9,278,433,148240
1,14956797,148280
9,14314231,148280
10,14893216,148280
11,14357410,148280
2,-5,281,433,148280
1,14961285,148320
9,14316984,148320
10,14895019,148320
11,14358771,148320
2,-6,278,433,148320
1,14965637,148360
9,14319942,148360
10,14897670,148360
11,14361253,148360
2,-7,281,433,148360
1,14970804,148400
9,14323479,148400
10,14900594,148400
11,14363599,148400
2,-8,281,432,148400
1,14976449,148440
9,14327422,148440
10,14902839,148440
11,14365979,148440
2,-7,279,433,148440
1,14982432,148480
9,14330959,148480
10,14905864,148480
11,14368427,148480
2,-6,280,433,148480
1,14987328,148520
9,14334937,148520
10,14909026,148520
11,14371384,148520
2,-6,279,434,148520
1,14990694,148560
9,14336841,148560
10,14911305,148560
11,14372779,148560
2,-6,278,432,148560
1,14988076,148600
9,14334835,148600
10,14911509,148600
11,14371521,148600
2,-6,280,433,148600
1,14983521,148640
9,14332692,148640
10,14911610,148640
11,14370500,148640
2,-5,279,432,148640
1,14978897,148680
9,14330924,148680
10,14910828,148680
11,14369888,148680
2,-6,279,434,148680
1,14975803,148720
9,14329701,148720
10,14910591,148720
11,14369345,148720
2,-5,280,432,148720
1,14974647,148760
9,14328205,148760
10,14910760,148760
11,14369208,148760
2,-5,278,431,148760
1002,91,148760,1787825001007
1004,687,148760,1787825001007
1002,91,148760,1787825001827
1004,721,148760,1787825001827
101,91,91,0,148760,1787825002083
222,0,sqi=100
101,90,91,0,148760,1787825002205
222,0,sqi=100
1,14974510,148800
9,14328749,148800
10,14910897,148800
11,14369753,148800
2,-7,280,432,148800
1,14976278,148840
9,14329735,148840
10,14911509,148840
11,14370296,148840
2,-5,282,431,148840
1,14978080,148880
9,14330381,148880
10,14912120,148880
11,14370874,148880
2,-5,282,433,148880
1,14980427,148920
9,14332216,148920
10,14912971,148920
11,14371793,148920
2,-7,281,434,148920
1,14982127,148960
9,14333270,148960
10,14913753,148960
11,14372609,148960
2,-6,279,432,148960
1,14983691,149000
9,14334223,149000
10,14914704,149000
11,14373662,149000
2,-5,282,432,149000
1,14986003,149040
9,14335956,149040
10,14915453,149040
11,14374750,149040
2,-6,280,432,149040
1,14989776,149080
9,14338677,149080
10,14916983,149080
11,14376247,149080
2,-7,279,432,149080
1,14992837,149120
9,14340615,149120
10,14918342,149120
11,14377640,149120
2,-6,277,434,149120
1,14996509,149160
9,14342791,149160
10,14919227,149160
11,14379375,149160
2,-7,280,431,149160
1,15000690,149200
9,14346054,149200
10,14920723,149200
11,14381312,149200
2,-6,277,432,149200
1,15004464,149240
9,14348536,149240
10,14922218,149240
11,14383182,149240
2,-6,281,433,149240
1,15006436,149280
9,14349387,149280
10,14923408,149280
11,14383692,149280
2,-6,279,433,149280
1,15003105,149320
9,14347040,149320
10,14921980,149320
11,14382299,149320
2,-6,279,432,149320
1,14996848,149360
9,14344049,149360
10,14920519,149360
11,14379919,149360
2,-8,280,432,149360
1,14991476,149400
9,14340989,149400
10,14919091,149400
11,14378354,149400
2,-6,279,431,149400
1,14987227,149440
9,14338438,149440
10,14918002,149440
11,14377164,149440
2,-7,280,432,149440
1,14984506,149480
9,14336296,149480
10,14917051,149480
11,14376689,149480
2,-5,278,430,149480
1,14983691,149520
9,14335922,149520
10,14916064,149520
11,14375771,149520
2,-6,278,432,149520
1,14984337,149560
9,14336296,149560
10,14915759,149560
11,14375702,149560
2,-7,280,432,149560
1,14984914,149600
9,14336466,149600
10,14915895,149600
11,14376450,149600
2,-4,281,432,149600
1,14986207,149640
9,14336569,149640
10,14915895,149640
11,14376383,149640
2,-7,279,434,149640
1,14987770,149680
9,14337044,149680
10,14916405,149680
11,14377130,149680
2,-6,279,432,149680
1,14989164,149720
9,14337792,149720
10,14916949,149720
11,14377368,149720
2,-4,282,434,149720
1,14991476,149760
9,14339220,149760
10,14917799,149760
11,14378354,149760
2,-5,279,432,149760
1,14993992,149800
9,14339833,149800
10,14918376,149800
11,14378933,149800
2,-6,279,433,149800
1,14996882,149840
9,14341601,149840
10,14919770,149840
11,14379919,149840
2,-6,279,432,149840
1,15000214,149880
9,14343165,149880
10,14920723,149880
11,14381143,149880
2,-5,280,431,149880
1,15003648,149920
9,14344966,149920
10,14922117,149920
11,14382299,149920
2,-6,280,433,149920
1,15002969,149960
9,14343946,149960
10,14922117,149960
11,14381414,149960
2,-6,278,433,149960
1,14998344,150000
9,14340105,150000
10,14920859,150000
11,14378831,150000
2,-8,281,434,150000
1,14992735,150040
9,14336671,150040
10,14919227,150040
11,14377334,150040
2,-5,280,432,150040
1,14987872,150080
9,14333237,150080
10,14917390,150080
11,14374717,150080
2,-5,280,434,150080
1,14985220,150120
9,14330619,150120
10,14916166,150120
11,14373254,150120
2,-5,276,434,150120
1,14983452,150160
9,14328409,150160
10,14914909,150160
11,14371962,150160
2,-6,282,432,150160
1,14984167,150200
9,14327796,150200
10,14914297,150200
11,14370908,150200
2,-5,277,433,150200
1,14985867,150240
9,14327932,150240
10,14914704,150240
11,14370908,150240
2,-5,278,432,150240
1,14987839,150280
9,14328307,150280
10,14914977,150280
11,14371384,150280
2,-7,280,432,150280
1,14989810,150320
9,14329360,150320
10,14915520,150320
11,14371793,150320
2,-7,282,434,150320
1,14993074,150360
9,14330346,150360
10,14916506,150360
11,14372268,150360
2,-5,279,433,150360
1002,89,150360,1787825003043
1004,749,150360,1787825003043
1004,716,150360,1787825003044
101,89,89,0,150360,1787825003685
222,0,sqi=100
101,88,89,0,150360,1787825003771
222,0,sqi=100
1,14996372,150400
9,14332251,150400
10,14917289,150400
11,14373051,150400
2,-5,280,432,150400
1,15000351,150440
9,14334086,150440
10,14919159,150440
11,14374410,150440
2,-4,278,431,150440
1,15004396,150480
9,14336127,150480
10,14920688,150480
11,14375771,150480
2,-6,281,432,150480
1,15008511,150520
9,14338778,150520
10,14922388,150520
11,14377640,150520
2,-5,278,431,150520
1,15013203,150560
9,14341771,150560
10,14924701,150560
11,14379850,150560
2,-5,283,434,150560
1,15018506,150600
9,14344729,150600
10,14927216,150600
11,14381687,150600
2,-6,278,432,150600
1,15020513,150640
9,14345647,150640
10,14928984,150640
11,14382367,150640
2,-7,282,432,150640
1,15017317,150680
9,14343233,150680
10,14928237,150680
11,14380768,150680
2,-4,281,431,150680
1,15013032,150720
9,14340411,150720
10,14927352,150720
11,14379069,150720
2,-8,282,433,150720
1,15009395,150760
9,14337894,150760
10,14926095,150760
11,14377912,150760
2,-6,279,434,150760
1,15006300,150800
9,14335174,150800
10,14924972,150800
11,14376111,150800
2,-5,280,432,150800
1,15005008,150840
9,14334019,150840
10,14924122,150840
11,14375601,150840
2,-6,280,431,150840
1,15005178,150880
9,14333440,150880
10,14924055,150880
11,14375464,150880
2,-6,280,431,150880
1,15006845,150920
9,14334223,150920
10,14924258,150920
11,14375907,150920
2,-7,281,431,150920
1,15009497,150960
9,14334868,150960
10,14924871,150960
11,14376518,150960
2,-6,278,433,150960
1,15012557,151000
9,14336093,151000
10,14925789,151000
11,14377470,151000
2,-7,279,431,151000
1,15015548,151040
9,14338099,151040
10,14926605,151040
11,14378456,151040
2,-7,279,432,151040
1,15019391,151080
9,14340240,151080
10,14928475,151080
11,14380224,151080
2,-4,278,433,151080
1,15023674,151120
9,14343029,151120
10,14930310,151120
11,14381755,151120
2,-6,277,433,151120
1,15028639,151160
9,14345884,151160
10,14932215,151160
11,14383386,151160
2,-6,280,434,151160
1002,88,151160,1787825003845
1004,668,151160,1787825003845
1,15034248,151200
9,14348911,151200
10,14934799,151200
11,14385936,151200
2,-6,277,433,151200
1,15039349,151240
9,14352447,151240
10,14937586,151240
11,14388657,151240
2,-6,278,432,151240
1,15044924,151280
9,14355982,151280
10,14940375,151280
11,14390934,151280
2,-6,279,432,151280
1,15050705,151320
9,14359723,151320
10,14943299,151320
11,14394130,151320
2,-7,280,432,151320
1,15053289,151360
9,14360776,151360
10,14945848,151360
11,14395626,151360
2,-7,278,433,151360
1,15051112,151400
9,14359077,151400
10,14945508,151400
11,14394029,151400
2,-7,280,433,151400
1,15046489,151440
9,14356493,151440
10,14944387,151440
11,14392363,151440
2,-7,279,431,151440
1,15042102,151480
9,14353501,151480
10,14943536,151480
11,14391036,151480
2,-7,279,432,151480
1,15039926,151520
9,14350985,151520
10,14941565,151520
11,14390492,151520
2,-7,278,433,151520
1,15038192,151560
9,14349557,151560
10,14941054,151560
11,14389881,151560
2,-7,280,432,151560
1,15038941,151600
9,14348741,151600
10,14940578,151600
11,14389574,151600
2,-6,281,433,151600
1,15040369,151640
9,14348911,151640
10,14940477,151640
11,14390016,151640
2,-8,278,433,151640
1,15042850,151680
9,14349761,151680
10,14940578,151680
11,14390492,151680
2,-6,279,431,151680
1,15045672,151720
9,14351019,151720
10,14941054,151720
11,14391240,151720
2,-6,279,432,151720
1,15048563,151760
9,14353024,151760
10,14942040,151760
11,14392397,151760
2,-8,280,431,151760
1,15051962,151800
9,14355439,151800
10,14942891,151800
11,14393722,151800
2,-5,280,434,151800
1,15056451,151840
9,14357478,151840
10,14944455,151840
11,14395592,151840
2,-6,279,431,151840
1,15061279,151880
9,14360334,151880
10,14945950,151880
11,14397667,151880
2,-7,281,432,151880
1,15066515,151920
9,14363327,151920
10,14947684,151920
11,14399672,151920
2,-7,279,433,151920
1,15071410,151960
9,14366693,151960
10,14949690,151960
11,14402121,151960
2,-6,279,432,151960
1002,88,151960,1787825005070
1004,693,151960,1787825005096
1004,718,151960,1787825005097
101,87,88,0,151960,1787825005289
222,0,sqi=100
1,15077394,152000
9,14370603,152000
10,14952240,152000
11,14404908,152000
2,-7,282,432,152000
1,15083277,152040
9,14374513,152040
10,14954553,152040
11,14407560,152040
2,-7,278,433,152040
1,15088207,152080
9,14377708,152080
10,14956320,152080
11,14410042,152080
2,-7,278,433,152080
1,15087255,152120
9,14377334,152120
10,14956355,152120
11,14409192,152120
2,-7,280,431,152120
1,15082325,152160
9,14374410,152160
10,14954076,152160
11,14407526,152160
2,-7,279,432,152160
1,15076171,152200
9,14370569,152200
10,14951187,152200
11,14404976,152200
2,-7,280,434,152200
1,15071207,152240
9,14367101,152240
10,14948262,152240
11,14403752,152240
2,-6,278,432,152240
1,15067025,152280
9,14363531,152280
10,14945304,152280
11,14401339,152280
2,-7,280,431,152280
1,15064100,152320
9,14360981,152320
10,14942516,152320
11,14400251,152320
2,-6,279,432,152320
1,15063421,152360
9,14359927,152360
10,14940646,152360
11,14399707,152360
2,-7,280,432,152360
1,15063965,152400
9,14359485,152400
10,14939014,152400
11,14398925,152400
2,-7,282,431,152400
1,15064577,152440
9,14358669,152440
10,14937722,152440
11,14398482,152440
2,-6,279,433,152440
1,15064645,152480
9,14358464,152480
10,14936329,152480
11,14398108,152480
2,-7,285,431,152480
1,15065461,152520
9,14358159,152520
10,14935920,152520
11,14398482,152520
2,-9,276,432,152520
1,15066072,152560
9,14358260,152560
10,14935036,152560
11,14398584,152560
2,-4,278,432,152560
1,15067738,152600
9,14358941,152600
10,14934458,152600
11,14399060,152600
2,-6,281,432,152600
1,15069677,152640
9,14359553,152640
10,14934968,152640
11,14399604,152640
2,-6,280,431,152640
1,15071649,152680
9,14360402,152680
10,14934662,152680
11,14400182,152680
2,-7,281,432,152680
1,15074301,152720
9,14361627,152720
10,14935342,152720
11,14401339,152720
2,-6,280,433,152720
1,15074130,152760
9,14360573,152760
10,14934220,152760
11,14400386,152760
2,-5,280,433,152760
1,15068520,152800
9,14356425,152800
10,14931398,152800
11,14397292,152800
2,-4,277,434,152800
1,15062332,152840
9,14351291,152840
10,14927556,152840
11,14393688,152840
2,-7,286,431,152840
1,15055396,152880
9,14346361,152880
10,14923307,152880
11,14390492,152880
2,-6,277,433,152880
1,15051181,152920
9,14342076,152920
10,14918853,152920
11,14387704,152920
2,-5,281,433,152920
1,15047237,152960
9,14338711,152960
10,14915351,152960
11,14385426,152960
2,-5,277,432,152960
1,15046046,153000
9,14336908,153000
10,14912699,153000
11,14383761,153000
2,-6,280,433,153000
1,15045638,153040
9,14335276,153040
10,14910726,153040
11,14382740,153040
2,-5,280,434,153040
1,15046012,153080
9,14334767,153080
10,14908992,153080
11,14381823,153080
2,-5,279,433,153080
1,15046420,153120
9,14333814,153120
10,14907666,153120
11,14380972,153120
2,-6,281,431,153120
1,15047780,153160
9,14333882,153160
10,14906170,153160
11,14380326,153160
2,-6,280,432,153160
1,15049447,153200
9,14334019,153200
10,14905796,153200
11,14380292,153200
2,-5,279,432,153200
1,15051554,153240
9,14334902,153240
10,14905661,153240
11,14380258,153240
2,-6,280,434,153240
1,15054444,153280
9,14335990,153280
10,14905830,153280
11,14381075,153280
2,-7,282,432,153280
1,15057675,153320
9,14338065,153320
10,14906375,153320
11,14381856,153320
2,-5,281,433,153320
1,15061211,153360
9,14339697,153360
10,14907224,153360
11,14382570,153360
2,-7,279,431,153360
1,15064781,153400
9,14341771,153400
10,14908108,153400
11,14384169,153400
2,-7,280,432,153400
1,15062503,153440
9,14339220,153440
10,14907089,153440
11,14381789,153440
2,-6,280,432,153440
1,15056927,153480
9,14335311,153480
10,14904028,153480
11,14378423,153480
2,-5,280,433,153480
1,15050262,153520
9,14330585,153520
10,14899642,153520
11,14375260,153520
2,-5,279,433,153520
1,15044143,153560
9,14325790,153560
10,14895835,153560
11,14371759,153560
2,-6,279,432,153560
1002,87,153560,1787825005863
1004,735,153560,1787825005864
101,87,87,0,153560,1787825006919
222,0,sqi=100
101,87,87,0,153560,1787825007005
222,0,sqi=100
1,15039757,153600
9,14322425,153600
10,14891754,153600
11,14369174,153600
2,-4,280,431,153600
1,15037172,153640
9,14319535,153640
10,14888627,153640
11,14367033,153640
2,-5,279,433,153640
1,15037343,153680
9,14318922,153680
10,14886892,153680
11,14365877,153680
2,-4,279,434,153680
1,15039042,153720
9,14318787,153720
10,14885397,153720
11,14365366,153720
2,-6,279,433,153720
1,15041151,153760
9,14319705,153760
10,14884887,153760
11,14364924,153760
2,-4,280,433,153760
1,15043734,153800
9,14320894,153800
10,14884887,153800
11,14365332,153800
2,-5,282,431,153800
1,15046012,153840
9,14322118,153840
10,14884614,153840
11,14366081,153840
2,-4,279,432,153840
1,15049685,153880
9,14324022,153880
10,14885124,153880
11,14366896,153880
2,-5,282,430,153880
1,15053187,153920
9,14326403,153920
10,14886111,153920
11,14367780,153920
2,-6,279,432,153920
1,15057437,153960
9,14328782,153960
10,14887573,153960
11,14369345,153960
2,-7,281,430,153960
1,15061992,154000
9,14332149,154000
10,14889103,154000
11,14370738,154000
2,-6,280,430,154000
1,15066719,154040
9,14335106,154040
10,14891074,154040
11,14373152,154040
2,-6,281,431,154040
1,15071513,154080
9,14338404,154080
10,14893659,154080
11,14375430,154080
2,-7,282,434,154080
1,15071649,154120
9,14338269,154120
10,14893930,154120
11,14375260,154120
2,-7,277,433,154120
1,15065902,154160
9,14334291,154160
10,14891482,154160
11,14371895,154160
2,-7,283,432,154160
1,15058389,154200
9,14329327,154200
10,14887504,154200
11,14368767,154200
2,-5,279,433,154200
1,15051214,154240
9,14324295,154240
10,14882914,154240
11,14365332,154240
2,-6,278,432,154240
1,15046081,154280
9,14319942,154280
10,14878426,154280
11,14362510,154280
2,-7,279,430,154280
1,15043157,154320
9,14317052,154320
10,14875333,154320
11,14360505,154320
2,-6,280,433,154320
1,15041660,154360
9,14315217,154360
10,14873191,154360
11,14359349,154360
2,-6,279,432,154360
1,15043054,154400
9,14315114,154400
10,14871831,154400
11,14358600,154400
2,-7,279,432,154400
1,15044993,154440
9,14314842,154440
10,14870980,154440
11,14358397,154440
2,-9,278,432,154440
1,15046896,154480
9,14315488,154480
10,14870845,154480
11,14358397,154480
2,-8,280,433,154480
1,15050228,154520
9,14316883,154520
10,14871253,154520
11,14359281,154520
2,-7,280,432,154520
1,15053493,154560
9,14319126,154560
10,14871320,154560
11,14359961,154560
2,-8,280,431,154560
1,15056552,154600
9,14321065,154600
10,14872136,154600
11,14361015,154600
2,-8,281,433,154600
1,15061244,154640
9,14323785,154640
10,14873293,154640
11,14363088,154640
2,-7,279,432,154640
1,15065019,154680
9,14326946,154680
10,14875129,154680
11,14364687,154680
2,-6,278,432,154680
1,15068827,154720
9,14329633,154720
10,14876013,154720
11,14366727,154720
2,-6,279,432,154720
1,15073247,154760
9,14332489,154760
10,14878086,154760
11,14369276,154760
2,-7,282,432,154760
1,15076851,154800
9,14334767,154800
10,14879617,154800
11,14371146,154800
2,-7,282,432,154800
1,15075797,154840
9,14333984,154840
10,14879515,154840
11,14370704,154840
2,-4,278,433,154840
1,15068146,154880
9,14328885,154880
10,14875945,154880
11,14367237,154880
2,-7,280,431,154880
1,15058389,154920
9,14323037,154920
10,14871320,154920
11,14363327,154920
2,-7,278,434,154920
1,15049480,154960
9,14316848,154960
10,14865507,154960
11,14359110,154960
2,-5,278,433,154960
1,15042442,155000
9,14311341,155000
10,14860135,155000
11,14355744,155000
2,-8,280,434,155000
1,15037410,155040
9,14307226,155040
10,14855511,155040
11,14352447,155040
2,-6,278,434,155040
1002,87,155040,1787825007084
1,15034623,155080
9,14303997,155080
10,14851668,155080
11,14350305,155080
2,-7,280,433,155080
1004,654,155080,1787825007085
1004,669,155080,1787825007085
1,15034112,155120
9,14302330,155120
10,14849152,155120
11,14349081,155120
2,-7,279,432,155120
1,15034112,155160
9,14301276,155160
10,14847351,155160
11,14347857,155160
2,-5,281,431,155160
1002,87,155160,1787825007887
1004,693,155160,1787825007887
101,87,87,0,155160,1787825008514
222,0,sqi=100
1,15033296,155200
9,14300086,155200
10,14845072,155200
11,14346395,155200
2,-6,279,434,155200
1,15032957,155240
9,14299135,155240
10,14843815,155240
11,14345205,155240
2,-7,280,432,155240
1,15033195,155280
9,14298727,155280
10,14842726,155280
11,14344966,155280
2,-4,280,432,155280
1,15034419,155320
9,14298999,155320
10,14842285,155320
11,14344763,155320
2,-7,281,432,155320
1,15036628,155360
9,14299985,155360
10,14842285,155360
11,14345205,155360
2,-7,277,432,155360
1,15039213,155400
9,14301651,155400
10,14842420,155400
11,14345953,155400
2,-7,280,432,155400
1,15042510,155440
9,14303317,155440
10,14843338,155440
11,14347007,155440
2,-6,278,433,155440
1,15045672,155480
9,14304778,155480
10,14844563,155480
11,14348332,155480
2,-6,281,433,155480
1,15043632,155520
9,14302738,155520
10,14843440,155520
11,14346530,155520
2,-6,279,432,155520
1,15034962,155560
9,14296720,155560
10,14838578,155560
11,14342145,155560
2,-8,278,431,155560
1,15025817,155600
9,14290125,155600
10,14832867,155600
11,14337010,155600
2,-6,280,433,155600
1,15017487,155640
9,14284208,155640
10,14827528,155640
11,14332284,155640
2,-5,281,433,155640
1,15012080,155680
9,14279142,155680
10,14822156,155680
11,14328409,155680
2,-7,279,431,155680
1,15008851,155720
9,14275505,155720
10,14817839,155720
11,14325519,155720
2,-7,279,434,155720
1,15008307,155760
9,14274178,155760
10,14814405,155760
11,14323581,155760
2,-6,280,433,155760
1,15009157,155800
9,14272852,155800
10,14812671,155800
11,14322628,155800
2,-6,282,431,155800
1,15010312,155840
9,14273056,155840
10,14811583,155840
11,14321541,155840
2,-7,279,433,155840
1,15012761,155880
9,14273260,155880
10,14810800,155880
11,14321031,155880
2,-6,282,432,155880
1,15014970,155920
9,14274042,155920
10,14810223,155920
11,14320997,155920
2,-5,279,432,155920
1,15018269,155960
9,14275675,155960
10,14810324,155960
11,14321541,155960
2,-5,280,435,155960
1,15020478,156000
9,14277307,156000
10,14810562,156000
11,14322016,156000
2,-5,279,433,156000
1,15023504,156040
9,14279550,156040
10,14812024,156040
11,14323309,156040
2,-7,281,433,156040
1,15027278,156080
9,14282135,156080
10,14812841,156080
11,14324295,156080
2,-7,280,434,156080
1,15031358,156120
9,14284753,156120
10,14814371,156120
11,14326538,156120
2,-7,278,433,156120
1,15034962,156160
9,14287269,156160
10,14816070,156160
11,14327661,156160
2,-6,279,433,156160
1,15036833,156200
9,14288016,156200
10,14816886,156200
11,14328578,156200
2,-5,281,433,156200
1,15030169,156240
9,14283018,156240
10,14813690,156240
11,14324736,156240
2,-6,279,433,156240
1,15020002,156280
9,14275436,156280
10,14807707,156280
11,14319262,156280
2,-5,280,432,156280
1,15009768,156320
9,14268534,156320
10,14800974,156320
11,14313448,156320
2,-6,280,432,156320
1,15001575,156360
9,14261837,156360
10,14794276,156360
11,14308077,156360
2,-6,279,431,156360
1,14996372,156400
9,14256261,156400
10,14788259,156400
11,14303487,156400
2,-6,279,432,156400
1,14992326,156440
9,14252826,156440
10,14783804,156440
11,14300189,156440
2,-6,279,432,156440
1,14991069,156480
9,14250481,156480
10,14780302,156480
11,14297639,156480
2,-7,280,432,156480
1,14991136,156520
9,14248713,156520
10,14777549,156520
11,14296075,156520
2,-7,279,432,156520
1,14991035,156560
9,14247591,156560
10,14775679,156560
11,14293966,156560
2,-6,281,432,156560
1,14991443,156600
9,14246468,156600
10,14774046,156600
11,14292640,156600
2,-5,280,431,156600
1,14992769,156640
9,14246536,156640
10,14772789,156640
11,14291927,156640
2,-6,279,431,156640
1,14994400,156680
9,14246808,156680
10,14772108,156680
11,14291722,156680
2,-6,279,434,156680
1,14996747,156720
9,14247421,156720
10,14771802,156720
11,14291281,156720
2,-6,281,432,156720
1,14999262,156760
9,14248713,156760
10,14772041,156760
11,14291757,156760
2,-7,279,433,156760
1002,87,156160,1787825008709
1004,718,156200,1787825008710
1004,673,156200,1787825008710
1002,87,156760,1787825009918
1004,706,156760,1787825009918
101,87,87,0,156760,1787825010109
222,0,sqi=100
101,87,87,0,156760,1787825010172
222,0,sqi=100
1,15001881,156800
9,14250310,156800
10,14772075,156800
11,14292470,156800
2,-7,279,431,156800
1,15004906,156840
9,14251603,156840
10,14773197,156840
11,14293457,156840
2,-6,280,433,156840
1,15008034,156880
9,14253268,156880
10,14774182,156880
11,14294477,156880
2,-6,280,431,156880
1,15008511,156920
9,14252996,156920
10,14774182,156920
11,14293627,156920
2,-7,279,433,156920
1,15000487,156960
9,14246264,156960
10,14769389,156960
11,14288425,156960
2,-6,279,433,156960
1,14988859,157000
9,14238036,157000
10,14762112,157000
11,14281080,157000
2,-7,279,432,157000
1,14978556,157040
9,14229367,157040
10,14753646,157040
11,14273669,157040
2,-7,279,433,157040
1,14970465,157080
9,14222634,157080
10,14746540,157080
11,14267004,157080
2,-6,280,432,157080
1,14965025,157120
9,14216650,157120
10,14739910,157120
11,14262075,157120
2,-9,278,433,157120
1,14961420,157160
9,14212638,157160
10,14734572,157160
11,14257893,157160
2,-8,280,433,157160
1,14960775,157200
9,14210360,157200
10,14730799,157200
11,14255037,157200
2,-6,280,433,157200
1,14960231,157240
9,14208252,157240
10,14727467,157240
11,14252249,157240
2,-6,279,433,157240
1,14959245,157280
9,14206349,157280
10,14724203,157280
11,14249936,157280
2,-7,279,432,157280
1,14959381,157320
9,14205533,157320
10,14722298,157320
11,14247965,157320
2,-7,278,432,157320
1,14959652,157360
9,14204410,157360
10,14719749,157360
11,14246434,157360
2,-5,280,432,157360
1,14960741,157400
9,14204104,157400
10,14718389,157400
11,14245346,157400
2,-7,280,431,157400
1,14962814,157440
9,14204751,157440
10,14717470,157440
11,14244292,157440
2,-6,281,433,157440
1,14965331,157480
9,14205260,157480
10,14717062,157480
11,14244768,157480
2,-6,279,432,157480
1,14967677,157520
9,14206553,157520
10,14716927,157520
11,14244973,157520
2,-8,280,433,157520
1,14969988,157560
9,14207947,157560
10,14717368,157560
11,14245279,157560
2,-5,280,430,157560
1,14972981,157600
9,14209375,157600
10,14718252,157600
11,14246094,157600
2,-7,279,433,157600
1,14973898,157640
9,14209579,157640
10,14718252,157640
11,14245992,157640
2,-7,280,433,157640
1,14966759,157680
9,14203867,157680
10,14713391,157680
11,14240382,157680
2,-7,280,434,157680
1,14956593,157720
9,14195638,157720
10,14706047,157720
11,14232869,157720
2,-7,279,431,157720
1,14946834,157760
9,14186765,157760
10,14697785,157760
11,14225831,157760
2,-6,280,432,157760
1,14939286,157800
9,14180067,157800
10,14689897,157800
11,14219302,157800
2,-6,279,432,157800
1,14934118,157840
9,14173913,157840
10,14683811,157840
11,14214372,157840
2,-6,281,431,157840
1,14932181,157880
9,14170445,157880
10,14678779,157880
11,14210156,157880
2,-6,280,433,157880
1,14930991,157920
9,14167691,157920
10,14674902,157920
11,14207641,157920
2,-5,280,432,157920
1,14930481,157960
9,14165820,157960
10,14672386,157960
11,14204988,157960
2,-7,279,432,157960
1,14930175,158000
9,14164188,158000
10,14670006,158000
11,14202914,158000
2,-6,281,431,158000
1,14930650,158040
9,14163236,158040
10,14667456,158040
11,14201180,158040
2,-6,280,429,158040
1,14931942,158080
9,14162046,158080
10,14665824,158080
11,14199548,158080
2,-6,278,431,158080
1,14933982,158120
9,14163066,158120
10,14665178,158120
11,14199038,158120
2,-6,281,431,158120
1,14936532,158160
9,14163678,158160
10,14664396,158160
11,14199209,158160
2,-4,280,432,158160
1,14939559,158200
9,14165310,158200
10,14665042,158200
11,14199685,158200
2,-4,281,432,158200
1,14943332,158240
9,14167521,158240
10,14665688,158240
11,14200636,158240
2,-5,280,433,158240
1,14947616,158280
9,14170274,158280
10,14666946,158280
11,14202200,158280
2,-6,280,432,158280
1,14952308,158320
9,14173743,158320
10,14668986,158320
11,14203798,158320
2,-8,280,433,158320
1,14955641,158360
9,14175647,158360
10,14670176,158360
11,14204853,158360
2,-7,280,432,158360
1002,87,158360,1787825010726
1004,713,158360,1787825010726
101,86,87,0,158360,1787825011744
222,0,sqi=100
101,86,87,0,158360,1787825011776
222,0,sqi=100
1,14951730,158400
9,14171600,158400
10,14666811,158400
11,14201214,158400
2,-7,280,432,158400
1,14944795,158440
9,14166331,158440
10,14661370,158440
11,14195638,158440
2,-5,281,432,158440
1,14939490,158480
9,14161741,158480
10,14655319,158480
11,14191151,158480
2,-5,278,432,158480
1,14936090,158520
9,14158137,158520
10,14650150,158520
11,14187682,158520
2,-5,278,430,158520
1,14935546,158560
9,14156539,158560
10,14646308,158560
11,14185200,158560
2,-6,280,434,158560
1,14936056,158600
9,14156165,158600
10,14643554,158600
11,14184215,158600
2,-6,280,434,158600
1,14938947,158640
9,14156946,158640
10,14643011,158640
11,14184010,158640
2,-6,280,432,158640
1,14941225,158680
9,14157695,158680
10,14641786,158680
11,14183874,158680
2,-4,279,432,158680
1,14942857,158720
9,14158068,158720
10,14640733,158720
11,14183670,158720
2,-6,281,433,158720
1,14944284,158760
9,14158919,158760
10,14639814,158760
11,14183636,158760
2,-6,279,433,158760
1,14946631,158800
9,14159735,158800
10,14639237,158800
11,14184079,158800
2,-5,282,432,158800
1,14948636,158840
9,14160891,158840
10,14639101,158840
11,14184249,158840
2,-6,280,432,158840
1,14951187,158880
9,14162115,158880
10,14639543,158880
11,14185472,158880
2,-7,281,433,158880
1,14953805,158920
9,14164120,158920
10,14640392,158920
11,14186697,158920
2,-4,281,432,158920
1,14956593,158960
9,14165991,158960
10,14640733,158960
11,14188090,158960
2,-7,279,432,158960
1,14959415,159000
9,14167792,159000
10,14641923,159000
11,14189553,159000
2,-7,282,432,159000
1,14960673,159040
9,14168031,159040
10,14641888,159040
11,14189825,159040
2,-7,278,430,159040
1,14954960,159080
9,14162794,159080
10,14637367,159080
11,14185812,159080
2,-6,279,432,159080
1,14945950,159120
9,14155689,159120
10,14630260,159120
11,14179182,159120
2,-7,280,430,159120
1,14938538,159160
9,14149501,159160
10,14623086,159160
11,14173640,159160
2,-7,279,431,159160
1,14933778,159200
9,14144231,159200
10,14616151,159200
11,14169221,159200
2,-7,280,430,159200
1,14930889,159240
9,14140864,159240
10,14611526,159240
11,14165889,159240
2,-7,279,431,159240
1,14929630,159280
9,14138654,159280
10,14607753,159280
11,14164052,159280
2,-6,280,432,159280
1,14930583,159320
9,14137771,159320
10,14604964,159320
11,14162693,159320
2,-7,280,433,159320
1,14931025,159360
9,14136920,159360
10,14603332,159360
11,14161366,159360
2,-4,280,431,159360
1,14931705,159400
9,14136071,159400
10,14601327,159400
11,14160516,159400
2,-6,280,430,159400
1,14932147,159440
9,14135764,159440
10,14599559,159440
11,14159395,159440
2,-5,279,432,159440
1,14933472,159480
9,14135798,159480
10,14597757,159480
11,14159123,159480
2,-6,280,433,159480
1,14935104,159520
9,14136105,159520
10,14597655,159520
11,14159259,159520
2,-5,281,433,159520
1,14937314,159560
9,14137227,159560
10,14597110,159560
11,14159904,159560
2,-5,280,431,159560
1,14939899,159600
9,14137974,159600
10,14597655,159600
11,14160857,159600
2,-6,279,432,159600
1,14942823,159640
9,14139437,159640
10,14598096,159640
11,14161570,159640
2,-7,281,432,159640
1,14945645,159680
9,14140695,159680
10,14599014,159680
11,14161978,159680
2,-5,280,432,159680
1,14940034,159720
9,14135696,159720
10,14595309,159720
11,14158170,159720
2,-6,282,432,159720
1,14930991,159760
9,14128013,159760
10,14587352,159760
11,14151337,159760
2,-4,281,432,159760
1,14922966,159800
9,14120125,159800
10,14578784,159800
11,14144231,159800
2,-5,278,431,159800
1,14916200,159840
9,14113393,159840
10,14571032,159840
11,14138281,159840
2,-6,279,433,159840
1,14911747,159880
9,14108327,159880
10,14564878,159880
11,14134234,159880
2,-4,280,431,159880
1,14910114,159920
9,14105232,159920
10,14559711,159920
11,14130665,159920
2,-6,281,433,159920
1,14910217,159960
9,14103703,159960
10,14556548,159960
11,14128862,159960
2,-4,278,432,159960
1002,86,159200,1787825011958
1004,724,159200,1787825011958
1004,712,159200,1787825011961
1002,86,159960,1787825012748
1004,676,159960,1787825012749
101,86,86,0,159960,1787825013336
222,0,sqi=100
1,14911645,160000
9,14103023,160000
10,14554338,160000
11,14127536,160000
2,-5,282,432,160000
1,14913038,160040
9,14101969,160040
10,14552129,160040
11,14126516,160040
2,-7,280,432,160040
1,14915079,160080
9,14102206,160080
10,14550836,160080
11,14125530,160080
2,-6,280,431,160080
1,14916813,160120
9,14102206,160120
10,14550156,160120
11,14125429,160120
2,-6,280,431,160120
1,14919430,160160
9,14103805,160160
10,14549885,160160
11,14125258,160160
2,-5,281,433,160160
1,14922864,160200
9,14105097,160200
10,14550258,160200
11,14126414,160200
2,-4,280,432,160200
1,14926502,160240
9,14106728,160240
10,14551143,160240
11,14127332,160240
2,-4,281,431,160240
1,14930957,160280
9,14109245,160280
10,14552401,160280
11,14129067,160280
2,-5,280,432,160280
1,14935071,160320
9,14112237,160320
10,14554372,160320
11,14130732,160320
2,-4,281,431,160320
1,14935479,160360
9,14110843,160360
10,14553590,160360
11,14129645,160360
2,-5,281,434,160360
1,14928100,160400
9,14104587,160400
10,14547335,160400
11,14123763,160400
2,-7,281,431,160400
1,14919634,160440
9,14096461,160440
10,14538562,160440
11,14117200,160440
2,-6,281,434,160440
1,14911236,160480
9,14089116,160480
10,14529757,160480
11,14110434,160480
2,-4,281,431,160480
1,14905796,160520
9,14083200,160520
10,14521766,160520
11,14104859,160520
2,-6,279,432,160520
1,14902397,160560
9,14078984,160560
10,14515681,160560
11,14101526,160560
2,-4,282,432,160560
1,14901478,160600
9,14076366,160600
10,14511771,160600
11,14098773,160600
2,-5,280,431,160600
1,14903587,160640
9,14075789,160640
10,14509322,160640
11,14097820,160640
2,-6,279,433,160640
1,14905422,160680
9,14076162,160680
10,14507861,160680
11,14097175,160680
2,-6,281,432,160680
1,14907530,160720
9,14076366,160720
10,14506602,160720
11,14096665,160720
2,-5,279,432,160720
1,14910148,160760
9,14077182,160760
10,14505855,160760
11,14096596,160760
2,-5,281,433,160760
1,14913141,160800
9,14078645,160800
10,14505447,160800
11,14097277,160800
2,-5,280,432,160800
1,14916881,160840
9,14080174,160840
10,14505922,160840
11,14098228,160840
2,-5,282,432,160840
1,14920825,160880
9,14082622,160880
10,14507487,160880
11,14100167,160880
2,-5,280,432,160880
1,14924735,160920
9,14084424,160920
10,14508914,160920
11,14101935,160920
2,-7,281,431,160920
1,14929869,160960
9,14087654,160960
10,14511533,160960
11,14104417,160960
2,-6,281,431,160960
1,14933880,161000
9,14090409,161000
10,14513810,161000
11,14106898,161000
2,-5,277,431,161000
1,14935274,161040
9,14090613,161040
10,14514049,161040
11,14107374,161040
2,-6,283,431,161040
1,14929257,161080
9,14085274,161080
10,14508608,161080
11,14102581,161080
2,-7,280,432,161080
1,14919839,161120
9,14077421,161120
10,14499973,161120
11,14095883,161120
2,-6,280,433,161120
1,14911202,161160
9,14069328,161160
10,14490963,161160
11,14089626,161160
2,-6,281,430,161160
1,14903960,161200
9,14062529,161200
10,14482428,161200
11,14084152,161200
2,-5,281,432,161200
1,14899779,161240
9,14058040,161240
10,14475969,161240
11,14080719,161240
2,-8,279,432,161240
1,14897262,161280
9,14055082,161280
10,14471820,161280
11,14078101,161280
2,-5,281,432,161280
1,14897874,161320
9,14053926,161320
10,14469135,161320
11,14076978,161320
2,-5,278,432,161320
1,14898826,161360
9,14053247,161360
10,14467469,161360
11,14076468,161360
2,-6,281,432,161360
1,14900255,161400
9,14053110,161400
10,14466108,161400
11,14076264,161400
2,-5,280,433,161400
1,14902668,161440
9,14053586,161440
10,14466006,161440
11,14076401,161440
2,-7,279,431,161440
1,14905354,161480
9,14054912,161480
10,14466449,161480
11,14076910,161480
2,-5,282,431,161480
1,14908108,161520
9,14056239,161520
10,14466619,161520
11,14078508,161520
2,-6,279,432,161520
1,14911576,161560
9,14058279,161560
10,14468285,161560
11,14079971,161560
2,-6,281,431,161560
1002,87,161560,1787825013983
1004,653,161560,1787825013984
1004,663,161560,1787825013990
1002,87,161560,1787825014779
1004,687,161560,1787825014779
101,86,87,0,161560,1787825014904
222,0,sqi=100
101,86,87,0,161560,1787825014963
222,0,sqi=100
1,14916133,161600
9,14061100,161600
10,14470427,161600
11,14082419,161600
2,-6,280,432,161600
1,14920009,161640
9,14063888,161640
10,14472534,161640
11,14084798,161640
2,-6,279,432,161640
1,14924258,161680
9,14067084,161680
10,14475288,161680
11,14087825,161680
2,-6,279,431,161680
1,14927930,161720
9,14070144,161720
10,14478485,161720
11,14090273,161720
2,-6,281,431,161720
1,14927115,161760
9,14067901,161760
10,14477193,161760
11,14089661,161760
2,-6,278,432,161760
1,14919057,161800
9,14061339,161800
10,14470358,161800
11,14084424,161800
2,-5,281,433,161800
1,14909298,161840
9,14053825,161840
10,14461756,161840
11,14078849,161840
2,-6,282,432,161840
1,14900968,161880
9,14047195,161880
10,14453291,161880
11,14073375,161880
2,-6,281,431,161880
1,14894304,161920
9,14041755,161920
10,14446457,161920
11,14069737,161920
2,-6,278,432,161920
1,14890803,161960
9,14038049,161960
10,14441696,161960
11,14066847,161960
2,-4,279,432,161960
1,14890428,162000
9,14036518,162000
10,14438365,162000
11,14065350,162000
2,-5,282,432,162000
1,14891109,162040
9,14036110,162040
10,14437447,162040
11,14065656,162040
2,-5,280,432,162040
1,14892026,162080
9,14036518,162080
10,14436800,162080
11,14065622,162080
2,-5,280,431,162080
1,14893523,162120
9,14036553,162120
10,14436257,162120
11,14065997,162120
2,-5,281,431,162120
1,14895562,162160
9,14038490,162160
10,14436665,162160
11,14066676,162160
2,-7,279,432,162160
1,14898248,162200
9,14040123,162200
10,14437583,162200
11,14068546,162200
2,-5,279,432,162200
1,14901581,162240
9,14042978,162240
10,14439724,162240
11,14070382,162240
2,-6,281,432,162240
1,14905185,162280
9,14045392,162280
10,14441493,162280
11,14072660,162280
2,-4,279,432,162280
1,14908653,162320
9,14048589,162320
10,14444144,162320
11,14075347,162320
2,-6,280,432,162320
1,14913004,162360
9,14051818,162360
10,14446966,162360
11,14077863,162360
2,-6,281,433,162360
1,14917017,162400
9,14054709,162400
10,14450128,162400
11,14080752,162400
2,-4,282,432,162400
1,14920349,162440
9,14057871,162440
10,14452882,162440
11,14083812,162440
2,-6,279,432,162440
1,14920451,162480
9,14058006,162480
10,14453868,162480
11,14083847,162480
2,-6,282,433,162480
1,14912529,162520
9,14051717,162520
10,14448734,162520
11,14079766,162520
2,-5,281,433,162520
1,14902023,162560
9,14043658,162560
10,14440813,162560
11,14074327,162560
2,-5,280,432,162560
1,14892673,162600
9,14036417,162600
10,14432925,162600
11,14069532,162600
2,-6,282,432,162600
1,14885090,162640
9,14030534,162640
10,14426396,162640
11,14065419,162640
2,-4,279,433,162640
1,14879685,162680
9,14025842,162680
10,14421092,162680
11,14062427,162680
2,-5,281,432,162680
1,14875978,162720
9,14023259,162720
10,14417896,162720
11,14060828,162720
2,-5,280,431,162720
1,14875231,162760
9,14021728,162760
10,14416298,162760
11,14059706,162760
2,-5,281,432,162760
1,14875231,162800
9,14020811,162800
10,14414870,162800
11,14059128,162800
2,-7,279,430,162800
1,14874449,162840
9,14019927,162840
10,14413953,162840
11,14058823,162840
2,-5,281,432,162840
1,14875095,162880
9,14020199,162880
10,14413680,162880
11,14058891,162880
2,-5,280,432,162880
1,14874890,162920
9,14020267,162920
10,14414021,162920
11,14059333,162920
2,-5,282,431,162920
1,14876080,162960
9,14021116,162960
10,14414870,162960
11,14060047,162960
2,-3,279,434,162960
1,14878393,163000
9,14022544,163000
10,14416469,163000
11,14061135,163000
2,-5,280,431,163000
1,14880568,163040
9,14024176,163040
10,14417964,163040
11,14063174,163040
2,-7,281,433,163040
1,14883424,163080
9,14026454,163080
10,14420549,163080
11,14065045,163080
2,-5,283,431,163080
1,14886246,163120
9,14028767,163120
10,14423133,163120
11,14067424,163120
2,-5,281,431,163120
1,14886043,163160
9,14028324,163160
10,14423846,163160
11,14066914,163160
2,-4,279,431,163160
1002,87,163160,1787825016010
1004,708,163160,1787825016010
1004,725,163160,1787825016011
101,86,87,0,163160,1787825016526
222,0,sqi=100
1,14878494,163200
9,14021932,163200
10,14418747,163200
11,14062563,163200
2,-4,280,432,163200
1,14868158,163240
9,14014588,163240
10,14411709,163240
11,14057939,163240
2,-5,279,432,163240
1,14859080,163280
9,14007890,163280
10,14404773,163280
11,14053382,163280
2,-7,282,432,163280
1,14851906,163320
9,14001838,163320
10,14398686,163320
11,14049404,163320
2,-3,279,432,163320
1,14847215,163360
9,13997623,163360
10,14394505,163360
11,14046208,163360
2,-6,280,433,163360
1,14844902,163400
9,13995548,163400
10,14391921,163400
11,14044372,163400
2,-4,280,434,163400
1,14844902,163440
9,13994903,163440
10,14391207,163440
11,14043828,163440
2,-5,281,429,163440
1,14844937,163480
9,13994698,163480
10,14391207,163480
11,14043658,163480
2,-5,281,432,163480
1,14845583,163520
9,13995277,163520
10,14391240,163520
11,14043795,163520
2,-5,278,431,163520
1,14846874,163560
9,13996194,163560
10,14391988,163560
11,14044237,163560
2,-6,281,432,163560
1,14848540,163600
9,13997623,163600
10,14393485,163600
11,14044916,163600
2,-6,282,431,163600
1,14851499,163640
9,13999730,163640
10,14395898,163640
11,14046412,163640
2,-3,281,430,163640
1,14854218,163680
9,14002145,163680
10,14398312,163680
11,14048486,163680
2,-5,280,431,163680
1,14858027,163720
9,14004966,163720
10,14401441,163720
11,14051070,163720
2,-5,282,432,163720
1,14862141,163760
9,14008639,163760
10,14404806,163760
11,14053892,163760
2,-6,278,432,163760
1,14866901,163800
9,14012582,163800
10,14408683,163800
11,14056748,163800
2,-5,280,432,163800
1,14870470,163840
9,14015132,163840
10,14412660,163840
11,14059299,163840
2,-6,281,432,163840
1,14865677,163880
9,14011665,163880
10,14410858,163880
11,14057769,163880
2,-6,283,430,163880
1,14857346,163920
9,14006327,163920
10,14405963,163920
11,14053961,163920
2,-7,280,432,163920
1,14848948,163960
9,14000581,163960
10,14400047,163960
11,14050254,163960
2,-5,280,433,163960
1,14841502,164000
9,13996262,164000
10,14395490,164000
11,14047160,164000
2,-5,281,432,164000
1,14836810,164040
9,13992114,164040
10,14391717,164040
11,14044509,164040
2,-4,280,434,164040
1,14834397,164080
9,13990177,164080
10,14389541,164080
11,14043183,164080
2,-6,280,431,164080
1,14834804,164120
9,13990210,164120
10,14389200,164120
11,14043421,164120
2,-6,280,432,164120
1,14836029,164160
9,13991128,164160
10,14389915,164160
11,14043726,164160
2,-5,280,432,164160
1,14838238,164200
9,13993100,164200
10,14391615,164200
11,14044916,164200
2,-5,281,430,164200
1,14840584,164240
9,13995140,164240
10,14393349,164240
11,14046480,164240
2,-6,281,432,164240
1,14844155,164280
9,13997963,164280
10,14396102,164280
11,14048215,164280
2,-5,279,432,164280
1,14848269,164320
9,14001294,164320
10,14398721,164320
11,14050799,164320
2,-5,283,431,164320
1,14851736,164360
9,14004966,164360
10,14402052,164360
11,14053314,164360
2,-5,282,431,164360
1,14856836,164400
9,14008877,164400
10,14406642,164400
11,14056850,164400
2,-6,280,431,164400
1,14862004,164440
9,14013942,164440
10,14410315,164440
11,14059435,164440
2,-7,283,432,164440
1,14866595,164480
9,14018498,164480
10,14414734,164480
11,14063549,164480
2,-6,281,432,164480
1,14872205,164520
9,14022748,164520
10,14418781,164520
11,14067152,164520
2,-6,284,431,164520
1,14876591,164560
9,14027271,164560
10,14423099,164560
11,14070791,164560
2,-7,279,432,164560
1,14875672,164600
9,14027101,164600
10,14424594,164600
11,14071607,164600
2,-5,281,434,164600
1,14867853,164640
9,14022748,164640
10,14421092,164640
11,14068750,164640
2,-7,280,432,164640
1,14859013,164680
9,14017750,164680
10,14415924,164680
11,14065317,164680
2,-5,279,432,164680
1,14850649,164720
9,14012753,164720
10,14410893,164720
11,14062460,164720
2,-6,279,430,164720
1,14844290,164760
9,14008741,164760
10,14406404,164760
11,14059945,164760
2,-6,281,432,164760
1002,87,164760,1787825017211
1004,679,164760,1787825017212
1002,87,164760,1787825018021
1004,700,164760,1787825018021
101,86,87,0,164760,1787825018145
222,0,sqi=100
101,86,87,0,164760,1787825018218
222,0,sqi=100
1,14839564,164800
9,14005375,164800
10,14403242,164800
11,14058312,164800
2,-5,279,431,164800
1,14837253,164840
9,14004150,164840
10,14401542,164840
11,14057735,164840
2,-6,280,431,164840
1,14837389,164880
9,14004083,164880
10,14401611,164880
11,14057871,164880
2,-7,281,432,164880
1,14837320,164920
9,14004422,164920
10,14402052,164920
11,14058449,164920
2,-6,280,432,164920
1,14838170,164960
9,14004694,164960
10,14402324,164960
11,14058584,164960
2,-5,280,431,164960
1,14838680,165000
9,14005850,165000
10,14403412,165000
11,14059536,165000
2,-6,281,431,165000
1,14839905,165040
9,14006531,165040
10,14405181,165040
11,14060455,165040
2,-6,280,432,165040
1,14841468,165080
9,14008571,165080
10,14406676,165080
11,14062120,165080
2,-5,281,431,165080
1,14844086,165120
9,14011086,165120
10,14410008,165120
11,14064331,165120
2,-6,281,431,165120
1,14846942,165160
9,14013297,165160
10,14412491,165160
11,14066643,165160
2,-6,281,431,165160
1,14849696,165200
9,14015336,165200
10,14415176,165200
11,14068989,165200
2,-4,281,430,165200
1,14853164,165240
9,14018567,165240
10,14419121,165240
11,14071539,165240
2,-6,280,433,165240
1,14853436,165280
9,14018906,165280
10,14420889,165280
11,14072320,165280
2,-6,282,431,165280
1,14846840,165320
9,14014486,165320
10,14417556,165320
11,14069158,165320
2,-5,279,431,165320
1,14838170,165360
9,14009659,165360
10,14413341,165360
11,14066371,165360
2,-6,282,432,165360
1,14830656,165400
9,14004559,165400
10,14408989,165400
11,14063310,165400
2,-5,281,431,165400
1,14824401,165440
9,14000683,165440
10,14405350,165440
11,14060794,165440
2,-5,281,432,165440
1,14820796,165480
9,13998269,165480
10,14402529,165480
11,14059061,165480
2,-6,282,431,165480
1,14819062,165520
9,13997316,165520
10,14401781,165520
11,14058211,165520
2,-5,280,431,165520
1,14819335,165560
9,13998031,165560
10,14402256,165560
11,14058653,165560
2,-6,281,432,165560
1,14820967,165600
9,13999186,165600
10,14403480,165600
11,14059197,165600
2,-5,281,430,165600
1,14822531,165640
9,14000784,165640
10,14405385,165640
11,14060386,165640
2,-6,281,431,165640
1,14825285,165680
9,14003029,165680
10,14407085,165680
11,14062188,165680
2,-6,281,432,165680
1,14827699,165720
9,14005579,165720
10,14409804,165720
11,14063514,165720
2,-5,282,431,165720
1,14831269,165760
9,14008502,165760
10,14412388,165760
11,14065929,165760
2,-5,283,432,165760
1,14835586,165800
9,14011835,165800
10,14416537,165800
11,14068546,165800
2,-5,279,433,165800
1,14840244,165840
9,14015847,165840
10,14420447,165840
11,14072014,165840
2,-5,282,432,165840
1,14844834,165880
9,14019859,165880
10,14424356,165880
11,14075279,165880
2,-5,281,431,165880
1,14849764,165920
9,14023735,165920
10,14429049,165920
11,14078849,165920
2,-5,281,431,165920
1,14855069,165960
9,14028257,165960
10,14433638,165960
11,14082486,165960
2,-4,280,433,165960
1,14855851,166000
9,14029379,166000
10,14436393,166000
11,14083506,166000
2,-7,279,432,166000
1,14850003,166040
9,14026591,166040
10,14435033,166040
11,14081807,166040
2,-5,281,433,166040
1,14842318,166080
9,14022544,166080
10,14431803,166080
11,14079630,166080
2,-6,280,432,166080
1,14835621,166120
9,14018906,166120
10,14428743,166120
11,14078032,166120
2,-5,281,432,166120
1,14830283,166160
9,14015881,166160
10,14425921,166160
11,14075823,166160
2,-4,278,433,166160
1,14826203,166200
9,14013739,166200
10,14424901,166200
11,14075075,166200
2,-5,281,431,166200
1,14825217,166240
9,14012889,166240
10,14424323,166240
11,14074904,166240
2,-5,282,432,166240
1,14825522,166280
9,14013194,166280
10,14425241,166280
11,14075550,166280
2,-4,280,431,166280
1,14826032,166320
9,14014282,166320
10,14426362,166320
11,14076264,166320
2,-4,281,432,166320
1,14826985,166360
9,14015438,166360
10,14427587,166360
11,14077386,166360
2,-7,281,432,166360
1002,86,166360,1787825018842
1004,733,166360,1787825018842
1004,688,166360,1787825018848
101,86,86,0,166360,1787825019686
222,0,sqi=100
101,86,86,0,166360,1787825019780
222,0,sqi=100
1,14828481,166400
9,14016662,166400
10,14429524,166400
11,14078339,166400
2,-4,281,433,166400
1,14830997,166440
9,14019213,166440
10,14431769,166440
11,14080073,166440
2,-6,281,433,166440
1,14833581,166480
9,14021185,166480
10,14434319,166480
11,14082214,166480
2,-7,281,432,166480
1,14837082,166520
9,14024449,166520
10,14437991,166520
11,14084764,166520
2,-7,282,432,166520
1,14841027,166560
9,14027543,166560
10,14441391,166560
11,14087485,166560
2,-5,281,432,166560
1,14844937,166600
9,14030840,166600
10,14445165,166600
11,14090409,166600
2,-6,279,431,166600
1,14849289,166640
9,14034648,166640
10,14449312,166640
11,14093502,166640
2,-5,283,433,166640
1,14853675,166680
9,14038592,166680
10,14453665,166680
11,14096528,166680
2,-4,280,432,166680
1,14856598,166720
9,14040972,166720
10,14456792,166720
11,14099249,166720
2,-4,281,431,166720
1,14852586,166760
9,14038728,166760
10,14456656,166760
11,14097548,166760
2,-5,281,432,166760
1,14844902,166800
9,14035499,166800
10,14454107,166800
11,14094964,166800
2,-6,279,432,166800
1,14838034,166840
9,14031588,166840
10,14451352,166840
11,14093332,166840
2,-6,281,431,166840
1,14832459,166880
9,14028699,166880
10,14449244,166880
11,14091769,166880
2,-5,279,431,166880
1,14829330,166920
9,14026659,166920
10,14447680,166920
11,14091054,166920
2,-6,283,430,166920
1,14826883,166960
9,14025672,166960
10,14447375,166960
11,14090477,166960
2,-6,280,431,166960
1,14826067,167000
9,14025503,167000
10,14447443,167000
11,14090477,167000
2,-6,280,431,167000
1,14826916,167040
9,14026284,167040
10,14448293,167040
11,14090783,167040
2,-7,281,430,167040
1,14827971,167080
9,14027135,167080
10,14449619,167080
11,14091803,167080
2,-6,280,430,167080
1,14829840,167120
9,14028665,167120
10,14451318,167120
11,14092652,167120
2,-5,281,431,167120
1,14831982,167160
9,14030636,167160
10,14453189,167160
11,14093945,167160
2,-7,282,431,167160
1,14834907,167200
9,14032643,167200
10,14456317,167200
11,14096086,167200
2,-4,280,431,167200
1,14838238,167240
9,14035397,167240
10,14459172,167240
11,14098297,167240
2,-4,282,430,167240
1,14842081,167280
9,14038490,167280
10,14462776,167280
11,14100983,167280
2,-5,281,431,167280
1,14845922,167320
9,14041585,167320
10,14466822,167320
11,14103124,167320
2,-6,281,430,167320
1,14849357,167360
9,14044679,167360
10,14469713,167360
11,14106083,167360
2,-4,279,432,167360
1,14853981,167400
9,14047806,167400
10,14473827,167400
11,14109007,167400
2,-5,282,431,167400
1,14857686,167440
9,14051207,167440
10,14477940,167440
11,14111794,167440
2,-6,282,434,167440
1,14856055,167480
9,14051002,167480
10,14478994,167480
11,14111794,167480
2,-5,282,431,167480
1,14849901,167520
9,14048521,167520
10,14477601,167520
11,14110129,167520
2,-7,281,432,167520
1,14842692,167560
9,14045494,167560
10,14476037,167560
11,14108768,167560
2,-5,280,431,167560
1,14837830,167600
9,14043217,167600
10,14474405,167600
11,14108157,167600
2,-6,282,433,167600
1,14835008,167640
9,14041074,167640
10,14473691,167640
11,14107340,167640
2,-5,281,433,167640
1,14833819,167680
9,14041414,167680
10,14473520,167680
11,14107442,167680
2,-5,279,430,167680
1,14834600,167720
9,14041924,167720
10,14474540,167720
11,14108157,167720
2,-7,280,431,167720
1,14836164,167760
9,14043114,167760
10,14476275,167760
11,14108870,167760
2,-5,281,431,167760
1,14837695,167800
9,14044645,167800
10,14477940,167800
11,14110298,167800
2,-6,280,433,167800
1,14839972,167840
9,14046344,167840
10,14480456,167840
11,14111387,167840
2,-4,281,431,167840
1,14842862,167880
9,14048486,167880
10,14482768,167880
11,14113427,167880
2,-5,279,430,167880
1,14845786,167920
9,14050629,167920
10,14484877,167920
11,14115229,167920
2,-5,283,431,167920
1,14849186,167960
9,14053518,167960
10,14488345,167960
11,14116997,167960
2,-6,281,431,167960
1002,86,167640,1787825020047
1004,721,167680,1787825020047
1002,86,167960,1787825020861
1004,733,167960,1787825020862
1004,733,167960,1787825020862
101,85,86,0,167960,1787825021381
1,14852825,168000
222,0,sqi=100
9,14056748,168000
10,14490453,168000
11,14118833,168000
2,-6,280,431,168000
1,14855511,168040
9,14059570,168040
10,14493411,168040
11,14120702,168040
2,-5,282,430,168040
1,14859386,168080
9,14062801,168080
10,14496335,168080
11,14123219,168080
2,-4,281,433,168080
1,14863569,168120
9,14066166,168120
10,14499531,168120
11,14125565,168120
2,-5,281,432,168120
1,14867683,168160
9,14069328,168160
10,14502217,168160
11,14127638,168160
2,-7,279,432,168160
1,14869315,168200
9,14071539,168200
10,14504256,168200
11,14128862,168200
2,-5,279,432,168200
1,14865540,168240
9,14069566,168240
10,14503475,168240
11,14127604,168240
2,-5,280,434,168240
1,14860305,168280
9,14068071,168280
10,14502318,168280
11,14126244,168280
2,-5,279,431,168280
1,14856089,168320
9,14066847,168320
10,14501537,168320
11,14125565,168320
2,-6,278,432,168320
1,14854423,168360
9,14066778,168360
10,14500822,168360
11,14125225,168360
2,-5,281,431,168360
1,14853539,168400
9,14067322,168400
10,14501196,168400
11,14126007,168400
2,-4,281,433,168400
1,14855885,168440
9,14069805,168440
10,14502455,168440
11,14127672,168440
2,-6,281,433,168440
1,14858264,168480
9,14071946,168480
10,14504052,168480
11,14129135,168480
2,-5,279,432,168480
1,14860611,168520
9,14074361,168520
10,14505957,168520
11,14130767,168520
2,-4,282,431,168520
1,14863160,168560
9,14076774,168560
10,14507691,168560
11,14132976,168560
2,-5,281,433,168560
1,14865609,168600
9,14079460,168600
10,14509527,168600
11,14134473,168600
2,-5,280,430,168600
1,14868635,168640
9,14081875,168640
10,14512314,168640
11,14136546,168640
2,-6,283,432,168640
1,14872069,168680
9,14085070,168680
10,14514967,168680
11,14138825,168680
2,-7,280,431,168680
1,14875163,168720
9,14087281,168720
10,14518129,168720
11,14140898,168720
2,-5,281,431,168720
1,14878393,168760
9,14089694,168760
10,14520713,168760
11,14143312,168760
2,-5,280,432,168760
1,14882133,168800
9,14093264,168800
10,14524283,168800
11,14146338,168800
2,-4,280,432,168800
1,14886111,168840
9,14095984,168840
10,14527240,168840
11,14148752,168840
2,-4,282,431,168840
1,14887946,168880
9,14097481,168880
10,14529553,168880
11,14150282,168880
2,-5,281,431,168880
1,14883969,168920
9,14096461,168920
10,14529723,168920
11,14148957,168920
2,-4,280,434,168920
1,14879957,168960
9,14095237,168960
10,14529315,168960
11,14148685,168960
2,-6,282,431,168960
1,14876115,169000
9,14094420,169000
10,14529144,169000
11,14148141,169000
2,-6,279,433,169000
1,14873904,169040
9,14093809,169040
10,14529689,169040
11,14149058,169040
2,-5,279,431,169040
1,14873632,169080
9,14094250,169080
10,14530199,169080
11,14149466,169080
2,-5,281,431,169080
1,14876216,169120
9,14096359,169120
10,14532136,169120
11,14151099,169120
2,-5,282,431,169120
1,14879175,169160
9,14098228,169160
10,14533939,169160
11,14152425,169160
2,-5,282,431,169160
1,14881793,169200
9,14100677,169200
10,14535843,169200
11,14154056,169200
2,-5,281,433,169200
1,14884853,169240
9,14103397,169240
10,14538358,169240
11,14155995,169240
2,-5,282,429,169240
1,14887538,169280
9,14105640,169280
10,14540432,169280
11,14157865,169280
2,-4,282,430,169280
1,14891074,169320
9,14108666,169320
10,14543493,169320
11,14159972,169320
2,-6,281,431,169320
1,14895766,169360
9,14112271,169360
10,14546757,169360
11,14162760,169360
2,-5,285,431,169360
1,14900594,169400
9,14116622,169400
10,14550361,169400
11,14166093,169400
2,-4,280,431,169400
1,14905491,169440
9,14120668,169440
10,14554067,169440
11,14168880,169440
2,-3,282,430,169440
1,14911236,169480
9,14125157,169480
10,14557840,169480
11,14172383,169480
2,-5,280,429,169480
1,14916472,169520
9,14130426,169520
10,14561682,169520
11,14176122,169520
2,-5,281,431,169520
1,14919839,169560
9,14133725,169560
10,14564539,169560
11,14178095,169560
2,-5,284,432,169560
1002,85,169560,1787825022075
1004,732,169560,1787825022076
1002,85,169560,1787825022880
1004,672,169560,1787825022921
101,85,85,0,169560,1787825022922
222,0,sqi=100
101,85,85,0,169560,1787825022968
222,0,sqi=100
1,14915793,169600
9,14133079,169600
10,14565286,169600
11,14177993,169600
2,-6,284,431,169600
1,14910726,169640
9,14132807,169640
10,14564742,169640
11,14177822,169640
2,-5,282,431,169640
1,14904878,169680
9,14131719,169680
10,14564708,169680
11,14177516,169680
2,-6,284,431,169680
1,14901716,169720
9,14131277,169720
10,14564539,169720
11,14177720,169720
2,-3,282,430,169720
1,14900560,169760
9,14132432,169760
10,14565423,169760
11,14177993,169760
2,-6,284,431,169760
1,14901988,169800
9,14134030,169800
10,14566035,169800
11,14179352,169800
2,-6,283,431,169800
1,14904538,169840
9,14136683,169840
10,14568142,169840
11,14181358,169840
2,-3,282,431,169840
1,14908482,169880
9,14139709,169880
10,14570012,169880
11,14183535,169880
2,-4,283,431,169880
1,14911849,169920
9,14142088,169920
10,14572426,169920
11,14185200,169920
2,-6,285,429,169920
1,14915656,169960
9,14146304,169960
10,14575147,169960
11,14188090,169960
2,-5,283,430,169960
1,14920756,170000
9,14150793,170000
10,14578342,170000
11,14191151,170000
2,-3,283,429,170000
1,14925075,170040
9,14155247,170040
10,14580723,170040
11,14193973,170040
2,-5,283,430,170040
1,14929937,170080
9,14159292,170080
10,14584327,170080
11,14197101,170080
2,-5,281,432,170080
1,14934867,170120
9,14163815,170120
10,14588066,170120
11,14200636,170120
2,-4,281,431,170120
1,14940238,170160
9,14168574,170160
10,14592181,170160
11,14203968,170160
2,-6,282,431,170160
1,14944999,170200
9,14173232,170200
10,14595818,170200
11,14207470,170200
2,-5,280,431,170200
1,14950642,170240
9,14177788,170240
10,14599728,170240
11,14211211,170240
2,-5,280,431,170240
1,14950540,170280
9,14178843,170280
10,14601701,170280
11,14212128,170280
2,-7,281,431,170280
1,14946563,170320
9,14177857,170320
10,14601735,170320
11,14211891,170320
2,-5,280,432,170320
1,14940307,170360
9,14176769,170360
10,14601701,170360
11,14212027,170360
2,-7,279,433,170360
1,14937145,170400
9,14175885,170400
10,14601904,170400
11,14212061,170400
2,-5,283,430,170400
1,14934458,170440
9,14175239,170440
10,14601939,170440
11,14212230,170440
2,-6,279,432,170440
1,14933439,170480
9,14175239,170480
10,14602585,170480
11,14212571,170480
2,-7,280,430,170480
1,14935615,170520
9,14176871,170520
10,14603808,170520
11,14214033,170520
2,-5,280,432,170520
1,14938199,170560
9,14179047,170560
10,14605169,170560
11,14215393,170560
2,-5,282,432,170560
1,14941191,170600
9,14180916,170600
10,14607719,170600
11,14217296,170600
2,-4,281,431,170600
1,14944013,170640
9,14183433,170640
10,14609384,170640
11,14219337,170640
2,-6,280,433,170640
1,14947957,170680
9,14186595,170680
10,14612036,170680
11,14221546,170680
2,-6,281,433,170680
1,14951764,170720
9,14190300,170720
10,14615845,170720
11,14224131,170720
2,-7,281,431,170720
1,14956966,170760
9,14194142,170760
10,14618633,170760
11,14226953,170760
2,-5,281,432,170760
1,14962508,170800
9,14198426,170800
10,14622474,170800
11,14230183,170800
2,-7,280,432,170800
1,14968289,170840
9,14203050,170840
10,14627132,170840
11,14234025,170840
2,-5,280,431,170840
1,14975088,170880
9,14208831,170880
10,14631689,170880
11,14238716,170880
2,-6,279,433,170880
1,14981447,170920
9,14213863,170920
10,14636482,170920
11,14242218,170920
2,-5,283,431,170920
1,14986546,170960
9,14217976,170960
10,14640291,170960
11,14245551,170960
2,-6,279,432,170960
1,14984133,171000
9,14217739,171000
10,14641923,171000
11,14245754,171000
2,-5,279,432,171000
1,14979678,171040
9,14217671,171040
10,14642331,171040
11,14246230,171040
2,-7,281,431,171040
1,14975020,171080
9,14217432,171080
10,14642943,171080
11,14246638,171080
2,-7,280,432,171080
1,14972811,171120
9,14217636,171120
10,14643793,171120
11,14247081,171120
2,-6,280,433,171120
1,14972607,171160
9,14218113,171160
10,14644948,171160
11,14248304,171160
2,-5,278,433,171160
1002,85,171160,1787825023691
1004,700,171160,1787825023691
1004,693,171160,1787825023736
101,85,85,0,171160,1787825024505
222,0,sqi=100
1,14973729,171200
9,14219506,171200
10,14646989,171200
11,14249732,171200
2,-7,282,431,171200
1,14976177,171240
9,14222091,171240
10,14649675,171240
11,14252214,171240
2,-4,279,432,171240
1,14979746,171280
9,14224981,171280
10,14652462,171280
11,14254152,171280
2,-4,280,433,171280
1,14982738,171320
9,14227802,171320
10,14655591,171320
11,14256295,171320
2,-6,282,433,171320
1,14986546,171360
9,14230727,171360
10,14658481,171360
11,14258607,171360
2,-5,280,431,171360
1,14990015,171400
9,14234058,171400
10,14661065,171400
11,14261531,171400
2,-6,280,431,171400
1,14993890,171440
9,14237424,171440
10,14664634,171440
11,14264115,171440
2,-5,280,433,171440
1,14998447,171480
9,14241471,171480
10,14668409,171480
11,14267379,171480
2,-5,280,431,171480
1,15003343,171520
9,14246061,171520
10,14671775,171520
11,14270812,171520
2,-6,277,429,171520
1,15008375,171560
9,14249426,171560
10,14675752,171560
11,14274077,171560
2,-3,286,432,171560
1,15013372,171600
9,14254221,171600
10,14680037,171600
11,14277851,171600
2,-5,273,435,171600
1,15018405,171640
9,14258504,171640
10,14684252,171640
11,14281216,171640
2,-6,279,433,171640
1,15018914,171680
9,14259559,171680
10,14686497,171680
11,14282849,171680
2,-5,282,432,171680
1,15014664,171720
9,14258403,171720
10,14687482,171720
11,14282237,171720
2,-4,278,431,171720
1,15009224,171760
9,14257689,171760
10,14687381,171760
11,14282033,171760
2,-5,279,433,171760
1,15004703,171800
9,14256533,171800
10,14687652,171800
11,14282304,171800
2,-5,279,432,171800
1,15002866,171840
9,14256362,171840
10,14688775,171840
11,14283053,171840
2,-4,279,431,171840
1,15002662,171880
9,14257042,171880
10,14689625,171880
11,14284719,171880
2,-6,279,433,171880
1,15005111,171920
9,14258913,171920
10,14691529,171920
11,14285976,171920
2,-3,278,432,171920
1,15007932,171960
9,14261055,171960
10,14693705,171960
11,14288153,171960
2,-4,279,433,171960
1,15011231,172000
9,14263571,172000
10,14695948,172000
11,14290193,172000
2,-4,278,432,172000
1,15013713,172040
9,14266325,172040
10,14698669,172040
11,14292267,172040
2,-5,281,433,172040
1,15017249,172080
9,14268874,172080
10,14701015,172080
11,14294511,172080
2,-5,280,431,172080
1,15020036,172120
9,14272002,172120
10,14703598,172120
11,14296822,172120
2,-5,280,432,172120
1,15023913,172160
9,14275063,172160
10,14706285,172160
11,14299304,172160
2,-3,277,432,172160
1,15027449,172200
9,14278157,172200
10,14709039,172200
11,14302263,172200
2,-6,281,432,172200
1,15030474,172240
9,14280741,172240
10,14711928,172240
11,14304608,172240
2,-5,279,432,172240
1,15033637,172280
9,14283868,172280
10,14714614,172280
11,14307294,172280
2,-6,279,433,172280
1,15037343,172320
9,14286351,172320
10,14717028,172320
11,14310117,172320
2,-4,280,433,172320
1,15037852,172360
9,14286929,172360
10,14718525,172360
11,14310593,172360
2,-4,280,433,172360
1,15031460,172400
9,14283528,172400
10,14717368,172400
11,14308892,172400
2,-4,277,434,172400
1,15024218,172440
9,14280162,172440
10,14715940,172440
11,14307906,172440
2,-4,279,432,172440
1,15017249,172480
9,14277171,172480
10,14714546,172480
11,14306410,172480
2,-6,276,429,172480
1,15012727,172520
9,14274416,172520
10,14713357,172520
11,14305493,172520
2,-4,281,432,172520
1,15010312,172560
9,14272716,172560
10,14712642,172560
11,14305118,172560
2,-3,276,431,172560
1,15009701,172600
9,14272342,172600
10,14712711,172600
11,14305662,172600
2,-5,280,432,172600
1,15011231,172640
9,14272682,172640
10,14713051,172640
11,14306818,172640
2,-5,280,432,172640
1,15011911,172680
9,14273192,172680
10,14713526,172680
11,14307022,172680
2,-3,278,433,172680
1,15012523,172720
9,14273669,172720
10,14714309,172720
11,14308042,172720
2,-5,279,434,172720
1,15011162,172760
9,14274144,172760
10,14715193,172760
11,14308961,172760
2,-6,278,432,172760
1002,85,172760,1787825024925
1004,699,172760,1787825024926
1002,85,172760,1787825025711
1004,702,172760,1787825025711
1004,686,172760,1787825025746
101,85,85,0,172760,1787825026150
222,0,sqi=100
101,86,85,0,172760,1787825026205
222,0,sqi=100
1,15007014,172800
9,14273567,172800
10,14714580,172800
11,14308451,172800
2,-6,280,433,172800
1,15005552,172840
9,14272886,172840
10,14714343,172840
11,14308723,172840
2,-5,281,431,172840
1,15003411,172880
9,14271663,172880
10,14714580,172880
11,14307567,172880
2,-5,278,432,172880
1,15003716,172920
9,14270166,172920
10,14714343,172920
11,14306784,172920
2,-3,280,431,172920
1,15007967,172960
9,14270235,172960
10,14715261,172960
11,14306615,172960
2,-6,279,431,172960
1,15011775,173000
9,14269690,173000
10,14716723,173000
11,14306445,173000
2,-5,277,431,173000
1,15009531,173040
9,14265849,173040
10,14716144,173040
11,14304065,173040
2,-6,278,434,173040
1,15004260,173080
9,14261327,173080
10,14715295,173080
11,14301412,173080
2,-7,279,434,173080
1,14998820,173120
9,14257655,173120
10,14713696,173120
11,14299747,173120
2,-5,279,431,173120
1,14995523,173160
9,14254323,173160
10,14713186,173160
11,14297911,173160
2,-5,280,432,173160
1,14993551,173200
9,14252520,173200
10,14713016,173200
11,14297503,173200
2,-5,281,434,173200
1,14993925,173240
9,14251807,173240
10,14713730,173240
11,14297367,173240
2,-4,279,432,173240
1,14995896,173280
9,14252453,173280
10,14714751,173280
11,14297877,173280
2,-4,277,432,173280
1,14998174,173320
9,14253677,173320
10,14715464,173320
11,14298625,173320
2,-6,281,432,173320
1,14999772,173360
9,14254798,173360
10,14716960,173360
11,14299372,173360
2,-5,278,433,173360
1,15001439,173400
9,14256192,173400
10,14718490,173400
11,14300460,173400
2,-6,279,432,173400
1,15004600,173440
9,14258403,173440
10,14720598,173440
11,14301889,173440
2,-5,280,435,173440
1,15008136,173480
9,14260578,173480
10,14722979,173480
11,14303826,173480
2,-6,278,432,173480
1,15012012,173520
9,14263740,173520
10,14725562,173520
11,14305527,173520
2,-6,283,431,173520
1,15016059,173560
9,14266971,173560
10,14728147,173560
11,14308247,173560
2,-6,279,432,173560
1,15020105,173600
9,14270677,173600
10,14731818,173600
11,14310865,173600
2,-5,281,432,173600
1,15024899,173640
9,14274485,173640
10,14734640,173640
11,14313652,173640
2,-6,279,431,173640
1,15025035,173680
9,14274383,173680
10,14736612,173680
11,14314435,173680
2,-7,279,434,173680
1,15018982,173720
9,14272512,173720
10,14736273,173720
11,14312837,173720
2,-5,279,432,173720
1,15011911,173760
9,14270031,173760
10,14736103,173760
11,14311987,173760
2,-5,279,434,173760
1,15005926,173800
9,14267719,173800
10,14735967,173800
11,14311306,173800
2,-7,279,432,173800
1,15001065,173840
9,14265610,173840
10,14735661,173840
11,14311035,173840
2,-4,280,433,173840
1,14998277,173880
9,14264965,173880
10,14735796,173880
11,14311443,173880
2,-5,280,432,173880
1,14997257,173920
9,14265032,173920
10,14736749,173920
11,14311816,173920
2,-6,281,431,173920
1,14998650,173960
9,14265916,173960
10,14738075,173960
11,14312667,173960
2,-6,279,433,173960
1,15000656,174000
9,14267616,174000
10,14739775,174000
11,14314366,174000
2,-6,279,434,174000
1,15003513,174040
9,14269793,174040
10,14741678,174040
11,14315795,174040
2,-5,280,432,174040
1,15006096,174080
9,14272037,174080
10,14743787,174080
11,14317902,174080
2,-4,280,434,174080
1,15009837,174120
9,14275470,174120
10,14746812,174120
11,14320384,174120
2,-7,282,430,174120
1,15014222,174160
9,14279176,174160
10,14749872,174160
11,14322934,174160
2,-6,279,433,174160
1,15018745,174200
9,14282101,174200
10,14753204,174200
11,14325995,174200
2,-5,279,432,174200
1,15023300,174240
9,14286317,174240
10,14756570,174240
11,14328885,174240
2,-5,279,431,174240
1,15028911,174280
9,14290974,174280
10,14760107,174280
11,14332387,174280
2,-6,280,434,174280
1,15033704,174320
9,14295088,174320
10,14764152,174320
11,14335514,174320
2,-6,281,432,174320
1,15035949,174360
9,14296959,174360
10,14766906,174360
11,14337623,174360
2,-6,279,430,174360
1002,86,174360,1787825026934
1004,653,174360,1787825026935
101,86,86,0,174360,1787825027693
222,0,sqi=100
1002,87,174360,1787825027739
1004,666,174360,1787825027739
1004,690,174360,1787825027751
101,86,87,0,174360,1787825027753
222,0,sqi=100
1,15030713,174400
9,14295327,174400
10,14767621,174400
11,14336875,174400
2,-5,280,432,174400
1,15023198,174440
9,14292777,174440
10,14767348,174440
11,14336398,174440
2,-4,280,434,174440
1,15017180,174480
9,14290873,174480
10,14767859,174480
11,14335821,174480
2,-5,280,433,174480
1,15013304,174520
9,14288799,174520
10,14768198,174520
11,14336127,174520
2,-5,280,432,174520
1,15011027,174560
9,14288527,174560
10,14768504,174560
11,14335650,174560
2,-6,279,433,174560
1,15010109,174600
9,14289105,174600
10,14769626,174600
11,14336229,174600
2,-6,279,434,174600
1,15011945,174640
9,14290770,174640
10,14771598,174640
11,14337996,174640
2,-5,279,432,174640
1,15014732,174680
9,14293116,174680
10,14773401,174680
11,14339560,174680
2,-6,279,433,174680
1,15017895,174720
9,14295837,174720
10,14775781,174720
11,14341499,174720
2,-6,280,434,174720
1,15021260,174760
9,14299304,174760
10,14778365,174760
11,14343742,174760
2,-5,279,434,174760
1,15025442,174800
9,14303520,174800
10,14781391,174800
11,14346428,174800
2,-5,281,433,174800
1,15029727,174840
9,14307363,174840
10,14784960,174840
11,14349557,174840
2,-5,279,432,174840
1,15034962,174880
9,14311341,174880
10,14788972,174880
11,14353229,174880
2,-6,278,431,174880
1,15039961,174920
9,14315795,174920
10,14792815,174920
11,14356832,174920
2,-4,278,432,174920
1,15045401,174960
9,14320113,174960
10,14796826,174960
11,14359927,174960
2,-5,282,431,174960
1,15051724,175000
9,14325382,175000
10,14800736,175000
11,14363700,175000
2,-5,281,431,175000
1,15057232,175040
9,14329530,175040
10,14805088,175040
11,14367780,175040
2,-6,280,432,175040
1,15060735,175080
9,14332862,175080
10,14808489,175080
11,14369957,175080
2,-5,279,432,175080
1,15056927,175120
9,14331809,175120
10,14809440,175120
11,14369718,175120
2,-5,279,431,175120
1,15049923,175160
9,14329701,175160
10,14809917,175160
11,14369957,175160
2,-6,281,431,175160
1,15044040,175200
9,14327117,175200
10,14810290,175200
11,14369583,175200
2,-6,281,433,175200
1,15038907,175240
9,14325552,175240
10,14810937,175240
11,14369345,175240
2,-5,282,432,175240
1,15036288,175280
9,14324329,175280
10,14811005,175280
11,14369651,175280
2,-5,281,434,175280
1,15034962,175320
9,14324193,175320
10,14811922,175320
11,14370603,175320
2,-5,280,432,175320
1,15036493,175360
9,14324532,175360
10,14813690,175360
11,14372201,175360
2,-4,282,431,175360
1,15037955,175400
9,14325825,175400
10,14815016,175400
11,14373254,175400
2,-5,279,434,175400
1,15040301,175440
9,14327830,175440
10,14816751,175440
11,14374750,175440
2,-5,280,430,175440
1,15042884,175480
9,14329394,175480
10,14818655,175480
11,14376213,175480
2,-5,280,433,175480
1,15045095,175520
9,14331741,175520
10,14820457,175520
11,14377776,175520
2,-5,280,430,175520
1,15048291,175560
9,14334596,175560
10,14822734,175560
11,14380599,175560
2,-4,279,433,175560
1,15051554,175600
9,14337894,175600
10,14825149,175600
11,14382605,175600
2,-4,281,431,175600
1,15055294,175640
9,14340989,175640
10,14827902,175640
11,14385664,175640
2,-4,280,433,175640
1,15059851,175680
9,14343981,175680
10,14830214,175680
11,14387602,175680
2,-5,279,432,175680
1,15063081,175720
9,14347347,175720
10,14832696,175720
11,14390799,175720
2,-5,280,432,175720
1,15067365,175760
9,14350679,175760
10,14835281,175760
11,14393043,175760
2,-5,280,432,175760
1,15069336,175800
9,14352141,175800
10,14837218,175800
11,14394403,175800
2,-5,279,431,175800
1,15064236,175840
9,14349387,175840
10,14836334,175840
11,14393178,175840
2,-2,283,429,175840
1,15057130,175880
9,14346361,175880
10,14836029,175880
11,14391955,175880
2,-5,280,431,175880
1,15050160,175920
9,14344083,175920
10,14835042,175920
11,14391581,175920
2,-3,281,432,175920
1,15045231,175960
9,14341430,175960
10,14834261,175960
11,14390663,175960
2,-5,279,432,175960
1002,87,175960,1787825028954
1004,719,175960,1787825028955
101,86,87,0,175960,1787825029297
222,0,sqi=100
1,15041286,176000
9,14339220,176000
10,14833308,176000
11,14390390,176000
2,-3,281,432,176000
1,15039654,176040
9,14337996,176040
10,14833037,176040
11,14390152,176040
2,-5,280,431,176040
1,15039859,176080
9,14338269,176080
10,14833377,176080
11,14390663,176080
2,-4,279,432,176080
1,15040810,176120
9,14338303,176120
10,14834056,176120
11,14391173,176120
2,-5,280,433,176120
1,15042137,176160
9,14338711,176160
10,14834464,176160
11,14391853,176160
2,-4,281,432,176160
1,15042579,176200
9,14339560,176200
10,14835281,176200
11,14392498,176200
2,-5,281,432,176200
1,15044040,176240
9,14340411,176240
10,14836369,176240
11,14393824,176240
2,-5,279,431,176240
1,15046420,176280
9,14341430,176280
10,14837320,176280
11,14395389,176280
2,-4,282,432,176280
1,15048120,176320
9,14343130,176320
10,14838817,176320
11,14396680,176320
2,-4,281,432,176320
1,15051045,176360
9,14344729,176360
10,14840041,176360
11,14398108,176360
2,-4,281,431,176360
1,15054886,176400
9,14346327,176400
10,14842149,176400
11,14399808,176400
2,-5,280,431,176400
1,15058083,176440
9,14348536,176440
10,14843848,176440
11,14401713,176440
2,-3,280,434,176440
1,15057947,176480
9,14348707,176480
10,14844529,176480
11,14401713,176480
2,-3,280,431,176480
1,15052711,176520
9,14345272,176520
10,14843576,176520
11,14400488,176520
2,-6,278,432,176520
1,15045095,176560
9,14342043,176560
10,14842387,176560
11,14398959,176560
2,-2,280,431,176560
1,15038431,176600
9,14338404,176600
10,14840755,176600
11,14397598,176600
2,-5,281,433,176600
1,15034487,176640
9,14335650,176640
10,14839972,176640
11,14396408,176640
2,-4,278,434,176640
1,15031427,176680
9,14333304,176680
10,14839360,176680
11,14395898,176680
2,-4,281,432,176680
1,15030338,176720
9,14332353,176720
10,14839429,176720
11,14395456,176720
2,-4,278,432,176720
1,15031256,176760
9,14332523,176760
10,14839870,176760
11,14396034,176760
2,-5,280,432,176760
1,15032379,176800
9,14332624,176800
10,14840449,176800
11,14396511,176800
2,-4,278,432,176800
1,15034929,176840
9,14333678,176840
10,14841231,176840
11,14396748,176840
2,-4,282,431,176840
1,15037207,176880
9,14334835,176880
10,14842591,176880
11,14398177,176880
2,-4,280,432,176880
1,15040301,176920
9,14336908,176920
10,14843985,176920
11,14399230,176920
2,-3,279,431,176920
1,15043871,176960
9,14338948,176960
10,14846127,176960
11,14400795,176960
2,-5,277,433,176960
1,15047475,177000
9,14342009,177000
10,14848404,177000
11,14402630,177000
2,-4,279,433,177000
1,15051826,177040
9,14344219,177040
10,14850614,177040
11,14404806,177040
2,-4,278,433,177040
1,15056587,177080
9,14347584,177080
10,14853471,177080
11,14407016,177080
2,-4,280,431,177080
1,15061415,177120
9,14350305,177120
10,14856021,177120
11,14409465,177120
2,-3,277,430,177120
1,15063624,177160
9,14351631,177160
10,14857584,177160
11,14410417,177160
2,-4,279,433,177160
1,15059136,177200
9,14349897,177200
10,14857686,177200
11,14409600,177200
2,-3,279,432,177200
1,15052540,177240
9,14346734,177240
10,14856803,177240
11,14408547,177240
2,-6,280,432,177240
1,15046182,177280
9,14344456,177280
10,14855885,177280
11,14407289,177280
2,-3,279,434,177280
1,15041864,177320
9,14341907,177320
10,14855239,177320
11,14406133,177320
2,-4,280,433,177320
1,15039009,177360
9,14340070,177360
10,14855103,177360
11,14405725,177360
2,-5,280,433,177360
1,15037648,177400
9,14339560,177400
10,14854865,177400
11,14405622,177400
2,-4,280,430,177400
1,15038839,177440
9,14339833,177440
10,14855681,177440
11,14406370,177440
2,-7,280,432,177440
1,15042068,177480
9,14340751,177480
10,14856598,177480
11,14407153,177480
2,-6,281,432,177480
1,15044448,177520
9,14342247,177520
10,14857993,177520
11,14408206,177520
2,-4,281,433,177520
1,15047848,177560
9,14344490,177560
10,14859829,177560
11,14409396,177560
2,-6,282,431,177560
1002,86,177560,1787825029765
1004,719,177560,1787825029765
1004,669,177560,1787825029766
101,86,86,0,177560,1787825030900
222,0,sqi=100
101,86,86,0,177560,1787825030960
222,0,sqi=100
1,15051554,177600
9,14346666,177600
10,14861937,177600
11,14411096,177600
2,-5,284,434,177600
1,15055499,177640
9,14349489,177640
10,14864248,177640
11,14413510,177640
2,-5,281,433,177640
1002,86,177640,1787825030978
1004,690,177640,1787825030979
1,15060428,177680
9,14352854,177680
10,14867410,177680
11,14415993,177680
2,-6,279,431,177680
1,15065087,177720
9,14355948,177720
10,14870164,177720
11,14418610,177720
2,-4,279,435,177720
1,15071139,177760
9,14359349,177760
10,14873599,177760
11,14421024,177760
2,-3,280,428,177760
1,15076647,177800
9,14362816,177800
10,14876999,177800
11,14424288,177800
2,-11,285,433,177800
1,15082699,177840
9,14367033,177840
10,14880773,177840
11,14427790,177840
2,-6,288,434,177840
1,15087526,177880
9,14370603,177880
10,14883798,177880
11,14430476,177880
2,-3,276,434,177880
1,15085792,177920
9,14369345,177920
10,14884818,177920
11,14429864,177920
2,-5,277,433,177920
1,15080556,177960
9,14367712,177960
10,14884479,177960
11,14429083,177960
2,-4,280,431,177960
1,15074777,178000
9,14365910,178000
10,14884071,178000
11,14429015,178000
2,-5,280,431,178000
1,15070186,178040
9,14363395,178040
10,14883935,178040
11,14428811,178040
2,-5,279,434,178040
1,15067229,178080
9,14361831,178080
10,14883322,178080
11,14428505,178080
2,-5,278,432,178080
1,15066039,178120
9,14360810,178120
10,14883969,178120
11,14428879,178120
2,-6,280,433,178120
1,15067127,178160
9,14361151,178160
10,14885090,178160
11,14429694,178160
2,-3,280,433,178160
1,15069438,178200
9,14361932,178200
10,14886043,178200
11,14431259,178200
2,-4,281,433,178200
1,15072566,178240
9,14363700,178240
10,14887470,178240
11,14432585,178240
2,-4,278,430,178240
1,15075933,178280
9,14365503,178280
10,14889477,178280
11,14433945,178280
2,-6,281,434,178280
1,15079061,178320
9,14367645,178320
10,14891074,178320
11,14435917,178320
2,-5,281,431,178320
1,15083038,178360
9,14370398,178360
10,14893795,178360
11,14438059,178360
2,-6,280,433,178360
1,15087425,178400
9,14373390,178400
10,14896140,178400
11,14440336,178400
2,-5,281,431,178400
1,15092184,178440
9,14376858,178440
10,14899302,178440
11,14443158,178440
2,-4,282,432,178440
1,15098338,178480
9,14380258,178480
10,14902431,178480
11,14446219,178480
2,-5,279,431,178480
1,15103064,178520
9,14384135,178520
10,14905966,178520
11,14449142,178520
2,-4,282,433,178520
1,15108505,178560
9,14387467,178560
10,14908925,178560
11,14452100,178560
2,-4,278,433,178560
1,15114183,178600
9,14391240,178600
10,14912189,178600
11,14454854,178600
2,-5,279,432,178600
1,15119350,178640
9,14394845,178640
10,14915453,178640
11,14457846,178640
2,-6,281,432,178640
1,15117718,178680
9,14394505,178680
10,14916133,178680
11,14457846,178680
2,-4,280,431,178680
1,15112754,178720
9,14392669,178720
10,14915962,178720
11,14456861,178720
2,-3,281,432,178720
1,15107212,178760
9,14390663,178760
10,14915520,178760
11,14456656,178760
2,-4,279,432,178760
1,15103098,178800
9,14389030,178800
10,14914875,178800
11,14455670,178800
2,-4,281,431,178800
1,15099665,178840
9,14387058,178840
10,14913888,178840
11,14455670,178840
2,-6,282,432,178840
1,15098338,178880
9,14386719,178880
10,14913549,178880
11,14456045,178880
2,-3,281,430,178880
1,15099733,178920
9,14386617,178920
10,14913718,178920
11,14456725,178920
2,-4,279,433,178920
1,15101704,178960
9,14387908,178960
10,14914297,178960
11,14457609,178960
2,-4,280,431,178960
1,15103881,179000
9,14388725,179000
10,14915316,179000
11,14458493,179000
2,-5,281,432,179000
1,15106125,179040
9,14390390,179040
10,14916166,179040
11,14459887,179040
2,-5,281,432,179040
1,15109049,179080
9,14392294,179080
10,14917255,179080
11,14461723,179080
2,-4,280,432,179080
1,15112924,179120
9,14394029,179120
10,14918751,179120
11,14463117,179120
2,-4,280,431,179120
1,15116631,179160
9,14396579,179160
10,14920451,179160
11,14464817,179160
2,-4,279,433,179160
1002,87,179160,1787825031799
1004,735,179160,1787825031801
101,86,87,0,179160,1787825032478
222,0,sqi=100
1,15119419,179200
9,14398891,179200
10,14922184,179200
11,14466687,179200
2,-4,280,432,179200
1,15123294,179240
9,14401067,179240
10,14923850,179240
11,14468726,179240
2,-5,280,433,179240
1,15127443,179280
9,14403582,179280
10,14925585,179280
11,14470868,179280
2,-5,281,432,179280
1,15130639,179320
9,14405928,179320
10,14927760,179320
11,14473146,179320
2,-5,280,432,179320
1,15134549,179360
9,14408717,179360
10,14929291,179360
11,14475152,179360
2,-3,279,434,179360
1,15137711,179400
9,14410689,179400
10,14930923,179400
11,14476716,179400
2,-4,279,432,179400
1,15135535,179440
9,14409125,179440
10,14931025,179440
11,14475764,179440
2,-4,281,432,179440
1,15128531,179480
9,14405453,179480
10,14928542,179480
11,14473656,179480
2,-3,278,433,179480
1,15121153,179520
9,14401985,179520
10,14925517,179520
11,14471515,179520
2,-4,279,432,179520
1,15115135,179560
9,14398346,179560
10,14923000,179560
11,14469849,179560
2,-5,280,433,179560
1,15110068,179600
9,14395049,179600
10,14920009,179600
11,14468353,179600
2,-5,279,432,179600
1,15106329,179640
9,14392294,179640
10,14917594,179640
11,14467537,179640
2,-4,280,433,179640
1,15105750,179680
9,14391581,179680
10,14916438,179680
11,14466721,179680
2,-3,280,432,179680
1,15105750,179720
9,14390561,179720
10,14915418,179720
11,14466551,179720
2,-3,280,431,179720
1,15106023,179760
9,14389915,179760
10,14914637,179760
11,14466312,179760
2,-4,280,432,179760
1,15106397,179800
9,14389677,179800
10,14913310,179800
11,14466279,179800
2,-5,281,431,179800
1,15107587,179840
9,14389574,179840
10,14912800,179840
11,14466483,179840
2,-4,278,432,179840
1,15109082,179880
9,14390288,179880
10,14913073,179880
11,14467230,179880
2,-3,280,433,179880
1,15110578,179920
9,14390968,179920
10,14913446,179920
11,14467910,179920
2,-3,280,433,179920
1,15112993,179960
9,14391886,179960
10,14914161,179960
11,14468760,179960
2,-4,278,432,179960
1,15115339,180000
9,14393383,180000
10,14914228,180000
11,14469984,180000
2,-5,282,432,180000
1,15118466,180040
9,14395015,180040
10,14915453,180040
11,14471345,180040
2,-4,279,433,180040
1,15121934,180080
9,14396987,180080
10,14916915,180080
11,14473146,180080
2,-4,280,432,180080
1,15123668,180120
9,14397735,180120
10,14917594,180120
11,14473724,180120
2,-3,280,432,180120
1,15119044,180160
9,14394573,180160
10,14916234,180160
11,14471617,180160
2,-4,280,431,180160
1,15111191,180200
9,14390050,180200
10,14912767,180200
11,14468591,180200
2,-2,280,433,180200
1,15103064,180240
9,14385358,180240
10,14908959,180240
11,14466312,180240
2,-5,279,430,180240
1,15096333,180280
9,14381108,180280
10,14905082,180280
11,14463797,180280
2,-3,282,432,180280
1,15091810,180320
9,14377266,180320
10,14902192,180320
11,14462232,180320
2,-4,279,431,180320
1,15088750,180360
9,14374513,180360
10,14899779,180360
11,14460057,180360
2,-5,280,431,180360
1,15088716,180400
9,14373051,180400
10,14898419,180400
11,14459512,180400
2,-5,279,433,180400
1,15089091,180440
9,14372370,180440
10,14897262,180440
11,14458866,180440
2,-4,280,433,180440
1,15090450,180480
9,14372303,180480
10,14896548,180480
11,14458220,180480
2,-3,280,433,180480
1,15091335,180520
9,14371895,180520
10,14896412,180520
11,14458118,180520
2,-3,280,432,180520
1,15092524,180560
9,14372201,180560
10,14895936,180560
11,14458118,180560
2,-6,279,431,180560
1,15095006,180600
9,14373085,180600
10,14896446,180600
11,14458697,180600
2,-5,279,431,180600
1,15098509,180640
9,14374478,180640
10,14897059,180640
11,14459921,180640
2,-3,279,432,180640
1,15101467,180680
9,14375804,180680
10,14898078,180680
11,14461348,180680
2,-5,278,434,180680
1,15105138,180720
9,14378354,180720
10,14899608,180720
11,14462232,180720
2,-3,282,433,180720
1,15109286,180760
9,14380972,180760
10,14901478,180760
11,14464239,180760
2,-4,277,433,180760
1002,85,180760,1787825033010
1004,761,180760,1787825033011
1004,760,180760,1787825033011
1002,85,180760,1787825033815
1004,707,180760,1787825033816
101,85,85,0,180760,1787825034104
222,0,sqi=100
101,85,85,0,180760,1787825034178
222,0,sqi=100
1,15113638,180800
9,14383454,180800
10,14903485,180800
11,14465871,180800
2,-5,280,432,180800
1,15118059,180840
9,14386038,180840
10,14905966,180840
11,14468726,180840
2,-5,281,431,180840
1,15115883,180880
9,14384169,180880
10,14905796,180880
11,14467026,180880
2,-6,278,433,180880
1,15108437,180920
9,14379952,180920
10,14902329,180920
11,14463661,180920
2,-6,278,432,180920
1,15100073,180960
9,14375736,180960
10,14899133,180960
11,14460838,180960
2,-5,285,433,180960
1,15092796,181000
9,14371316,181000
10,14895154,181000
11,14457744,181000
2,-6,280,433,181000
1,15087186,181040
9,14366829,181040
10,14891584,181040
11,14455093,181040
2,-4,277,431,181040
1,15083107,181080
9,14363803,181080
10,14888456,181080
11,14452917,181080
2,-3,281,432,181080
1,15082019,181120
9,14361898,181120
10,14887063,181120
11,14451318,181120
2,-4,282,432,181120
1,15082936,181160
9,14361456,181160
10,14886417,181160
11,14451352,181160
2,-4,281,432,181160
1,15083481,181200
9,14361660,181200
10,14885975,181200
11,14451250,181200
2,-4,278,432,181200
1,15086439,181240
9,14362306,181240
10,14885907,181240
11,14451352,181240
2,-3,278,432,181240
1,15088376,181280
9,14363395,181280
10,14886417,181280
11,14451965,181280
2,-5,282,432,181280
1,15091709,181320
9,14365231,181320
10,14887369,181320
11,14453359,181320
2,-4,282,431,181320
1,15094666,181360
9,14366999,181360
10,14888049,181360
11,14453902,181360
2,-4,278,434,181360
1,15097387,181400
9,14369549,181400
10,14889477,181400
11,14455025,181400
2,-4,281,430,181400
1,15101569,181440
9,14372201,181440
10,14891313,181440
11,14456622,181440
2,-6,280,431,181440
1,15105138,181480
9,14374717,181480
10,14893319,181480
11,14458152,181480
2,-3,280,434,181480
1,15108777,181520
9,14377232,181520
10,14894951,181520
11,14459921,181520
2,-5,280,432,181520
1,15112245,181560
9,14380089,181560
10,14896651,181560
11,14461383,181560
2,-4,281,433,181560
1,15114523,181600
9,14381924,181600
10,14897942,181600
11,14462742,181600
2,-5,279,432,181600
1,15109117,181640
9,14378626,181640
10,14896481,181640
11,14459785,181640
2,-4,280,432,181640
1,15098679,181680
9,14372303,181680
10,14891822,181680
11,14454888,181680
2,-4,281,432,181680
1,15086813,181720
9,14365061,181720
10,14885533,181720
11,14449142,181720
2,-5,280,432,181720
1,15076851,181760
9,14357921,181760
10,14879889,181760
11,14444246,181760
2,-4,280,433,181760
1,15068589,181800
9,14351257,181800
10,14874278,181800
11,14439861,181800
2,-5,281,432,181800
1,15062332,181840
9,14345613,181840
10,14869552,181840
11,14435202,181840
2,-5,280,433,181840
1,15058321,181880
9,14341703,181880
10,14866084,181880
11,14431905,181880
2,-5,280,431,181880
1,15056552,181920
9,14339493,181920
10,14863501,181920
11,14429967,181920
2,-6,282,433,181920
1,15054716,181960
9,14337759,181960
10,14861597,181960
11,14428028,181960
2,-3,279,432,181960
1,15054037,182000
9,14335753,182000
10,14859591,182000
11,14426091,182000
2,-5,282,430,182000
1,15053765,182040
9,14335174,182040
10,14858332,182040
11,14425105,182040
2,-4,281,432,182040
1,15054376,182080
9,14334835,182080
10,14857856,182080
11,14424085,182080
2,-6,279,435,182080
1,15055431,182120
9,14334937,182120
10,14857381,182120
11,14423336,182120
2,-5,282,430,182120
1,15056212,182160
9,14334868,182160
10,14856836,182160
11,14422827,182160
2,-3,281,431,182160
1,15057232,182200
9,14335549,182200
10,14856496,182200
11,14422248,182200
2,-6,279,428,182200
1,15059307,182240
9,14336602,182240
10,14856734,182240
11,14422690,182240
2,-4,281,433,182240
1,15061721,182280
9,14337928,182280
10,14857007,182280
11,14422928,182280
2,-6,282,431,182280
1,15064645,182320
9,14338846,182320
10,14858162,182320
11,14423371,182320
2,-4,280,432,182320
1,15065053,182360
9,14339731,182360
10,14857890,182360
11,14423234,182360
2,-5,279,431,182360
1002,84,182360,1787825035037
1004,736,182360,1787825035073
101,84,84,0,182360,1787825035695
222,0,sqi=100
101,84,84,0,182360,1787825035770
222,0,sqi=100
1,15057640,182400
9,14333780,182400
10,14853810,182400
11,14418271,182400
2,-4,280,433,182400
1,15044789,182440
9,14325825,182440
10,14846942,182440
11,14411301,182440
2,-4,277,432,182440
1,15032345,182480
9,14317188,182480
10,14839802,182480
11,14404092,182480
2,-4,281,432,182480
1,15021192,182520
9,14309267,182520
10,14832492,182520
11,14396953,182520
2,-4,281,432,182520
1,15012659,182560
9,14301957,182560
10,14826236,182560
11,14391003,182560
2,-3,282,431,182560
1,15006368,182600
9,14296720,182600
10,14820865,182600
11,14385868,182600
2,-5,280,432,182600
1,15002900,182640
9,14292606,182640
10,14817022,182640
11,14382469,182640
2,-4,282,433,182640
1,15000147,182680
9,14290159,182680
10,14813826,182680
11,14379544,182680
2,-3,280,433,182680
1,14997359,182720
9,14286759,182720
10,14810665,182720
11,14376314,182720
2,-6,280,431,182720
1,14995523,182760
9,14284515,182760
10,14808012,182760
11,14373798,182760
2,-6,281,431,182760
1,14993040,182800
9,14282610,182800
10,14806041,182800
11,14371113,182800
2,-5,279,432,182800
1,14992089,182840
9,14281352,182840
10,14803864,182840
11,14369243,182840
2,-4,279,433,182840
1,14991476,182880
9,14279959,182880
10,14802845,182880
11,14368155,182880
2,-6,279,432,182880
1,14991408,182920
9,14279347,182920
10,14802063,182920
11,14366693,182920
2,-6,283,431,182920
1,14992667,182960
9,14280128,182960
10,14802029,182960
11,14365979,182960
2,-4,278,432,182960
1,14994740,183000
9,14280945,183000
10,14802029,183000
11,14365877,183000
2,-5,279,432,183000
1,14996100,183040
9,14280298,183040
10,14802845,183040
11,14364856,183040
2,-4,283,431,183040
1,14989029,183080
9,14274961,183080
10,14798118,183080
11,14359621,183080
2,-4,278,434,183080
1,14978251,183120
9,14266868,183120
10,14792304,183120
11,14350883,183120
2,-4,281,432,183120
1,14966623,183160
9,14258369,183160
10,14784655,183160
11,14343606,183160
2,-5,282,433,183160
1,14957748,183200
9,14251670,183200
10,14778399,183200
11,14336466,183200
2,-4,282,433,183200
1,14951356,183240
9,14245619,183240
10,14773469,183240
11,14330789,183240
2,-4,278,433,183240
1,14947718,183280
9,14241913,183280
10,14769287,183280
11,14326164,183280
2,-4,283,431,183280
1,14946732,183320
9,14239702,183320
10,14767145,183320
11,14323309,183320
2,-4,281,432,183320
1,14946426,183360
9,14238547,183360
10,14765002,183360
11,14320588,183360
2,-5,279,432,183360
1002,84,183360,1787825035849
1,14947345,183400
9,14237527,183400
10,14764050,183400
11,14318718,183400
2,-5,281,432,183400
1004,759,183400,1787825035849
1004,743,182840,1787825035850
1,14946665,183440
9,14237391,183440
10,14762826,183440
11,14316339,183440
2,-4,280,431,183440
1,14947175,183480
9,14237289,183480
10,14761773,183480
11,14314537,183480
2,-4,280,432,183480
1,14947481,183520
9,14237356,183520
10,14761195,183520
11,14312871,183520
2,-4,281,432,183520
1,14948670,183560
9,14237730,183560
10,14761569,183560
11,14311987,183560
2,-3,281,432,183560
1,14950438,183600
9,14239328,183600
10,14761603,183600
11,14311205,183600
2,-3,279,432,183600
1,14952036,183640
9,14240144,183640
10,14761943,183640
11,14310865,183640
2,-4,276,434,183640
1,14953431,183680
9,14240927,183680
10,14763167,183680
11,14311306,183680
2,-4,279,432,183680
1,14955641,183720
9,14241980,183720
10,14763948,183720
11,14311137,183720
2,-3,278,432,183720
1,14949215,183760
9,14236336,183760
10,14761263,183760
11,14305867,183760
2,-4,278,434,183760
1,14936397,183800
9,14226748,183800
10,14754598,183800
11,14296959,183800
2,-5,278,432,183800
1,14923510,183840
9,14217058,183840
10,14746540,183840
11,14286826,183840
2,-5,281,432,183840
1,14912291,183880
9,14207334,183880
10,14738686,183880
11,14277510,183880
2,-3,280,433,183880
1,14902941,183920
9,14198699,183920
10,14731818,183920
11,14269486,183920
2,-4,278,433,183920
1,14895970,183960
9,14192137,183960
10,14726107,183960
11,14262313,183960
2,-4,281,432,183960
1002,83,183960,1787825037054
1004,678,183960,1787825037055
101,84,83,0,183960,1787825037299
222,0,sqi=100
1,14892163,184000
9,14187750,184000
10,14721755,184000
11,14257042,184000
2,-4,279,433,184000
1,14889952,184040
9,14184486,184040
10,14718490,184040
11,14253268,184040
2,-3,282,432,184040
1,14887573,184080
9,14182004,184080
10,14715770,184080
11,14249529,184080
2,-5,279,432,184080
1,14886519,184120
9,14180202,184120
10,14713867,184120
11,14246026,184120
2,-4,281,431,184120
1,14885668,184160
9,14178876,184160
10,14712438,184160
11,14243136,184160
2,-4,280,432,184160
1,14885940,184200
9,14178196,184200
10,14711011,184200
11,14240960,184200
2,-4,278,432,184200
1,14887233,184240
9,14178366,184240
10,14711045,184240
11,14239702,184240
2,-5,281,432,184240
1,14888967,184280
9,14179319,184280
10,14710875,184280
11,14238411,184280
2,-4,280,433,184280
1,14891143,184320
9,14179998,184320
10,14711622,184320
11,14238342,184320
2,-5,280,433,184320
1,14893556,184360
9,14182140,184360
10,14712778,184360
11,14238308,184360
2,-6,279,432,184360
1,14896888,184400
9,14183977,184400
10,14714683,184400
11,14239125,184400
2,-6,281,432,184400
1,14896072,184440
9,14182004,184440
10,14713832,184440
11,14236404,184440
2,-4,280,432,184440
1,14885328,184480
9,14175204,184480
10,14708529,184480
11,14228415,184480
2,-4,279,432,184480
1,14871728,184520
9,14165752,184520
10,14701287,184520
11,14217534,184520
2,-5,280,432,184520
1,14858979,184560
9,14155892,184560
10,14692719,184560
11,14207436,184560
2,-6,280,433,184560
1,14849833,184600
9,14148209,184600
10,14686428,184600
11,14198767,184600
2,-5,281,431,184600
1,14843440,184640
9,14142973,184640
10,14680002,184640
11,14191185,184640
2,-5,280,433,184640
1,14839905,184680
9,14139164,184680
10,14676092,184680
11,14186016,184680
2,-5,279,432,184680
1,14838442,184720
9,14138076,184720
10,14673305,184720
11,14181801,184720
2,-5,281,433,184720
1,14837218,184760
9,14136954,184760
10,14670788,184760
11,14178570,184760
2,-4,278,432,184760
1,14836810,184800
9,14136138,184800
10,14669258,184800
11,14175749,184800
2,-4,279,432,184800
1,14837015,184840
9,14135832,184840
10,14668069,184840
11,14172654,184840
2,-5,281,433,184840
1,14837830,184880
9,14136138,184880
10,14667593,184880
11,14171056,184880
2,-5,281,431,184880
1,14839394,184920
9,14137056,184920
10,14667899,184920
11,14170342,184920
2,-4,278,433,184920
1,14842455,184960
9,14138689,184960
10,14668340,184960
11,14170070,184960
2,-4,280,433,184960
1,14844665,185000
9,14141137,185000
10,14670245,185000
11,14170411,185000
2,-4,280,432,185000
1,14849017,185040
9,14143721,185040
10,14671367,185040
11,14171362,185040
2,-3,278,432,185040
1,14852348,185080
9,14146951,185080
10,14673645,185080
11,14172281,185080
2,-4,281,432,185080
1,14856123,185120
9,14149093,185120
10,14675990,185120
11,14174253,185120
2,-5,281,432,185120
1,14853844,185160
9,14146849,185160
10,14675447,185160
11,14170819,185160
2,-5,279,432,185160
1,14843305,185200
9,14140184,185200
10,14670109,185200
11,14162454,185200
2,-3,281,432,185200
1,14832696,185240
9,14132466,185240
10,14664600,185240
11,14154023,185240
2,-3,280,432,185240
1,14824333,185280
9,14125530,185280
10,14658616,185280
11,14146169,185280
2,-3,280,431,185280
1,14818791,185320
9,14120839,185320
10,14653959,185320
11,14139437,185320
2,-4,282,432,185320
1,14814982,185360
9,14116997,185360
10,14650252,185360
11,14134030,185360
2,-4,280,432,185360
1,14813351,185400
9,14114855,185400
10,14647703,185400
11,14131243,185400
2,-3,282,431,185400
1,14813079,185440
9,14114311,185440
10,14646444,185440
11,14129067,185440
2,-5,280,432,185440
1,14814133,185480
9,14114345,185480
10,14645629,185480
11,14127401,185480
2,-4,281,432,185480
1,14814439,185520
9,14114685,185520
10,14645391,185520
11,14125666,185520
2,-4,281,432,185520
1,14815594,185560
9,14115229,185560
10,14645017,185560
11,14123831,185560
2,-4,281,432,185560
1002,84,185560,1787825037870
1004,696,185560,1787825037870
1004,695,185560,1787825037870
101,84,84,0,185560,1787825038893
222,0,sqi=100
101,84,84,0,185560,1787825038971
222,0,sqi=100
1,14815934,185600
9,14115501,185600
10,14644847,185600
11,14123117,185600
2,-3,279,431,185600
1,14816988,185640
9,14116826,185640
10,14644948,185640
11,14123049,185640
2,-5,280,433,185640
1,14818791,185680
9,14117915,185680
10,14645799,185680
11,14123151,185680
2,-4,279,432,185680
1,14820796,185720
9,14119818,185720
10,14646649,185720
11,14123389,185720
2,-4,276,434,185720
1,14823041,185760
9,14121179,185760
10,14647703,185760
11,14124137,185760
2,-5,282,433,185760
1,14825930,185800
9,14123321,185800
10,14649130,185800
11,14125258,185800
2,-5,278,435,185800
1,14825556,185840
9,14123797,185840
10,14649437,185840
11,14124375,185840
2,-4,280,431,185840
1,14817159,185880
9,14117813,185880
10,14645255,185880
11,14117506,185880
2,-4,279,434,185880
1,14806006,185920
9,14111556,185920
10,14639271,185920
11,14109176,185920
2,-6,280,432,185920
1,14797268,185960
9,14105403,185960
10,14633490,185960
11,14102206,185960
2,-4,280,433,185960
1,14791047,186000
9,14101051,186000
10,14628867,186000
11,14096495,186000
2,-3,277,432,186000
1,14787272,186040
9,14097684,186040
10,14625603,186040
11,14092007,186040
2,-4,276,432,186040
1,14785607,186080
9,14096291,186080
10,14624072,186080
11,14089762,186080
2,-6,278,434,186080
1,14785641,186120
9,14095474,186120
10,14622984,186120
11,14087383,186120
2,-4,277,433,186120
1,14785165,186160
9,14094931,186160
10,14622236,186160
11,14086158,186160
2,-5,281,431,186160
1,14785165,186200
9,14094522,186200
10,14621591,186200
11,14084934,186200
2,-3,276,430,186200
1,14785776,186240
9,14094794,186240
10,14621285,186240
11,14083506,186240
2,-3,277,433,186240
1,14786967,186280
9,14095100,186280
10,14621965,186280
11,14083166,186280
2,-5,278,431,186280
1,14788904,186320
9,14096359,186320
10,14623155,186320
11,14083710,186320
2,-4,281,432,186320
1,14791352,186360
9,14097515,186360
10,14624481,186360
11,14084391,186360
2,-5,279,432,186360
1,14794922,186400
9,14100234,186400
10,14626928,186400
11,14085309,186400
2,-5,281,433,186400
1,14799172,186440
9,14102887,186440
10,14629445,186440
11,14087688,186440
2,-4,280,434,186440
1,14802845,186480
9,14105232,186480
10,14632573,186480
11,14088675,186480
2,-4,281,433,186480
1,14797370,186520
9,14101595,186520
10,14630532,186520
11,14083779,186520
2,-3,278,433,186520
1,14787408,186560
9,14095406,186560
10,14625807,186560
11,14075279,186560
2,-6,281,433,186560
1,14778058,186600
9,14090068,186600
10,14621047,186600
11,14066813,186600
2,-6,278,433,186600
1,14771598,186640
9,14085105,186640
10,14616490,186640
11,14060421,186640
2,-3,279,432,186640
1,14767280,186680
9,14081908,186680
10,14613091,186680
11,14055252,186680
2,-5,283,432,186680
1,14766090,186720
9,14080889,186720
10,14611289,186720
11,14051512,186720
2,-3,279,432,186720
1,14767383,186760
9,14081568,186760
10,14611220,186760
11,14050186,186760
2,-6,279,432,186760
1,14770205,186800
9,14083234,186800
10,14611866,186800
11,14049915,186800
2,-5,281,432,186800
1,14773095,186840
9,14085240,186840
10,14612342,186840
11,14049575,186840
2,-4,280,433,186840
1,14775679,186880
9,14088062,186880
10,14614281,186880
11,14049881,186880
2,-4,278,430,186880
1,14779419,186920
9,14091395,186920
10,14615845,186920
11,14050186,186920
2,-5,282,433,186920
1,14783634,186960
9,14094931,186960
10,14618530,186960
11,14052159,186960
2,-4,278,431,186960
1,14789109,187000
9,14099079,187000
10,14621217,187000
11,14054504,187000
2,-4,279,431,187000
1,14794073,187040
9,14103158,187040
10,14624718,187040
11,14056850,187040
2,-4,279,433,187040
1,14800124,187080
9,14108293,187080
10,14628900,187080
11,14060251,187080
2,-4,280,433,187080
1,14805598,187120
9,14113290,187120
10,14632777,187120
11,14064160,187120
2,-6,280,432,187120
1,14808353,187160
9,14115670,187160
10,14635735,187160
11,14065317,187160
2,-6,278,433,187160
1002,84,186200,1787825039087
1004,708,186200,1787825039088
1002,85,187160,1787825039884
1004,687,187160,1787825039884
1004,658,187160,1787825039885
101,84,85,0,187160,1787825040495
222,0,sqi=100
1,14801927,187200
9,14112543,187200
10,14633899,187200
11,14059672,187200
2,-5,283,431,187200
1,14792169,187240
9,14107204,187240
10,14629547,187240
11,14052226,187240
2,-4,280,433,187240
1,14783261,187280
9,14102309,187280
10,14625262,187280
11,14044848,187280
2,-3,273,434,187280
1,14776664,187320
9,14098059,187320
10,14620911,187320
11,14038525,187320
2,-4,278,436,187320
1,14771190,187360
9,14095202,187360
10,14617748,187360
11,14033560,187360
2,-6,285,435,187360
1,14769116,187400
9,14093605,187400
10,14615097,187400
11,14030399,187400
2,-5,277,434,187400
1,14768844,187440
9,14093366,187440
10,14614178,187440
11,14028732,187440
2,-4,275,433,187440
1,14768334,187480
9,14093468,187480
10,14613329,187480
11,14027916,187480
2,-4,277,431,187480
1,14768912,187520
9,14094047,187520
10,14612920,187520
11,14026998,187520
2,-5,282,431,187520
1,14768878,187560
9,14094931,187560
10,14612444,187560
11,14025911,187560
2,-5,280,432,187560
1,14768878,187600
9,14095474,187600
10,14612172,187600
11,14026115,187600
2,-3,279,432,187600
1,14770000,187640
9,14096495,187640
10,14612547,187640
11,14026625,187640
2,-5,279,430,187640
1,14771564,187680
9,14097684,187680
10,14613396,187680
11,14027407,187680
2,-6,280,431,187680
1,14774013,187720
9,14099793,187720
10,14614621,187720
11,14028732,187720
2,-5,279,430,187720
1,14776800,187760
9,14101901,187760
10,14616320,187760
11,14030399,187760
2,-7,281,433,187760
1,14779248,187800
9,14103873,187800
10,14618225,187800
11,14032779,187800
2,-6,279,434,187800
1,14778297,187840
9,14103260,187840
10,14618190,187840
11,14031962,187840
2,-4,283,433,187840
1,14768708,187880
9,14097820,187880
10,14613906,187880
11,14024483,187880
2,-3,277,433,187880
1,14757149,187920
9,14091088,187920
10,14608024,187920
11,14016084,187920
2,-5,278,433,187920
1,14746982,187960
9,14084561,187960
10,14601599,187960
11,14007551,187960
2,-5,281,432,187960
1,14739571,188000
9,14079528,188000
10,14596464,188000
11,14000989,188000
2,-5,283,432,188000
1,14734947,188040
9,14074972,188040
10,14592011,188040
11,13995854,188040
2,-4,277,433,188040
1,14733144,188080
9,14073646,188080
10,14590209,188080
11,13992829,188080
2,-3,279,431,188080
1,14733689,188120
9,14073612,188120
10,14588781,188120
11,13991503,188120
2,-5,280,432,188120
1,14735355,188160
9,14073953,188160
10,14588713,188160
11,13990483,188160
2,-6,279,434,188160
1,14736647,188200
9,14075414,188200
10,14588815,188200
11,13989904,188200
2,-7,279,433,188200
1,14739128,188240
9,14077727,188240
10,14589699,188240
11,13990040,188240
2,-3,278,432,188240
1,14743072,188280
9,14080548,188280
10,14591058,188280
11,13991196,188280
2,-5,281,432,188280
1,14747459,188320
9,14084424,188320
10,14593676,188320
11,13993168,188320
2,-6,280,431,188320
1,14752899,188360
9,14088334,188360
10,14596396,188360
11,13995719,188360
2,-6,280,432,188360
1,14758305,188400
9,14093468,188400
10,14599695,188400
11,13998846,188400
2,-5,282,431,188400
1,14763847,188440
9,14097344,188440
10,14603638,188440
11,14002179,188440
2,-4,277,432,188440
1,14770034,188480
9,14101866,188480
10,14607378,188480
11,14005986,188480
2,-5,283,431,188480
1,14770749,188520
9,14102853,188520
10,14609044,188520
11,14006496,188520
2,-6,280,431,188520
1,14762759,188560
9,14099113,188560
10,14606563,188560
11,14001329,188560
2,-5,281,432,188560
1,14752218,188600
9,14093979,188600
10,14602347,188600
11,13994291,188600
2,-5,283,433,188600
1,14741916,188640
9,14088708,188640
10,14597349,188640
11,13986743,188640
2,-8,278,432,188640
1,14734504,188680
9,14083200,188680
10,14592793,188680
11,13980486,188680
2,-5,280,431,188680
1,14728282,188720
9,14079460,188720
10,14589597,188720
11,13975693,188720
2,-5,280,432,188720
1,14725664,188760
9,14077896,188760
10,14586876,188760
11,13972293,188760
2,-5,280,430,188760
1002,85,188280,1787825040705
1004,673,188280,1787825040705
1002,86,188760,1787825041914
1004,673,188760,1787825041914
1004,684,188760,1787825041914
101,85,86,0,188760,1787825042089
222,0,sqi=100
101,85,86,0,188760,1787825042156
222,0,sqi=100
1,14725732,188800
9,14076944,188800
10,14586026,188800
11,13971205,188800
2,-4,279,432,188800
1,14726311,188840
9,14077421,188840
10,14586264,188840
11,13971171,188840
2,-4,280,431,188840
1,14727908,188880
9,14078135,188880
10,14586502,188880
11,13970831,188880
2,-5,282,432,188880
1,14729642,188920
9,14079018,188920
10,14587760,188920
11,13970932,188920
2,-5,280,431,188920
1,14731955,188960
9,14080684,188960
10,14588304,188960
11,13971884,188960
2,-5,281,432,188960
1,14735796,189000
9,14083133,189000
10,14590277,189000
11,13973891,189000
2,-5,280,432,189000
1,14739231,189040
9,14085716,189040
10,14593269,189040
11,13975795,189040
2,-5,280,432,189040
1,14744263,189080
9,14089185,189080
10,14595648,189080
11,13978344,189080
2,-6,281,432,189080
1,14749839,189120
9,14093332,189120
10,14598980,189120
11,13981541,189120
2,-4,281,432,189120
1,14755754,189160
9,14097481,189160
10,14602244,189160
11,13985451,189160
2,-4,279,432,189160
1,14759732,189200
9,14101051,189200
10,14605577,189200
11,13988545,189200
2,-4,281,430,189200
1,14756945,189240
9,14099894,189240
10,14604557,189240
11,13985927,189240
2,-4,281,432,189240
1,14746676,189280
9,14095100,189280
10,14600477,189280
11,13979093,189280
2,-4,281,432,189280
1,14736204,189320
9,14090068,189320
10,14596056,189320
11,13972395,189320
2,-4,281,431,189320
1,14726446,189360
9,14084833,189360
10,14590990,189360
11,13965084,189360
2,-5,281,432,189360
1,14718797,189400
9,14079835,189400
10,14586707,189400
11,13959917,189400
2,-5,284,432,189400
1,14714241,189440
9,14076774,189440
10,14582830,189440
11,13956109,189440
2,-5,277,433,189440
1,14711690,189480
9,14075075,189480
10,14580246,189480
11,13954170,189480
2,-4,280,431,189480
1,14710942,189520
9,14073987,189520
10,14579056,189520
11,13952708,189520
2,-5,281,432,189520
1,14709956,189560
9,14072694,189560
10,14577527,189560
11,13950974,189560
2,-5,280,432,189560
1,14709888,189600
9,14072762,189600
10,14576983,189600
11,13950022,189600
2,-5,280,433,189600
1,14711215,189640
9,14073749,189640
10,14576847,189640
11,13949750,189640
2,-6,280,433,189640
1,14713798,189680
9,14075550,189680
10,14578003,189680
11,13950090,189680
2,-4,279,431,189680
1,14717096,189720
9,14077727,189720
10,14579600,189720
11,13952198,189720
2,-6,280,432,189720
1,14722537,189760
9,14081296,189760
10,14582049,189760
11,13954476,189760
2,-6,281,432,189760
1,14728792,189800
9,14085513,189800
10,14584836,189800
11,13958387,189800
2,-4,279,432,189800
1,14734233,189840
9,14089116,189840
10,14588576,189840
11,13961990,189840
2,-7,281,433,189840
1,14738857,189880
9,14091871,189880
10,14591806,189880
11,13964337,189880
2,-5,281,431,189880
1,14736035,189920
9,14090850,189920
10,14591568,189920
11,13961787,189920
2,-4,279,432,189920
1,14727704,189960
9,14087246,189960
10,14588848,189960
11,13956041,189960
2,-4,279,434,189960
1,14720598,190000
9,14083642,190000
10,14586435,190000
11,13950566,190000
2,-5,279,432,190000
1,14715669,190040
9,14080412,190040
10,14583375,190040
11,13946351,190040
2,-5,281,433,190040
1,14712472,190080
9,14078441,190080
10,14581437,190080
11,13943665,190080
2,-5,280,431,190080
1,14711622,190120
9,14078101,190120
10,14580246,190120
11,13942169,190120
2,-5,280,431,190120
1,14713459,190160
9,14078815,190160
10,14580858,190160
11,13942101,190160
2,-5,279,434,190160
1,14716212,190200
9,14080208,190200
10,14581810,190200
11,13942985,190200
2,-4,283,431,190200
1,14718864,190240
9,14081772,190240
10,14582796,190240
11,13944175,190240
2,-6,280,434,190240
1,14722435,190280
9,14083983,190280
10,14584666,190280
11,13945025,190280
2,-4,282,432,190280
1,14726004,190320
9,14086566,190320
10,14586502,190320
11,13947541,190320
2,-5,280,433,190320
1,14730016,190360
9,14089116,190360
10,14588713,190360
11,13949819,190360
2,-5,280,433,190360
1002,86,190360,1787825042727
1004,697,190360,1787825042727
101,86,86,0,190360,1787825043669
222,0,sqi=100
101,86,86,0,190360,1787825043769
222,0,sqi=100
1,14734131,190400
9,14092177,190400
10,14591602,190400
11,13952980,190400
2,-5,281,432,190400
1,14738925,190440
9,14096461,190440
10,14594866,190440
11,13956381,190440
2,-5,280,432,190440
1,14744637,190480
9,14100439,190480
10,14598437,190480
11,13960461,190480
2,-5,281,432,190480
1,14749975,190520
9,14104247,190520
10,14602074,190520
11,13964473,190520
2,-6,278,432,190520
1,14755483,190560
9,14108837,190560
10,14606256,190560
11,13968756,190560
2,-5,279,432,190560
1,14758100,190600
9,14110333,190600
10,14608909,190600
11,13970729,190600
2,-5,279,432,190600
1,14752354,190640
9,14107646,190640
10,14607855,190640
11,13967635,190640
2,-3,281,434,190640
1,14744297,190680
9,14103873,190680
10,14605712,190680
11,13962602,190680
2,-5,281,431,190680
1,14736069,190720
9,14100201,190720
10,14602448,190720
11,13957571,190720
2,-7,279,432,190720
1,14730730,190760
9,14096937,190760
10,14600749,190760
11,13954103,190760
2,-4,281,433,190760
1,14727602,190800
9,14094931,190800
10,14598641,190800
11,13951382,190800
2,-5,278,433,190800
1,14726991,190840
9,14094012,190840
10,14598573,190840
11,13950532,190840
2,-5,279,431,190840
1,14728045,190880
9,14094114,190880
10,14598879,190880
11,13950464,190880
2,-5,279,432,190880
1,14730288,190920
9,14095067,190920
10,14599932,190920
11,13951280,190920
2,-4,280,432,190920
1,14733111,190960
9,14096562,190960
10,14601565,190960
11,13952335,190960
2,-6,281,431,190960
1,14735321,191000
9,14098160,191000
10,14602959,191000
11,13953763,191000
2,-6,278,433,191000
1,14738618,191040
9,14100540,191040
10,14604489,191040
11,13956006,191040
2,-3,279,431,191040
1,14742664,191080
9,14103090,191080
10,14607378,191080
11,13958760,191080
2,-4,282,432,191080
1,14746779,191120
9,14105912,191120
10,14609861,191120
11,13961651,191120
2,-5,280,432,191120
1,14751879,191160
9,14109551,191160
10,14612819,191160
11,13964439,191160
2,-4,281,432,191160
1,14756605,191200
9,14113222,191200
10,14616287,191200
11,13968484,191200
2,-5,279,432,191200
1,14762486,191240
9,14116997,191240
10,14619686,191240
11,13972565,191240
2,-5,279,432,191240
1,14767655,191280
9,14121280,191280
10,14623902,191280
11,13977053,191280
2,-5,282,431,191280
1,14770918,191320
9,14123252,191320
10,14626555,191320
11,13980147,191320
2,-5,279,433,191320
1,14767247,191360
9,14121757,191360
10,14626282,191360
11,13977733,191360
2,-4,280,432,191360
1,14760107,191400
9,14118901,191400
10,14624650,191400
11,13973788,191400
2,-5,276,431,191400
1,14753715,191440
9,14115296,191440
10,14623018,191440
11,13970355,191440
2,-5,278,433,191440
1,14749294,191480
9,14113120,191480
10,14621522,191480
11,13967839,191480
2,-5,277,430,191480
1,14747799,191520
9,14111114,191520
10,14620809,191520
11,13966105,191520
2,-5,272,432,191520
1,14747187,191560
9,14110604,191560
10,14620775,191560
11,13966105,191560
2,-3,282,432,191560
1,14749737,191600
9,14111794,191600
10,14621625,191600
11,13966614,191600
2,-6,279,431,191600
1,14752287,191640
9,14112950,191640
10,14622679,191640
11,13967771,191640
2,-4,280,433,191640
1,14754734,191680
9,14114038,191680
10,14623835,191680
11,13968688,191680
2,-3,281,432,191680
1,14757726,191720
9,14116045,191720
10,14625365,191720
11,13970592,191720
2,-5,278,432,191720
1,14761195,191760
9,14118119,191760
10,14627439,191760
11,13972836,191760
2,-6,278,433,191760
1,14765547,191800
9,14121043,191800
10,14629581,191800
11,13975693,191800
2,-4,282,431,191800
1,14769898,191840
9,14123729,191840
10,14632130,191840
11,13978651,191840
2,-5,281,433,191840
1,14775033,191880
9,14127230,191880
10,14635327,191880
11,13981915,191880
2,-5,278,432,191880
1,14780268,191920
9,14130834,191920
10,14638523,191920
11,13985417,191920
2,-4,281,431,191920
1,14785879,191960
9,14134609,191960
10,14642263,191960
11,13989701,191960
2,-4,279,433,191960
1002,87,191240,1787825043935
1004,671,191240,1787825043935
1002,87,191960,1787825044746
1004,712,191960,1787825044746
1004,723,191960,1787825044777
101,86,87,0,191960,1787825045340
222,0,sqi=100
1,14791352,192000
9,14138960,192000
10,14645424,192000
11,13993815,192000
2,-3,280,433,192000
1,14796146,192040
9,14142360,192040
10,14648178,192040
11,13997452,192040
2,-3,280,433,192040
1,14794515,192080
9,14141613,192080
10,14648927,192080
11,13996365,192080
2,-4,280,433,192080
1,14788225,192120
9,14139912,192120
10,14647975,192120
11,13993543,192120
2,-4,280,432,192120
1,14783193,192160
9,14138110,192160
10,14646649,192160
11,13991332,192160
2,-4,279,432,192160
1,14779384,192200
9,14136377,192200
10,14646071,192200
11,13989429,192200
2,-3,280,431,192200
1,14778365,192240
9,14135595,192240
10,14645663,192240
11,13988851,192240
2,-4,278,431,192240
1,14779215,192280
9,14135866,192280
10,14645935,192280
11,13989055,192280
2,-5,280,433,192280
1,14782105,192320
9,14137703,192320
10,14647261,192320
11,13990415,192320
2,-5,280,432,192320
1,14784825,192360
9,14139810,192360
10,14648451,192360
11,13991979,192360
2,-6,281,433,192360
1,14787340,192400
9,14141306,192400
10,14649845,192400
11,13993883,192400
2,-5,279,433,192400
1,14791387,192440
9,14143721,192440
10,14651885,192440
11,13995821,192440
2,-4,280,432,192440
1,14795296,192480
9,14146849,192480
10,14654265,192480
11,13998439,192480
2,-5,281,432,192480
1,14799240,192520
9,14149909,192520
10,14656577,192520
11,14001771,192520
2,-4,279,431,192520
1,14804069,192560
9,14153037,192560
10,14659365,192560
11,14005307,192560
2,-5,280,432,192560
1,14809169,192600
9,14156811,192600
10,14662187,192600
11,14008741,192600
2,-4,278,431,192600
1,14813963,192640
9,14160006,192640
10,14665111,192640
11,14012413,192640
2,-4,281,431,192640
1,14818994,192680
9,14163645,192680
10,14667966,192680
11,14016289,192680
2,-4,279,431,192680
1,14823721,192720
9,14167214,192720
10,14671129,192720
11,14020505,192720
2,-5,279,433,192720
1,14829432,192760
9,14170921,192760
10,14673746,192760
11,14024108,192760
2,-4,278,433,192760
1,14830894,192800
9,14172281,192800
10,14674971,192800
11,14025366,192800
2,-4,280,432,192800
1,14827324,192840
9,14171430,192840
10,14674188,192840
11,14023837,192840
2,-4,280,433,192840
1,14823856,192880
9,14171056,192880
10,14674087,192880
11,14021932,192880
2,-4,279,433,192880
1,14820627,192920
9,14170716,192920
10,14673882,192920
11,14021593,192920
2,-4,280,433,192920
1,14820831,192960
9,14171703,192960
10,14674188,192960
11,14022205,192960
2,-4,280,433,192960
1,14822769,193000
9,14173199,193000
10,14675413,193000
11,14023088,193000
2,-4,280,431,193000
1,14825217,193040
9,14175613,193040
10,14677146,193040
11,14025061,193040
2,-3,280,431,193040
1,14828991,193080
9,14178163,193080
10,14679016,193080
11,14027814,193080
2,-4,279,432,193080
1,14833478,193120
9,14181460,193120
10,14681771,193120
11,14030126,193120
2,-4,280,433,193120
1,14838850,193160
9,14185404,193160
10,14684763,193160
11,14033153,193160
2,-5,281,432,193160
1,14844563,193200
9,14190029,193200
10,14688367,193200
11,14037029,193200
2,-3,281,431,193200
1,14851600,193240
9,14195196,193240
10,14691835,193240
11,14041585,193240
2,-3,280,432,193240
1,14858027,193280
9,14200942,193280
10,14696765,193280
11,14046140,193280
2,-4,280,432,193280
1,14864793,193320
9,14206518,193320
10,14701219,193320
11,14051207,193320
2,-4,279,432,193320
1,14871388,193360
9,14212299,193360
10,14705775,193360
11,14056613,193360
2,-4,281,432,193360
1,14878426,193400
9,14217330,193400
10,14710432,193400
11,14062052,193400
2,-4,281,432,193400
1,14884071,193440
9,14222363,193440
10,14714818,193440
11,14066371,193440
2,-3,279,432,193440
1,14883663,193480
9,14222328,193480
10,14716723,193480
11,14067152,193480
2,-5,280,431,193480
1,14879413,193520
9,14222124,193520
10,14716995,193520
11,14066132,193520
2,-6,280,433,193520
1,14875502,193560
9,14221376,193560
10,14717096,193560
11,14065146,193560
2,-4,280,431,193560
1002,86,193560,1787825045958
1004,729,193560,1787825045958
101,86,86,0,193560,1787825046884
222,0,sqi=100
101,86,86,0,193560,1787825046950
222,0,sqi=100
1,14872884,193600
9,14220764,193600
10,14717675,193600
11,14065317,193600
2,-3,279,433,193600
1,14872612,193640
9,14221036,193640
10,14718184,193640
11,14065894,193640
2,-5,281,431,193640
1,14874075,193680
9,14221717,193680
10,14719443,193680
11,14066778,193680
2,-4,281,431,193680
1,14876455,193720
9,14223009,193720
10,14721074,193720
11,14069057,193720
2,-4,281,431,193720
1,14878903,193760
9,14223994,193760
10,14722672,193760
11,14070519,193760
2,-4,282,432,193760
1,14881350,193800
9,14225864,193800
10,14724577,193800
11,14072253,193800
2,-4,278,432,193800
1,14884275,193840
9,14227327,193840
10,14726378,193840
11,14074700,193840
2,-4,280,432,193840
1,14888456,193880
9,14229877,193880
10,14729031,193880
11,14077012,193880
2,-4,280,431,193880
1,14892163,193920
9,14232427,193920
10,14731614,193920
11,14080004,193920
2,-3,280,431,193920
1,14895461,193960
9,14234773,193960
10,14734539,193960
11,14083302,193960
2,-4,282,431,193960
1,14900629,194000
9,14238070,194000
10,14737633,194000
11,14086532,194000
2,-8,278,432,194000
1,14904946,194040
9,14240791,194040
10,14740420,194040
11,14089796,194040
2,-4,281,430,194040
1,14909605,194080
9,14244055,194080
10,14743515,194080
11,14093537,194080
2,-4,279,432,194080
1,14913141,194120
9,14246366,194120
10,14745690,194120
11,14095713,194120
2,-5,278,433,194120
1,14909808,194160
9,14244394,194160
10,14745555,194160
11,14094148,194160
2,-3,280,432,194160
1,14903008,194200
9,14241980,194200
10,14744602,194200
11,14091633,194200
2,-3,280,433,194200
1,14896786,194240
9,14239295,194240
10,14743480,194240
11,14089389,194240
2,-4,279,432,194240
1,14892196,194280
9,14236676,194280
10,14742188,194280
11,14087620,194280
2,-5,279,433,194280
1,14889613,194320
9,14235589,194320
10,14741407,194320
11,14086702,194320
2,-4,279,434,194320
1,14889034,194360
9,14235147,194360
10,14740829,194360
11,14086770,194360
2,-4,281,431,194360
1,14889647,194400
9,14235215,194400
10,14741271,194400
11,14087552,194400
2,-4,279,431,194400
1,14891415,194440
9,14235759,194440
10,14741746,194440
11,14088096,194440
2,-4,280,432,194440
1,14892604,194480
9,14236269,194480
10,14742630,194480
11,14088267,194480
2,-5,281,431,194480
1,14894135,194520
9,14237934,194520
10,14743446,194520
11,14089694,194520
2,-4,278,432,194520
1,14896412,194560
9,14239159,194560
10,14744806,194560
11,14090578,194560
2,-4,277,433,194560
1,14898317,194600
9,14241164,194600
10,14745351,194600
11,14092313,194600
2,-4,281,432,194600
1,14901852,194640
9,14243613,194640
10,14747016,194640
11,14094727,194640
2,-3,280,431,194640
1,14904708,194680
9,14245551,194680
10,14748887,194680
11,14096937,194680
2,-4,281,432,194680
1,14908278,194720
9,14247863,194720
10,14750655,194720
11,14099827,194720
2,-4,281,432,194720
1,14912222,194760
9,14250174,194760
10,14753069,194760
11,14102989,194760
2,-5,278,432,194760
1,14913753,194800
9,14251024,194800
10,14754870,194800
11,14104348,194800
2,-6,280,433,194800
1,14908789,194840
9,14248236,194840
10,14753986,194840
11,14102921,194840
2,-4,280,434,194840
1,14900255,194880
9,14244190,194880
10,14751471,194880
11,14099385,194880
2,-5,279,433,194880
1,14892842,194920
9,14240519,194920
10,14749668,194920
11,14096393,194920
2,-5,279,432,194920
1,14886723,194960
9,14236812,194960
10,14748139,194960
11,14094590,194960
2,-5,277,433,194960
1,14882880,195000
9,14233820,195000
10,14746303,195000
11,14092652,195000
2,-4,280,432,195000
1,14881725,195040
9,14231814,195040
10,14745316,195040
11,14092074,195040
2,-7,280,433,195040
1,14882065,195080
9,14231100,195080
10,14744976,195080
11,14092584,195080
2,-4,278,433,195080
1,14883424,195120
9,14231067,195120
10,14745792,195120
11,14092890,195120
2,-6,277,432,195120
1,14885090,195160
9,14231543,195160
10,14745963,195160
11,14093570,195160
2,-4,279,432,195160
1002,85,195160,1787825047577
1004,727,195160,1787825047577
1004,665,195160,1787825047578
1002,86,195160,1787825047986
1004,680,195160,1787825048024
101,86,86,0,195160,1787825048492
222,0,sqi=100
1,14887130,195200
9,14232528,195200
10,14747050,195200
11,14094658,195200
2,-3,280,433,195200
1,14890089,195240
9,14235079,195240
10,14748615,195240
11,14096427,195240
2,-2,280,434,195240
1,14893251,195280
9,14237492,195280
10,14750756,195280
11,14098977,195280
2,-5,279,433,195280
1,14897059,195320
9,14240586,195320
10,14752524,195320
11,14101731,195320
2,-5,280,433,195320
1,14902227,195360
9,14244190,195360
10,14755347,195360
11,14105131,195360
2,-7,279,433,195360
1,14907429,195400
9,14248271,195400
10,14758203,195400
11,14108701,195400
2,-5,279,433,195400
1,14913345,195440
9,14252214,195440
10,14761977,195440
11,14112883,195440
2,-4,281,433,195440
1,14916541,195480
9,14255377,195480
10,14764662,195480
11,14115466,195480
2,-5,278,434,195480
1,14913209,195520
9,14254560,195520
10,14764901,195520
11,14114685,195520
2,-4,277,433,195520
1,14908006,195560
9,14253541,195560
10,14764391,195560
11,14113460,195560
2,-6,282,431,195560
1,14902498,195600
9,14251909,195600
10,14763472,195600
11,14112849,195600
2,-3,278,433,195600
1,14898929,195640
9,14250107,195640
10,14763098,195640
11,14112916,195640
2,-5,277,434,195640
1,14896991,195680
9,14248950,195680
10,14762317,195680
11,14112372,195680
2,-3,280,433,195680
1,14897841,195720
9,14249189,195720
10,14762452,195720
11,14113664,195720
2,-5,280,434,195720
1,14898690,195760
9,14249902,195760
10,14763472,195760
11,14115432,195760
2,-4,280,433,195760
1,14900424,195800
9,14250719,195800
10,14763881,195800
11,14116589,195800
2,-5,279,433,195800
1,14901784,195840
9,14251909,195840
10,14764560,195840
11,14118119,195840
2,-4,279,430,195840
1,14902872,195880
9,14253099,195880
10,14765886,195880
11,14119649,195880
2,-4,279,432,195880
1,14905185,195920
9,14254662,195920
10,14767450,195920
11,14122267,195920
2,-5,280,431,195920
1,14907870,195960
9,14256533,195960
10,14769048,195960
11,14124443,195960
2,-4,280,431,195960
1,14910352,196000
9,14258844,196000
10,14770511,196000
11,14127061,196000
2,-3,280,431,196000
1,14913583,196040
9,14260987,196040
10,14772516,196040
11,14129848,196040
2,-5,280,434,196040
1,14916643,196080
9,14263435,196080
10,14774726,196080
11,14133589,196080
2,-5,281,433,196080
1,14918002,196120
9,14264522,196120
10,14775951,196120
11,14134915,196120
2,-2,279,431,196120
1,14912120,196160
9,14261938,196160
10,14775168,196160
11,14133317,196160
2,-3,279,432,196160
1,14904369,196200
9,14259082,196200
10,14773299,196200
11,14131481,196200
2,-5,277,433,196200
1,14897942,196240
9,14255513,196240
10,14771735,196240
11,14129679,196240
2,-3,280,433,196240
1,14893930,196280
9,14253200,196280
10,14770205,196280
11,14129372,196280
2,-5,280,431,196280
1,14892775,196320
9,14252249,196320
10,14769797,196320
11,14129101,196320
2,-4,281,432,196320
1,14894237,196360
9,14253473,196360
10,14770341,196360
11,14130699,196360
2,-4,278,434,196360
1,14897127,196400
9,14254968,196400
10,14771701,196400
11,14132432,196400
2,-6,278,433,196400
1,14900357,196440
9,14257416,196440
10,14773197,196440
11,14134337,196440
2,-4,279,433,196440
1,14902702,196480
9,14259422,196480
10,14774760,196480
11,14136343,196480
2,-4,280,433,196480
1,14905048,196520
9,14262585,196520
10,14777141,196520
11,14139198,196520
2,-3,279,431,196520
1,14909333,196560
9,14266359,196560
10,14779690,196560
11,14142326,196560
2,-4,278,433,196560
1,14913583,196600
9,14269996,196600
10,14782275,196600
11,14145556,196600
2,-5,278,433,196600
1,14918037,196640
9,14273703,196640
10,14785811,196640
11,14149263,196640
2,-4,278,434,196640
1,14922694,196680
9,14277986,196680
10,14789380,196680
11,14153206,196680
2,-3,279,433,196680
1,14928067,196720
9,14282338,196720
10,14793189,196720
11,14157253,196720
2,-5,280,431,196720
1,14930175,196760
9,14284344,196760
10,14795398,196760
11,14159327,196760
2,-3,274,435,196760
1002,86,196720,1787825048799
1004,679,196720,1787825048799
1004,670,196720,1787825048799
1002,87,196760,1787825050016
1004,635,196760,1787825050016
101,86,87,0,196760,1787825050069
222,0,sqi=100
101,87,87,0,196760,1787825050157
222,0,sqi=100
1,14924871,196800
9,14282814,196800
10,14795603,196800
11,14158272,196800
2,-4,276,430,196800
1,14916983,196840
9,14280536,196840
10,14794412,196840
11,14156539,196840
2,-4,277,433,196840
1,14910148,196880
9,14277851,196880
10,14793290,196880
11,14155145,196880
2,-5,279,433,196880
1,14905150,196920
9,14274757,196920
10,14792781,196920
11,14154125,196920
2,-3,280,432,196920
1,14903111,196960
9,14273328,196960
10,14792475,196960
11,14154090,196960
2,-4,279,432,196960
1,14902770,197000
9,14273022,197000
10,14792304,197000
11,14154737,197000
2,-5,278,434,197000
1,14904878,197040
9,14273396,197040
10,14793698,197040
11,14155859,197040
2,-5,280,432,197040
1,14907089,197080
9,14274791,197080
10,14795603,197080
11,14157524,197080
2,-4,279,434,197080
1,14908449,197120
9,14275675,197120
10,14796690,197120
11,14159156,197120
2,-5,278,431,197120
1,14909944,197160
9,14276525,197160
10,14798527,197160
11,14161163,197160
2,-4,280,434,197160
1,14913106,197200
9,14278836,197200
10,14800941,197200
11,14163747,197200
2,-4,285,431,197200
1,14916574,197240
9,14281080,197240
10,14803762,197240
11,14166127,197240
2,-4,276,432,197240
1,14920756,197280
9,14283902,197280
10,14806245,197280
11,14168710,197280
2,-5,280,433,197280
1,14926401,197320
9,14287302,197320
10,14809032,197320
11,14171669,197320
2,-5,280,434,197320
1,14930991,197360
9,14291009,197360
10,14812433,197360
11,14175171,197360
2,-5,278,432,197360
1,14931330,197400
9,14292062,197400
10,14813351,197400
11,14176361,197400
2,-5,279,433,197400
1,14923681,197440
9,14288357,197440
10,14811583,197440
11,14174015,197440
2,-4,280,433,197440
1,14913549,197480
9,14283359,197480
10,14809474,197480
11,14170852,197480
2,-4,279,431,197480
1,14904708,197520
9,14278088,197520
10,14806958,197520
11,14168472,197520
2,-6,281,433,197520
1,14898623,197560
9,14273941,197560
10,14804273,197560
11,14165991,197560
2,-5,276,434,197560
1,14895358,197600
9,14270812,197600
10,14802810,197600
11,14164393,197600
2,-3,281,433,197600
1,14895154,197640
9,14270200,197640
10,14802368,197640
11,14164359,197640
2,-7,278,433,197640
1,14896956,197680
9,14270778,197680
10,14802504,197680
11,14165276,197680
2,-5,279,433,197680
1,14899404,197720
9,14271594,197720
10,14803456,197720
11,14166671,197720
2,-5,279,434,197720
1,14901478,197760
9,14272818,197760
10,14804986,197760
11,14167691,197760
2,-3,278,433,197760
1,14903655,197800
9,14274383,197800
10,14806312,197800
11,14169663,197800
2,-7,280,433,197800
1,14906714,197840
9,14276456,197840
10,14808591,197840
11,14171600,197840
2,-5,279,433,197840
1,14910251,197880
9,14279006,197880
10,14810495,197880
11,14174150,197880
2,-5,280,432,197880
1,14914228,197920
9,14281998,197920
10,14812977,197920
11,14176564,197920
2,-5,279,432,197920
1,14918819,197960
9,14285229,197960
10,14815425,197960
11,14179182,197960
2,-5,280,431,197960
1,14922831,198000
9,14288322,198000
10,14818416,198000
11,14182277,198000
2,-7,279,433,198000
1,14924327,198040
9,14289207,198040
10,14819912,198040
11,14183262,198040
2,-5,278,432,198040
1,14918411,198080
9,14286215,198080
10,14818348,198080
11,14181936,198080
2,-5,280,433,198080
1,14910862,198120
9,14282576,198120
10,14817261,198120
11,14179080,198120
2,-5,277,433,198120
1,14904437,198160
9,14278938,198160
10,14815254,198160
11,14176939,198160
2,-5,281,432,198160
1,14901003,198200
9,14276286,198200
10,14813963,198200
11,14175578,198200
2,-5,279,432,198200
1,14899098,198240
9,14274587,198240
10,14812977,198240
11,14174558,198240
2,-5,279,434,198240
1,14899744,198280
9,14273975,198280
10,14812841,198280
11,14174660,198280
2,-5,279,432,198280
1,14901886,198320
9,14275029,198320
10,14813861,198320
11,14175850,198320
2,-5,276,434,198320
1,14904130,198360
9,14276796,198360
10,14814813,198360
11,14177483,198360
2,-5,279,434,198360
1002,88,198360,1787825050835
1004,648,198360,1787825050836
1004,639,198360,1787825050837
101,88,88,0,198360,1787825051700
222,0,sqi=100
101,89,88,0,198360,1787825051761
222,0,sqi=100
1,14906816,198400
9,14278259,198400
10,14816547,198400
11,14178707,198400
2,-6,279,432,198400
1,14909061,198440
9,14279924,198440
10,14817940,198440
11,14180610,198440
2,-5,279,432,198440
1,14911679,198480
9,14282066,198480
10,14819572,198480
11,14182548,198480
2,-6,278,432,198480
1,14915861,198520
9,14284820,198520
10,14822190,198520
11,14185235,198520
2,-5,279,433,198520
1,14920655,198560
9,14287030,198560
10,14824639,198560
11,14188158,198560
2,-5,278,434,198560
1,14925551,198600
9,14291076,198600
10,14827461,198600
11,14191423,198600
2,-6,278,432,198600
1,14930344,198640
9,14294238,198640
10,14830792,198640
11,14194074,198640
2,-5,279,434,198640
1,14935274,198680
9,14297843,198680
10,14834090,198680
11,14197236,198680
2,-5,280,433,198680
1,14936226,198720
9,14298420,198720
10,14835825,198720
11,14198325,198720
2,-5,278,435,198720
1,14930549,198760
9,14296108,198760
10,14834566,198760
11,14195775,198760
2,-5,276,434,198760
1,14924224,198800
9,14292947,198800
10,14833342,198800
11,14193973,198800
2,-5,281,433,198800
1,14918376,198840
9,14289750,198840
10,14831813,198840
11,14191967,198840
2,-5,276,434,198840
1,14915589,198880
9,14287881,198880
10,14830419,198880
11,14190437,198880
2,-5,274,435,198880
1,14915010,198920
9,14287405,198920
10,14830486,198920
11,14190437,198920
2,-5,276,434,198920
1,14917629,198960
9,14288322,198960
10,14830997,198960
11,14191695,198960
2,-7,276,438,198960
1,14921539,199000
9,14291281,199000
10,14832833,199000
11,14193768,199000
2,-6,275,435,199000
1,14927148,199040
9,14295055,199040
10,14835688,199040
11,14196523,199040
2,-5,274,435,199040
1,14932758,199080
9,14299475,199080
10,14838544,199080
11,14199412,199080
2,-6,276,433,199080
1,14938845,199120
9,14303826,199120
10,14842046,199120
11,14203016,199120
2,-4,279,435,199120
1,14944828,199160
9,14308926,199160
10,14846195,199160
11,14206553,199160
2,-5,273,435,199160
1,14950779,199200
9,14313279,199200
10,14849492,199200
11,14210156,199200
2,-4,278,434,199200
1,14956320,199240
9,14318277,199240
10,14853199,199240
11,14213964,199240
2,-4,278,432,199240
1,14961658,199280
9,14322085,199280
10,14856973,199280
11,14217840,199280
2,-3,276,432,199280
1,14967677,199320
9,14326097,199320
10,14860849,199320
11,14221920,199320
2,-5,278,434,199320
1,14973287,199360
9,14330822,199360
10,14864589,199360
11,14226272,199360
2,-5,278,432,199360
1,14976075,199400
9,14332420,199400
10,14867818,199400
11,14228279,199400
2,-6,279,432,199400
1,14972233,199440
9,14330210,199440
10,14867751,199440
11,14227530,199440
2,-7,280,433,199440
1,14965500,199480
9,14327083,199480
10,14866833,199480
11,14226171,199480
2,-6,276,437,199480
1,14959652,199520
9,14323411,199520
10,14865677,199520
11,14224607,199520
2,-4,276,435,199520
1,14955335,199560
9,14320113,199560
10,14864248,199560
11,14222975,199560
2,-4,276,434,199560
1,14953124,199600
9,14316576,199600
10,14863262,199600
11,14222431,199600
2,-5,277,433,199600
1,14953261,199640
9,14315591,199640
10,14862752,199640
11,14222328,199640
2,-9,278,434,199640
1,14954553,199680
9,14314809,199680
10,14863093,199680
11,14222431,199680
2,-2,276,431,199680
1,14956049,199720
9,14314740,199720
10,14864113,199720
11,14222771,199720
2,-9,275,434,199720
1,14958394,199760
9,14315964,199760
10,14864317,199760
11,14223994,199760
2,-5,276,434,199760
1,14960945,199800
9,14316712,199800
10,14865711,199800
11,14224913,199800
2,-6,277,432,199800
1,14964583,199840
9,14318718,199840
10,14867512,199840
11,14226646,199840
2,-5,278,432,199840
1,14968935,199880
9,14320690,199880
10,14869893,199880
11,14229129,199880
2,-5,277,431,199880
1,14973253,199920
9,14323615,199920
10,14872205,199920
11,14231475,199920
2,-5,279,431,199920
1,14977809,199960
9,14326198,199960
10,14874585,199960
11,14234466,199960
2,-4,277,432,199960
1002,89,199720,1787825052041
1004,646,199720,1787825052041
1002,90,199960,1787825052868
1004,671,199960,1787825052869
1004,689,199960,1787825052869
101,89,90,0,199960,1787825053384
1,14981616,200000
222,0,sqi=100
9,14328680,200000
10,14877883,200000
11,14238002,200000
2,-5,277,433,200000
1,14985595,200040
9,14331265,200040
10,14880670,200040
11,14240893,200040
2,-5,276,436,200040
1,14990355,200080
9,14333916,200080
10,14883391,200080
11,14243918,200080
2,-5,277,432,200080
1,14990762,200120
9,14332965,200120
10,14884546,200120
11,14244190,200120
2,-6,274,435,200120
1,14986274,200160
9,14330381,200160
10,14884343,200160
11,14243035,200160
2,-5,276,435,200160
1,14981548,200200
9,14327320,200200
10,14883221,200200
11,14241198,200200
2,-6,274,434,200200
1,14979135,200240
9,14324396,200240
10,14882914,200240
11,14240144,200240
2,-5,275,434,200240
1,14978692,200280
9,14322356,200280
10,14882303,200280
11,14239838,200280
2,-5,277,434,200280
1,14981889,200320
9,14322731,200320
10,14883357,200320
11,14240451,200320
2,-5,276,434,200320
1,14985492,200360
9,14324158,200360
10,14884785,200360
11,14241776,200360
2,-6,274,434,200360
1,14991204,200400
9,14327796,200400
10,14887267,200400
11,14244531,200400
2,-4,279,432,200400
1,14996984,200440
9,14331570,200440
10,14889749,200440
11,14246978,200440
2,-5,278,434,200440
1,15001881,200480
9,14335753,200480
10,14892366,200480
11,14249801,200480
2,-6,277,432,200480
1,15007184,200520
9,14340308,200520
10,14895358,200520
11,14253099,200520
2,-5,278,433,200520
1,15011605,200560
9,14344151,200560
10,14898589,200560
11,14256396,200560
2,-8,285,431,200560
1,15016161,200600
9,14347993,200600
10,14900968,200600
11,14259354,200600
2,-7,283,436,200600
1,15020342,200640
9,14351528,200640
10,14903553,200640
11,14262313,200640
2,-8,283,432,200640
1,15025612,200680
9,14355303,200680
10,14906850,200680
11,14265372,200680
2,-5,276,432,200680
1,15029353,200720
9,14358192,200720
10,14908992,200720
11,14268807,200720
2,-6,275,435,200720
1,15033738,200760
9,14361660,200760
10,14911780,200760
11,14272104,200760
2,-5,275,434,200760
1,15035643,200800
9,14363157,200800
10,14913617,200800
11,14273328,200800
2,-6,281,435,200800
1,15032413,200840
9,14361286,200840
10,14913515,200840
11,14272784,200840
2,-5,274,435,200840
1,15028400,200880
9,14359008,200880
10,14913004,200880
11,14272274,200880
2,-5,275,435,200880
1,15024422,200920
9,14357342,200920
10,14912665,200920
11,14271935,200920
2,-5,277,434,200920
1,15022518,200960
9,14356119,200960
10,14912257,200960
11,14272648,200960
2,-5,279,433,200960
1,15024864,201000
9,14356119,201000
10,14913922,201000
11,14274077,201000
2,-7,275,432,201000
1,15028400,201040
9,14358023,201040
10,14915623,201040
11,14275981,201040
2,-4,278,434,201040
1,15032005,201080
9,14360029,201080
10,14917153,201080
11,14278292,201080
2,-5,277,434,201080
1,15036662,201120
9,14363054,201120
10,14919499,201120
11,14280877,201120
2,-5,279,435,201120
1,15041083,201160
9,14365672,201160
10,14922048,201160
11,14283495,201160
2,-5,278,432,201160
1,15045774,201200
9,14369174,201200
10,14924463,201200
11,14286215,201200
2,-6,279,433,201200
1,15051112,201240
9,14373152,201240
10,14927216,201240
11,14289173,201240
2,-1,284,435,201240
1,15056518,201280
9,14376960,201280
10,14930276,201280
11,14292845,201280
2,-7,278,433,201280
1,15063183,201320
9,14381075,201320
10,14933949,201320
11,14297264,201320
2,-6,274,435,201320
1,15070220,201360
9,14386140,201360
10,14938028,201360
11,14301684,201360
2,-4,277,434,201360
1,15077598,201400
9,14391818,201400
10,14942415,201400
11,14306104,201400
2,-4,277,432,201400
1,15085044,201440
9,14397259,201440
10,14946631,201440
11,14311850,201440
2,-4,279,433,201440
1,15090144,201480
9,14400556,201480
10,14949894,201480
11,14314605,201480
2,-4,277,433,201480
1,15089601,201520
9,14401678,201520
10,14951458,201520
11,14315659,201520
2,-5,276,431,201520
1,15086880,201560
9,14402494,201560
10,14952342,201560
11,14315999,201560
2,-5,276,434,201560
1002,90,201560,1787825054071
1004,700,201560,1787825054072
101,89,89,0,201560,1787825054879
222,0,sqi=100
1002,89,201560,1787825054909
1004,688,201560,1787825054909
1004,678,201560,1787825054909
101,89,89,0,201560,1787825054951
222,0,sqi=100
1,15085895,201600
9,14402358,201600
10,14953634,201600
11,14317563,201600
2,-6,279,435,201600
1,15087322,201640
9,14403140,201640
10,14955539,201640
11,14319432,201640
2,-4,276,434,201640
1,15089329,201680
9,14404399,201680
10,14956695,201680
11,14321608,201680
2,-5,278,432,201680
1,15093409,201720
9,14406812,201720
10,14959040,201720
11,14324124,201720
2,-5,280,434,201720
1,15098304,201760
9,14409396,201760
10,14961488,201760
11,14326845,201760
2,-4,276,435,201760
1,15102419,201800
9,14412524,201800
10,14964140,201800
11,14330312,201800
2,-5,277,434,201800
1,15107723,201840
9,14415449,201840
10,14966453,201840
11,14333576,201840
2,-3,279,434,201840
1,15111701,201880
9,14419154,201880
10,14969241,201880
11,14336637,201880
2,-5,277,434,201880
1,15117889,201920
9,14423404,201920
10,14972437,201920
11,14340479,201920
2,-4,278,434,201920
1,15123702,201960
9,14427281,201960
10,14975565,201960
11,14344219,201960
2,-4,277,434,201960
1,15129346,202000
9,14430578,202000
10,14978964,202000
11,14348502,202000
2,-3,277,435,202000
1,15135364,202040
9,14435135,202040
10,14983317,202040
11,14352957,202040
2,-3,277,433,202040
1,15141451,202080
9,14438875,202080
10,14987091,202080
11,14358057,202080
2,-5,280,432,202080
1,15149101,202120
9,14443227,202120
10,14991408,202120
11,14362681,202120
2,-3,279,433,202120
1,15152195,202160
9,14445232,202160
10,14994163,202160
11,14365740,202160
2,-3,279,433,202160
1,15150562,202200
9,14444383,202200
10,14995047,202200
11,14365808,202200
2,-3,279,432,202200
1,15147129,202240
9,14444144,202240
10,14995795,202240
11,14366251,202240
2,-3,279,432,202240
1,15144714,202280
9,14442818,202280
10,14995998,202280
11,14366964,202280
2,-2,279,433,202280
1,15144443,202320
9,14441867,202320
10,14997018,202320
11,14367407,202320
2,-4,280,432,202320
1,15145258,202360
9,14440880,202360
10,14997596,202360
11,14368597,202360
2,-2,279,433,202360
1,15147979,202400
9,14441696,202400
10,14998820,202400
11,14370262,202400
2,-4,281,431,202400
1,15151344,202440
9,14442716,202440
10,15000963,202440
11,14372915,202440
2,-4,281,432,202440
1,15155391,202480
9,14444246,202480
10,15002866,202480
11,14375260,202480
2,-4,282,431,202480
1,15159131,202520
9,14446151,202520
10,15005314,202520
11,14377844,202520
2,-2,283,432,202520
1,15163551,202560
9,14448055,202560
10,15007796,202560
11,14380666,202560
2,-4,280,431,202560
1,15166848,202600
9,14450128,202600
10,15010007,202600
11,14382911,202600
2,-3,282,429,202600
1,15170112,202640
9,14452100,202640
10,15012387,202640
11,14385325,202640
2,-4,281,431,202640
1,15174838,202680
9,14453835,202680
10,15014664,202680
11,14388249,202680
2,-5,279,432,202680
1,15179939,202720
9,14456554,202720
10,15016908,202720
11,14391071,202720
2,-4,281,430,202720
1,15185923,202760
9,14459512,202760
10,15019629,202760
11,14394232,202760
2,-3,281,434,202760
1,15191057,202800
9,14462028,202800
10,15023198,202800
11,14397190,202800
2,-6,282,430,202800
1,15193879,202840
9,14463151,202840
10,15024728,202840
11,14398789,202840
2,-5,281,432,202840
1,15191328,202880
9,14461586,202880
10,15025035,202880
11,14397871,202880
2,-5,280,434,202880
1,15187180,202920
9,14460396,202920
10,15025001,202920
11,14397701,202920
2,-5,281,431,202920
1,15184120,202960
9,14458560,202960
10,15024932,202960
11,14398041,202960
2,-5,281,431,202960
1,15183168,203000
9,14457370,203000
10,15025239,203000
11,14398891,203000
2,-4,277,432,203000
1,15184393,203040
9,14457915,203040
10,15026429,203040
11,14400217,203040
2,-2,280,433,203040
1,15187793,203080
9,14459241,203080
10,15027686,203080
11,14402222,203080
2,-6,283,434,203080
1,15191566,203120
9,14460192,203120
10,15029625,203120
11,14404331,203120
2,-2,282,430,203120
1,15194966,203160
9,14462165,203160
10,15031937,203160
11,14406540,203160
2,-5,282,432,203160
1002,89,203160,1787825055693
1004,679,203160,1787825055693
101,89,89,0,203160,1787825056469
222,0,sqi=100
1,15198944,203200
9,14464103,203200
10,15034112,203200
11,14409090,203200
2,-2,281,432,203200
1,15202617,203240
9,14466346,203240
10,15036493,203240
11,14411742,203240
2,-3,278,429,203240
1,15206391,203280
9,14468794,203280
10,15039077,203280
11,14414530,203280
2,-3,283,433,203280
1,15211389,203320
9,14471617,203320
10,15041729,203320
11,14417829,203320
2,-3,279,432,203320
1,15216557,203360
9,14474540,203360
10,15045197,203360
11,14421059,203360
2,-3,280,430,203360
1,15221690,203400
9,14478247,203400
10,15048291,203400
11,14424459,203400
2,-6,286,432,203400
1,15227232,203440
9,14481748,203440
10,15051724,203440
11,14427790,203440
2,-4,283,431,203440
1,15232774,203480
9,14485523,203480
10,15055260,203480
11,14432142,203480
2,-3,281,433,203480
1,15236447,203520
9,14488107,203520
10,15057947,203520
11,14433740,203520
2,-4,282,430,203520
1,15233794,203560
9,14486848,203560
10,15057947,203560
11,14433536,203560
2,-4,283,431,203560
1,15229408,203600
9,14485760,203600
10,15057912,203600
11,14432959,203600
2,-4,283,431,203600
1,15225090,203640
9,14485148,203640
10,15058252,203640
11,14432789,203640
2,-4,281,433,203640
1,15223969,203680
9,14484842,203680
10,15058389,203680
11,14433979,203680
2,-2,279,430,203680
1,15224139,203720
9,14485692,203720
10,15059340,203720
11,14435339,203720
2,-4,282,431,203720
1,15226927,203760
9,14487733,203760
10,15060768,203760
11,14437141,203760
2,-5,281,433,203760
1,15230565,203800
9,14490623,203800
10,15062740,203800
11,14440030,203800
2,-4,282,432,203800
1,15234849,203840
9,14494090,203840
10,15065154,203840
11,14442818,203840
2,-4,280,434,203840
1,15238180,203880
9,14497184,203880
10,15067127,203880
11,14445402,203880
2,-3,280,430,203880
1,15242227,203920
9,14500891,203920
10,15070085,203920
11,14449278,203920
2,-4,281,431,203920
1,15245865,203960
9,14504869,203960
10,15072430,203960
11,14452338,203960
2,-4,281,430,203960
1,15250115,204000
9,14508337,204000
10,15074844,204000
11,14455772,204000
2,-6,282,432,204000
1,15254296,204040
9,14512586,204040
10,15077938,204040
11,14459037,204040
2,-4,282,433,204040
1,15258241,204080
9,14516089,204080
10,15080795,204080
11,14463151,204080
2,-3,281,432,204080
1,15262355,204120
9,14519454,204120
10,15083446,204120
11,14466517,204120
2,-2,280,431,204120
1,15266570,204160
9,14523058,204160
10,15085929,204160
11,14469849,204160
2,-3,278,431,204160
1,15266570,204200
9,14523908,204200
10,15087016,204200
11,14471480,204200
2,-3,280,429,204200
1,15260892,204240
9,14521052,204240
10,15086337,204240
11,14470358,204240
2,-2,280,430,204240
1,15252494,204280
9,14518163,204280
10,15084909,204280
11,14468897,204280
2,-4,284,431,204280
1,15245389,204320
9,14515204,204320
10,15083174,204320
11,14467877,204320
2,-4,284,430,204320
1,15239711,204360
9,14512450,204360
10,15082393,204360
11,14467537,204360
2,-4,280,431,204360
1,15237229,204400
9,14511260,204400
10,15081644,204400
11,14467978,204400
2,-5,286,432,204400
1,15237671,204440
9,14511703,204440
10,15082427,204440
11,14469339,204440
2,-3,282,433,204440
1,15238997,204480
9,14511839,204480
10,15082936,204480
11,14470223,204480
2,-4,282,432,204480
1,15239778,204520
9,14512756,204520
10,15083651,204520
11,14472025,204520
2,-5,280,431,204520
1,15240764,204560
9,14514219,204560
10,15084909,204560
11,14473078,204560
2,-3,282,430,204560
1,15242362,204600
9,14515273,204600
10,15085963,204600
11,14475186,204600
2,-4,283,431,204600
1,15243791,204640
9,14516871,204640
10,15087765,204640
11,14477057,204640
2,-5,279,432,204640
1,15246340,204680
9,14518877,204680
10,15089362,204680
11,14479402,204680
2,-3,279,432,204680
1,15249332,204720
9,14520984,204720
10,15092456,204720
11,14482292,204720
2,-3,281,431,204720
1,15252902,204760
9,14523841,204760
10,15094395,204760
11,14485046,204760
2,-4,278,431,204760
1002,89,204760,1787825056895
1004,681,204760,1787825056895
1004,683,204760,1787825056895
1002,88,204760,1787825057714
1004,676,204760,1787825057715
101,88,88,0,204760,1787825058090
222,0,sqi=100
101,88,88,0,204760,1787825058161
222,0,sqi=100
1,15257017,204800
9,14526765,204800
10,15097115,204800
11,14488651,204800
2,-4,283,431,204800
1,15261504,204840
9,14529791,204840
10,15099970,204840
11,14491507,204840
2,-2,274,434,204840
1,15257527,204880
9,14527751,204880
10,15099665,204880
11,14490691,204880
2,-4,284,430,204880
1,15248449,204920
9,14524112,204920
10,15098543,204920
11,14488276,204920
2,-5,276,431,204920
1,15237943,204960
9,14520270,204960
10,15096911,204960
11,14486135,204960
2,-5,283,433,204960
1,15229239,205000
9,14516802,205000
10,15094701,205000
11,14484536,205000
2,-3,281,434,205000
1,15224139,205040
9,14513641,205040
10,15093953,205040
11,14483653,205040
2,-5,283,432,205040
1,15221418,205080
9,14512280,205080
10,15093612,205080
11,14483959,205080
2,-4,285,432,205080
1,15219922,205120
9,14510955,205120
10,15093544,205120
11,14484536,205120
2,-3,278,430,205120
1,15220262,205160
9,14511158,205160
10,15093918,205160
11,14484945,205160
2,-3,279,432,205160
1,15219787,205200
9,14510649,205200
10,15094904,205200
11,14485964,205200
2,-3,280,432,205200
1,15219446,205240
9,14510751,205240
10,15094769,205240
11,14486815,205240
2,-6,284,430,205240
1,15220092,205280
9,14510921,205280
10,15095856,205280
11,14487868,205280
2,-2,280,429,205280
1,15220909,205320
9,14511804,205320
10,15096843,205320
11,14488888,205320
2,-2,283,432,205320
1,15223322,205360
9,14513063,205360
10,15098135,205360
11,14490895,205360
2,-4,282,432,205360
1,15225226,205400
9,14515034,205400
10,15100141,205400
11,14492595,205400
2,-4,279,430,205400
1,15228253,205440
9,14516667,205440
10,15101399,205440
11,14494838,205440
2,-4,282,430,205440
1,15230701,205480
9,14518570,205480
10,15103642,205480
11,14496878,205480
2,-4,282,432,205480
1,15227266,205520
9,14516055,205520
10,15103064,205520
11,14496131,205520
2,-3,280,433,205520
1,15215095,205560
9,14510649,205560
10,15100039,205560
11,14491745,205560
2,-5,284,431,205560
1,15201256,205600
9,14503304,205600
10,15096231,205600
11,14487766,205600
2,-3,279,431,205600
1,15189288,205640
9,14496607,205640
10,15092661,205640
11,14483959,205640
2,-4,280,431,205640
1,15180517,205680
9,14490283,205680
10,15089056,205680
11,14480559,205680
2,-5,282,432,205680
1,15173920,205720
9,14485421,205720
10,15086234,205720
11,14478247,205720
2,-6,280,431,205720
1,15170963,205760
9,14481884,205760
10,15084330,205760
11,14476853,205760
2,-5,282,431,205760
1,15168583,205800
9,14479776,205800
10,15082528,205800
11,14475832,205800
2,-5,280,432,205800
1,15167052,205840
9,14478111,205840
10,15080998,205840
11,14474710,205840
2,-5,281,431,205840
1,15163551,205880
9,14475594,205880
10,15079332,205880
11,14473078,205880
2,-5,280,433,205880
1,15159743,205920
9,14473588,205920
10,15077361,205920
11,14471446,205920
2,-6,280,432,205920
1,15156105,205960
9,14470971,205960
10,15075831,205960
11,14470733,205960
2,-5,280,431,205960
1,15152806,206000
9,14468794,206000
10,15073961,206000
11,14469168,206000
2,-5,280,431,206000
1,15150121,206040
9,14466891,206040
10,15072907,206040
11,14468828,206040
2,-5,280,432,206040
1,15149032,206080
9,14465599,206080
10,15071717,206080
11,14467638,206080
2,-6,282,432,206080
1,15145599,206120
9,14463456,206120
10,15070424,206120
11,14467128,206120
2,-5,280,434,206120
1,15135569,206160
9,14456317,206160
10,15066583,206160
11,14461825,206160
2,-4,281,432,206160
1,15118874,206200
9,14445369,206200
10,15060360,206200
11,14455262,206200
2,-5,277,433,206200
1,15102215,206240
9,14434251,206240
10,15053799,206240
11,14449210,206240
2,-4,280,433,206240
1,15089260,206280
9,14424391,206280
10,15048324,206280
11,14443838,206280
2,-4,281,431,206280
1,15079809,206320
9,14416435,206320
10,15043293,206320
11,14438534,206320
2,-6,279,432,206320
1,15073485,206360
9,14409770,206360
10,15039145,206360
11,14435611,206360
2,-5,282,432,206360
1002,89,206360,1787825058933
1004,663,206360,1787825058933
1004,649,206360,1787825058933
101,89,89,0,206360,1787825059681
222,0,sqi=100
1002,89,206440,1787825059764
1004,629,206440,1787825059764
101,89,89,0,206360,1787825059764
222,0,sqi=100
1,15071309,206400
9,14405622,206400
10,15036866,206400
11,14433332,206400
2,-4,278,432,206400
1,15069744,206440
9,14402427,206440
10,15034827,206440
11,14431667,206440
2,-6,278,431,206440
1,15068078,206480
9,14399707,206480
10,15033126,206480
11,14430102,206480
2,-5,280,431,206480
1,15068078,206520
9,14398381,206520
10,15032140,206520
11,14428912,206520
2,-5,279,432,206520
1,15067161,206560
9,14397531,206560
10,15030815,206560
11,14427450,206560
2,-4,279,432,206560
1,15066039,206600
9,14396782,206600
10,15029965,206600
11,14426838,206600
2,-5,281,433,206600
1,15067773,206640
9,14396953,206640
10,15030169,206640
11,14427077,206640
2,-5,279,430,206640
1,15070526,206680
9,14398789,206680
10,15031018,206680
11,14428097,206680
2,-6,281,431,206680
1,15072702,206720
9,14400795,206720
10,15031562,206720
11,14429015,206720
2,-4,278,433,206720
1,15072907,206760
9,14400591,206760
10,15031529,206760
11,14428777,206760
2,-4,283,432,206760
1,15063488,206800
9,14394471,206800
10,15028775,206800
11,14424255,206800
2,-5,278,432,206800
1,15050501,206840
9,14386311,206840
10,15024048,206840
11,14419086,206840
2,-4,282,432,206840
1,15038669,206880
9,14377402,206880
10,15018745,206880
11,14413749,206880
2,-6,281,431,206880
1,15029420,206920
9,14369990,206920
10,15014631,206920
11,14410008,206920
2,-5,280,432,206920
1,15022893,206960
9,14363054,206960
10,15011060,206960
11,14406574,206960
2,-4,280,431,206960
1,15019051,207000
9,14359110,207000
10,15008783,207000
11,14404365,207000
2,-4,280,431,207000
1,15017622,207040
9,14355711,207040
10,15007049,207040
11,14403344,207040
2,-4,279,434,207040
1,15017282,207080
9,14353467,207080
10,15005654,207080
11,14402324,207080
2,-5,281,432,207080
1,15016194,207120
9,14351257,207120
10,15005008,207120
11,14401202,207120
2,-5,279,433,207120
1,15016535,207160
9,14348741,207160
10,15004227,207160
11,14401101,207160
2,-4,280,432,207160
1,15018269,207200
9,14348061,207200
10,15004566,207200
11,14401168,207200
2,-6,280,432,207200
1,15020852,207240
9,14348264,207240
10,15005382,207240
11,14402121,207240
2,-4,279,432,207240
1,15024116,207280
9,14349217,207280
10,15005892,207280
11,14403174,207280
2,-3,281,433,207280
1,15028468,207320
9,14350611,207320
10,15007831,207320
11,14404534,207320
2,-3,279,433,207320
1,15032786,207360
9,14352922,207360
10,15009122,207360
11,14405928,207360
2,-5,282,431,207360
1,15033467,207400
9,14352379,207400
10,15008918,207400
11,14405214,207400
2,-4,280,432,207400
1,15023844,207440
9,14345102,207440
10,15004906,207440
11,14399842,207440
2,-4,279,431,207440
1,15010992,207480
9,14336602,207480
10,14999262,207480
11,14393485,207480
2,-5,280,431,207480
1,14998515,207520
9,14327695,207520
10,14993313,207520
11,14388146,207520
2,-4,282,432,207520
1,14988620,207560
9,14319535,207560
10,14988144,207560
11,14383488,207560
2,-5,281,431,207560
1,14982399,207600
9,14314231,207600
10,14982773,207600
11,14380122,207600
2,-4,279,433,207600
1,14978692,207640
9,14311272,207640
10,14979542,207640
11,14376757,207640
2,-4,282,433,207640
1,14978182,207680
9,14310627,207680
10,14976619,207680
11,14374105,207680
2,-5,279,431,207680
1,14977639,207720
9,14310797,207720
10,14973490,207720
11,14371997,207720
2,-4,282,432,207720
1,14976891,207760
9,14311409,207760
10,14970702,207760
11,14369140,207760
2,-5,280,432,207760
1,14976278,207800
9,14312055,207800
10,14968356,207800
11,14365910,207800
2,-5,281,432,207800
1,14975020,207840
9,14312021,207840
10,14965671,207840
11,14363293,207840
2,-4,280,431,207840
1,14973694,207880
9,14311680,207880
10,14963495,207880
11,14360097,207880
2,-5,282,432,207880
1,14971587,207920
9,14311137,207920
10,14961488,207920
11,14358125,207920
2,-5,278,435,207920
1,14969649,207960
9,14311443,207960
10,14959721,207960
11,14356254,207960
2,-5,280,433,207960
1002,91,207960,1787825060951
1004,630,207960,1787825060951
1004,632,207960,1787825060952
101,90,91,0,207960,1787825061319
222,0,sqi=100
1,14969139,208000
9,14310695,208000
10,14958360,208000
11,14354895,208000
2,-8,278,431,208000
1,14962100,208040
9,14306002,208040
10,14953940,208040
11,14350985,208040
2,-5,279,432,208040
1,14948739,208080
9,14295904,208080
10,14946970,208080
11,14343981,208080
2,-3,280,435,208080
1,14941054,208120
9,14286181,208120
10,14941225,208120
11,14338201,208120
2,-4,277,433,208120
1,14939320,208160
9,14277919,208160
10,14938538,208160
11,14336194,208160
2,-6,277,434,208160
1,14939456,208200
9,14273770,208200
10,14938199,208200
11,14335684,208200
2,-5,278,434,208200
1,14941530,208240
9,14271425,208240
10,14938675,208240
11,14336093,208240
2,-5,276,434,208240
1,14943910,208280
9,14269996,208280
10,14939592,208280
11,14337453,208280
2,-3,278,432,208280
1,14945577,208320
9,14268466,208320
10,14940646,208320
11,14339424,208320
2,-3,279,432,208320
1,14948025,208360
9,14267888,208360
10,14942721,208360
11,14342349,208360
2,-6,277,433,208360
1,14952921,208400
9,14268874,208400
10,14945134,208400
11,14346021,208400
2,-4,281,433,208400
1,14959924,208440
9,14271901,208440
10,14948705,208440
11,14349862,208440
2,-2,281,431,208440
1,14968016,208480
9,14274926,208480
10,14952614,208480
11,14354350,208480
2,-5,280,432,208480
1,14974205,208520
9,14279381,208520
10,14955708,208520
11,14358533,208520
2,-3,279,432,208520
1,14979576,208560
9,14283155,208560
10,14959788,208560
11,14361797,208560
2,-4,281,430,208560
1,14984200,208600
9,14286520,208600
10,14962611,208600
11,14365265,208600
2,-4,279,434,208600
1,14985968,208640
9,14288221,208640
10,14965568,208640
11,14368529,208640
2,-7,274,436,208640
1,14982909,208680
9,14284990,208680
10,14965568,208680
11,14368359,208680
2,-4,282,432,208680
1,14974273,208720
9,14278871,208720
10,14964039,208720
11,14366285,208720
2,-4,277,433,208720
1,14961522,208760
9,14270200,208760
10,14959415,208760
11,14361525,208760
2,-5,278,435,208760
1,14953465,208800
9,14261904,208800
10,14954790,208800
11,14357989,208800
2,-3,275,436,208800
1,14947787,208840
9,14255921,208840
10,14950473,208840
11,14354487,208840
2,-6,279,434,208840
1,14944489,208880
9,14251943,208880
10,14947991,208880
11,14352345,208880
2,-5,283,433,208880
1,14945543,208920
9,14250617,208920
10,14945780,208920
11,14352310,208920
2,-5,278,433,208920
1,14946461,208960
9,14249597,208960
10,14944828,208960
11,14351223,208960
2,-3,279,431,208960
1,14949283,209000
9,14248576,209000
10,14944318,209000
11,14351835,209000
2,-7,284,434,209000
1,14954212,209040
9,14248304,209040
10,14944931,209040
11,14353296,209040
2,-6,282,430,209040
1,14961488,209080
9,14248950,209080
10,14946869,209080
11,14356153,209080
2,-7,277,432,209080
1,14967370,209120
9,14251092,209120
10,14948772,209120
11,14358431,209120
2,-6,280,430,209120
1,14973014,209160
9,14253779,209160
10,14950642,209160
11,14360878,209160
2,-5,283,435,209160
1,14979339,209200
9,14255649,209200
10,14952649,209200
11,14362953,209200
2,-2,278,433,209200
1,14985458,209240
9,14258811,209240
10,14954586,209240
11,14365469,209240
2,-4,280,432,209240
1,14991919,209280
9,14261735,209280
10,14956491,209280
11,14368291,209280
2,-4,278,431,209280
1,14995387,209320
9,14262789,209320
10,14958088,209320
11,14369140,209320
2,-2,281,432,209320
1,14990626,209360
9,14258573,209360
10,14955539,209360
11,14365536,209360
2,-3,278,433,209360
1,14982636,209400
9,14252418,209400
10,14951798,209400
11,14361117,209400
2,-4,279,432,209400
1,14974953,209440
9,14245143,209440
10,14947345,209440
11,14357581,209440
2,-3,279,436,209440
1,14970193,209480
9,14239295,209480
10,14943604,209480
11,14353569,209480
2,-5,281,434,209480
1,14966759,209520
9,14234908,209520
10,14939933,209520
11,14351392,209520
2,-4,280,435,209520
1,14967201,209560
9,14232665,209560
10,14938028,209560
11,14350407,209560
2,-6,278,434,209560
1002,91,209560,1787825061757
1004,629,209560,1787825061757
101,91,91,0,209560,1787825062912
222,0,sqi=100
101,91,91,0,209560,1787825062948
222,0,sqi=100
1,14970125,209600
9,14232562,209600
10,14936873,209600
11,14350203,209600
2,-4,278,436,209600
1,14973355,209640
9,14234228,209640
10,14936329,209640
11,14350134,209640
2,0,267,436,209640
1,14976686,209680
9,14236439,209680
10,14936056,209680
11,14350917,209680
2,-15,280,431,209680
1,14981379,209720
9,14238547,209720
10,14936329,209720
11,14352038,209720
2,-5,271,436,209720
1,14986546,209760
9,14242252,209760
10,14937757,209760
11,14353263,209760
2,-5,266,439,209760
1,14991816,209800
9,14245890,209800
10,14938980,209800
11,14356459,209800
2,-4,268,438,209800
1,14998549,209840
9,14249801,209840
10,14941088,209840
11,14358703,209840
2,-2,250,448,209840
1,15006403,209880
9,14254629,209880
10,14944590,209880
11,14362443,209880
2,-6,241,452,209880
1,15014121,209920
9,14258708,209920
10,14947787,209920
11,14366183,209920
2,-4,253,447,209920
1002,92,209920,1787825063000
1004,644,209920,1787825063000
1004,649,209800,1787825063000
1,15021260,209960
9,14261496,209960
10,14950948,209960
11,14369651,209960
2,-9,238,448,209960
1,15021090,210000
9,14258742,210000
10,14950915,210000
11,14368359,210000
2,-1,251,452,210000
1,15016772,210040
9,14254901,210040
10,14949317,210040
11,14366319,210040
2,-2,249,451,210040
1,15011672,210080
9,14250515,210080
10,14947209,210080
11,14363632,210080
2,0,252,447,210080
1,15007796,210120
9,14246400,210120
10,14944590,210120
11,14361966,210120
2,-4,256,445,210120
1,15005688,210160
9,14242728,210160
10,14942755,210160
11,14359859,210160
2,-1,262,445,210160
1,15007049,210200
9,14240382,210200
10,14941565,210200
11,14359791,210200
2,-5,256,445,210200
1,15011333,210240
9,14239464,210240
10,14941837,210240
11,14359757,210240
2,-3,262,442,210240
1,15016398,210280
9,14238784,210280
10,14942448,210280
11,14359791,210280
2,-6,264,445,210280
1,15021430,210320
9,14238036,210320
10,14943400,210320
11,14359961,210320
2,-7,262,446,210320
1,15025681,210360
9,14238036,210360
10,14944692,210360
11,14360810,210360
2,-6,252,445,210360
1,15028706,210400
9,14238342,210400
10,14946699,210400
11,14361729,210400
2,-6,261,447,210400
1,15033296,210440
9,14237968,210440
10,14948025,210440
11,14362545,210440
2,-3,257,445,210440
1,15039553,210480
9,14239159,210480
10,14950642,210480
11,14364108,210480
2,-4,259,444,210480
1,15048188,210520
9,14240927,210520
10,14953396,210520
11,14365638,210520
2,-5,253,441,210520
1,15057573,210560
9,14242831,210560
10,14956729,210560
11,14367610,210560
2,-7,259,441,210560
1,15066174,210600
9,14244973,210600
10,14960265,210600
11,14369684,210600
2,-5,258,446,210600
1,15074062,210640
9,14243714,210640
10,14962679,210640
11,14369651,210640
2,-9,255,445,210640
1,15072668,210680
9,14238580,210680
10,14962100,210680
11,14366761,210680
2,-8,257,447,210680
1,15069098,210720
9,14232665,210720
10,14959891,210720
11,14362069,210720
2,-3,255,443,210720
1,15065154,210760
9,14227293,210760
10,14957918,210760
11,14359008,210760
2,-6,258,445,210760
1,15062740,210800
9,14222737,210800
10,14956151,210800
11,14356765,210800
2,-6,261,446,210800
1,15063761,210840
9,14220832,210840
10,14955471,210840
11,14356221,210840
2,-3,262,443,210840
1,15067195,210880
9,14219948,210880
10,14955607,210880
11,14355779,210880
2,-6,257,443,210880
1,15072023,210920
9,14221104,210920
10,14956695,210920
11,14356561,210920
2,-5,256,441,210920
1,15076306,210960
9,14221308,210960
10,14957885,210960
11,14356832,210960
2,-6,268,439,210960
1,15082019,211000
9,14222226,211000
10,14959517,211000
11,14357207,211000
2,-6,266,442,211000
1,15086371,211040
9,14222873,211040
10,14960775,211040
11,14358057,211040
2,-4,260,448,211040
1,15091845,211080
9,14224607,211080
10,14962611,211080
11,14359518,211080
2,-7,269,439,211080
1,15097217,211120
9,14226239,211120
10,14964752,211120
11,14360538,211120
2,-7,278,439,211120
1,15104084,211160
9,14228720,211160
10,14967370,211160
11,14362476,211160
2,-3,267,438,211160
1002,92,211160,1787825063788
1004,647,211160,1787825063789
101,92,92,0,211160,1787825064506
222,0,sqi=100
1,15111055,211200
9,14231203,211200
10,14969445,211200
11,14364755,211200
2,-7,268,437,211200
1,15119282,211240
9,14235317,211240
10,14972368,211240
11,14367304,211240
2,-4,265,440,211240
1,15127680,211280
9,14238716,211280
10,14975871,211280
11,14370229,211280
2,-8,273,438,211280
1,15134243,211320
9,14241164,211320
10,14978829,211320
11,14372031,211320
2,-7,272,433,211320
1,15133154,211360
9,14238614,211360
10,14977843,211360
11,14369957,211360
2,-5,267,441,211360
1,15127137,211400
9,14234704,211400
10,14975395,211400
11,14366964,211400
2,-5,271,439,211400
1,15124144,211440
9,14231304,211440
10,14973865,211440
11,14365095,211440
2,-8,264,441,211440
1,15124144,211480
9,14229333,211480
10,14972946,211480
11,14364755,211480
2,-4,263,444,211480
1,15128700,211520
9,14229774,211520
10,14974034,211520
11,14365910,211520
2,-8,271,442,211520
1,15134854,211560
9,14232699,211560
10,14975973,211560
11,14368902,211560
2,-7,269,439,211560
1,15141688,211600
9,14236371,211600
10,14978931,211600
11,14371997,211600
2,-7,267,438,211600
1,15147775,211640
9,14239838,211640
10,14981379,211640
11,14375192,211640
2,-5,267,439,211640
1,15152059,211680
9,14243103,211680
10,14983317,211680
11,14378184,211680
2,-6,268,440,211680
1,15156003,211720
9,14245890,211720
10,14985051,211720
11,14381143,211720
2,-7,266,440,211720
1,15163211,211760
9,14249154,211760
10,14987600,211760
11,14384169,211760
2,-7,265,440,211760
1,15171235,211800
9,14253881,211800
10,14991443,211800
11,14387908,211800
2,-7,268,439,211800
1,15179395,211840
9,14258403,211840
10,14994639,211840
11,14391853,211840
2,-7,265,440,211840
1,15187793,211880
9,14262618,211880
10,14998685,211880
11,14396306,211880
2,-8,265,441,211880
1,15197074,211920
9,14267787,211920
10,15002934,211920
11,14401814,211920
2,-6,267,439,211920
1,15206696,211960
9,14272376,211960
10,15007627,211960
11,14407050,211960
2,-7,268,444,211960
1,15213633,212000
9,14274518,212000
10,15010925,212000
11,14410076,212000
2,-3,266,436,212000
1,15212579,212040
9,14272580,212040
10,15011672,212040
11,14410179,212040
2,-5,270,444,212040
1,15208464,212080
9,14269963,212080
10,15010449,212080
11,14409533,212080
2,-4,270,439,212080
1,15203093,212120
9,14267141,212120
10,15009055,212120
11,14409363,212120
2,-5,270,438,212120
1,15200679,212160
9,14264115,212160
10,15007865,212160
11,14409396,212160
2,-5,268,438,212160
1,15200508,212200
9,14263128,212200
10,15007660,212200
11,14410315,212200
2,-4,267,438,212200
1,15203059,212240
9,14263128,212240
10,15008068,212240
11,14411844,212240
2,-3,273,438,212240
1,15207988,212280
9,14264557,212280
10,15010007,212280
11,14414021,212280
2,-5,270,438,212280
1,15212375,212320
9,14266596,212320
10,15011706,212320
11,14415924,212320
2,-5,271,438,212320
1,15215809,212360
9,14268297,212360
10,15012896,212360
11,14418407,212360
2,-3,270,437,212360
1,15219311,212400
9,14270643,212400
10,15014631,212400
11,14420447,212400
2,-4,271,438,212400
1,15223288,212440
9,14272954,212440
10,15016398,212440
11,14423234,212440
2,-5,271,435,212440
1,15227301,212480
9,14275879,212480
10,15018031,212480
11,14425921,212480
2,-4,271,438,212480
1,15231040,212520
9,14278429,212520
10,15020070,212520
11,14428844,212520
2,-3,273,437,212520
1,15235766,212560
9,14281216,212560
10,15022689,212560
11,14431598,212560
2,-3,274,437,212560
1,15239744,212600
9,14284208,212600
10,15024491,212600
11,14434624,212600
2,-4,272,438,212600
1,15245762,212640
9,14287370,212640
10,15027108,212640
11,14437481,212640
2,-5,275,435,212640
1,15249434,212680
9,14289955,212680
10,15028979,212680
11,14439724,212680
2,-4,272,436,212680
1,15244165,212720
9,14287405,212720
10,15027041,212720
11,14437344,212720
2,-4,272,435,212720
1,15235291,212760
9,14282679,212760
10,15023640,212760
11,14434013,212760
2,-4,276,437,212760
1002,92,212760,1787825065006
1004,671,212760,1787825065006
1004,680,212760,1787825065007
1002,92,212760,1787825065816
1004,677,212760,1787825065817
101,91,92,0,212760,1787825066073
222,0,sqi=100
101,91,92,0,212760,1787825066141
222,0,sqi=100
1,15225702,212800
9,14278632,212800
10,15019357,212800
11,14430341,212800
2,-6,275,436,212800
1,15219344,212840
9,14274961,212840
10,15015821,212840
11,14427756,212840
2,-3,274,435,212840
1,15214619,212880
9,14272241,212880
10,15012829,212880
11,14425751,212880
2,-3,276,434,212880
1,15213191,212920
9,14270846,212920
10,15010618,212920
11,14424594,212920
2,-5,274,434,212920
1,15213905,212960
9,14270371,212960
10,15009497,212960
11,14424594,212960
2,-3,274,435,212960
1,15215502,213000
9,14270472,213000
10,15008952,213000
11,14424730,213000
2,-5,276,435,213000
1,15216862,213040
9,14271016,213040
10,15008680,213040
11,14425139,213040
2,-4,273,436,213040
1,15218188,213080
9,14271425,213080
10,15008851,213080
11,14425785,213080
2,-4,277,436,213080
1,15219752,213120
9,14272309,213120
10,15008715,213120
11,14426567,213120
2,-4,274,433,213120
1,15221929,213160
9,14273872,213160
10,15009293,213160
11,14428062,213160
2,-4,276,435,213160
1,15224343,213200
9,14276116,213200
10,15009734,213200
11,14429422,213200
2,-4,275,432,213200
1,15227437,213240
9,14277952,213240
10,15011434,213240
11,14431157,213240
2,-5,275,436,213240
1,15231244,213280
9,14280877,213280
10,15012183,213280
11,14433536,213280
2,-5,277,435,213280
1,15235528,213320
9,14282916,213320
10,15013950,213320
11,14435542,213320
2,-6,278,436,213320
1,15233829,213360
9,14281046,213360
10,15013032,213360
11,14434420,213360
2,-8,279,437,213360
1,15225974,213400
9,14277341,213400
10,15009395,213400
11,14431020,213400
2,-5,276,432,213400
1,15216318,213440
9,14272648,213440
10,15004736,213440
11,14427043,213440
2,-3,276,435,213440
1,15207138,213480
9,14268670,213480
10,15001200,213480
11,14423336,213480
2,-5,276,434,213480
1,15201801,213520
9,14265237,213520
10,14996305,213520
11,14420379,213520
2,-5,274,433,213520
1,15199216,213560
9,14262856,213560
10,14993992,213560
11,14418475,213560
2,-3,276,435,213560
1,15200032,213600
9,14263162,213600
10,14992463,213600
11,14418101,213600
2,-6,272,436,213600
1,15201767,213640
9,14264658,213640
10,14991001,213640
11,14417931,213640
2,-6,278,435,213640
1,15203331,213680
9,14266563,213680
10,14990762,213680
11,14418271,213680
2,-5,275,434,213680
1,15205404,213720
9,14268365,213720
10,14990865,213720
11,14418101,213720
2,-2,275,435,213720
1,15208192,213760
9,14271663,213760
10,14991069,213760
11,14419393,213760
2,-4,278,434,213760
1,15210879,213800
9,14275199,213800
10,14991340,213800
11,14421059,213800
2,-4,274,435,213800
1,15214924,213840
9,14278836,213840
10,14992360,213840
11,14422589,213840
2,-5,276,434,213840
1,15219481,213880
9,14283086,213880
10,14993551,213880
11,14424833,213880
2,-4,278,435,213880
1,15224818,213920
9,14287642,213920
10,14996100,213920
11,14427383,213920
2,-4,275,434,213920
1,15229987,213960
9,14292947,213960
10,14997801,213960
11,14430714,213960
2,-3,275,435,213960
1,15235766,214000
9,14296959,214000
10,15000079,214000
11,14433163,214000
2,-7,276,436,214000
1,15233115,214040
9,14296687,214040
10,14998923,214040
11,14431701,214040
2,-6,277,435,214040
1,15225600,214080
9,14293898,214080
10,14995590,214080
11,14428572,214080
2,-4,274,435,214080
1,15215774,214120
9,14290567,214120
10,14990830,214120
11,14424594,214120
2,-4,275,434,214120
1,15208941,214160
9,14287575,214160
10,14986920,214160
11,14421569,214160
2,-4,276,435,214160
1,15204147,214200
9,14286113,214200
10,14983180,214200
11,14419052,214200
2,-6,274,434,214200
1,15201699,214240
9,14285160,214240
10,14980529,214240
11,14417760,214240
2,-5,276,433,214240
1,15202413,214280
9,14286044,214280
10,14978863,214280
11,14417386,214280
2,-5,275,434,214280
1,15203535,214320
9,14287507,214320
10,14978897,214320
11,14417455,214320
2,-7,276,432,214320
1,15205303,214360
9,14289002,214360
10,14978047,214360
11,14417964,214360
2,-4,277,435,214360
1002,91,214360,1787825067033
1004,687,214360,1787825067033
1004,657,214360,1787825067034
101,90,91,0,214360,1787825067699
222,0,sqi=100
101,90,91,0,214360,1787825067742
222,0,sqi=100
1,15207104,214400
9,14290805,214400
10,14978080,214400
11,14418576,214400
2,-5,277,433,214400
1,15209688,214440
9,14293354,214440
10,14978556,214440
11,14419732,214440
2,-5,275,435,214440
1,15212001,214480
9,14296108,214480
10,14978897,214480
11,14420957,214480
2,-6,277,435,214480
1,15216081,214520
9,14299576,214520
10,14980325,214520
11,14423065,214520
2,-5,274,437,214520
1,15220262,214560
9,14302874,214560
10,14981685,214560
11,14424730,214560
2,-5,273,436,214560
1,15225057,214600
9,14306445,214600
10,14983861,214600
11,14427212,214600
2,-6,277,434,214600
1,15229987,214640
9,14310389,214640
10,14985289,214640
11,14429763,214640
2,-5,277,435,214640
1,15234985,214680
9,14314740,214680
10,14988246,214680
11,14433027,214680
2,-6,270,437,214680
1,15239133,214720
9,14317460,214720
10,14989572,214720
11,14434624,214720
2,-4,278,435,214720
1,15233217,214760
9,14315217,214760
10,14987941,214760
11,14432279,214760
2,-6,272,435,214760
1,15222303,214800
9,14311102,214800
10,14982705,214800
11,14428062,214800
2,-5,276,434,214800
1,15210913,214840
9,14306002,214840
10,14977129,214840
11,14423133,214840
2,-6,275,434,214840
1,15201563,214880
9,14301174,214880
10,14971382,214880
11,14418815,214880
2,-5,274,435,214880
1,15195511,214920
9,14297401,214920
10,14966351,214920
11,14415176,214920
2,-5,277,437,214920
1,15192077,214960
9,14295633,214960
10,14962848,214960
11,14412967,214960
2,-4,276,435,214960
1,15191363,215000
9,14295429,215000
10,14960401,215000
11,14411810,215000
2,-5,278,434,215000
1,15192009,215040
9,14295871,215040
10,14958871,215040
11,14411334,215040
2,-4,274,436,215040
1,15193266,215080
9,14296687,215080
10,14957545,215080
11,14411063,215080
2,-4,274,434,215080
1,15194048,215120
9,14298217,215120
10,14956456,215120
11,14410858,215120
2,-4,275,436,215120
1,15195034,215160
9,14300052,215160
10,14955471,215160
11,14411130,215160
2,-4,278,434,215160
1,15197211,215200
9,14302603,215200
10,14955539,215200
11,14411878,215200
2,-7,274,435,215200
1,15200100,215240
9,14305254,215240
10,14955403,215240
11,14412967,215240
2,-5,277,435,215240
1,15203433,215280
9,14308587,215280
10,14955912,215280
11,14414497,215280
2,-5,275,435,215280
1,15207241,215320
9,14311680,215320
10,14957205,215320
11,14417080,215320
2,-5,277,434,215320
1,15210708,215360
9,14315999,215360
10,14958054,215360
11,14419052,215360
2,-5,274,434,215360
1,15214993,215400
9,14319297,215400
10,14959924,215400
11,14421569,215400
2,-6,276,435,215400
1,15218426,215440
9,14322356,215440
10,14960741,215440
11,14423778,215440
2,-4,274,433,215440
1,15213497,215480
9,14319909,215480
10,14958293,215480
11,14421398,215480
2,-4,277,434,215480
1,15200746,215520
9,14314537,215520
10,14952411,215520
11,14415686,215520
2,-5,276,434,215520
1002,90,215520,1787825067834
1004,674,215520,1787825067834
1,15187180,215560
9,14308247,215560
10,14944557,215560
11,14410042,215560
2,-5,274,436,215560
1,15175178,215600
9,14302296,215600
10,14937824,215600
11,14404671,215600
2,-5,277,434,215600
1,15167631,215640
9,14296483,215640
10,14931365,215640
11,14400352,215640
2,-4,275,434,215640
1,15162258,215680
9,14291994,215680
10,14925823,215680
11,14397122,215680
2,-4,275,434,215680
1,15159946,215720
9,14290329,215720
10,14922253,215720
11,14394301,215720
2,-5,276,434,215720
1,15159437,215760
9,14288730,215760
10,14919601,215760
11,14393349,215760
2,-3,275,436,215760
1,15158961,215800
9,14288084,215800
10,14917255,215800
11,14391818,215800
2,-6,277,431,215800
1,15159335,215840
9,14287438,215840
10,14915079,215840
11,14391104,215840
2,-5,276,433,215840
1,15159471,215880
9,14286963,215880
10,14913209,215880
11,14390050,215880
2,-4,274,436,215880
1,15160729,215920
9,14287744,215920
10,14912597,215920
11,14390186,215920
2,-5,274,434,215920
1,15161102,215960
9,14288628,215960
10,14911679,215960
11,14390016,215960
2,-6,275,433,215960
1002,90,215960,1787825069067
1004,714,215960,1787825069068
1004,726,215960,1787825069068
101,89,90,0,215960,1787825069334
222,0,sqi=100
1,15163551,216000
9,14290193,216000
10,14911305,216000
11,14391207,216000
2,-4,276,435,216000
1,15165998,216040
9,14292198,216040
10,14911712,216040
11,14392090,216040
2,-5,272,435,216040
1,15169127,216080
9,14294375,216080
10,14911883,216080
11,14393008,216080
2,-5,274,435,216080
1,15171915,216120
9,14296585,216120
10,14912631,216120
11,14394913,216120
2,-4,275,436,216120
1,15170554,216160
9,14295496,216160
10,14911610,216160
11,14393247,216160
2,-6,278,432,216160
1,15159437,216200
9,14290057,216200
10,14905321,216200
11,14387637,216200
2,-4,272,434,216200
1,15144579,216240
9,14281897,216240
10,14897127,216240
11,14380326,216240
2,-4,277,436,216240
1,15130366,216280
9,14273975,216280
10,14888151,216280
11,14373017,216280
2,-4,275,435,216280
1,15119929,216320
9,14266665,216320
10,14879820,216320
11,14366829,216320
2,-5,275,438,216320
1,15111972,216360
9,14261259,216360
10,14872987,216360
11,14361490,216360
2,-4,274,436,216360
1,15107620,216400
9,14257110,216400
10,14867377,216400
11,14357716,216400
2,-5,277,435,216400
1,15106498,216440
9,14255479,216440
10,14863569,216440
11,14355439,216440
2,-5,274,435,216440
1,15106057,216480
9,14254594,216480
10,14860543,216480
11,14354079,216480
2,-4,278,433,216480
1,15105682,216520
9,14253642,216520
10,14857686,216520
11,14351868,216520
2,-3,275,437,216520
1,15105750,216560
9,14253914,216560
10,14855476,216560
11,14351427,216560
2,-5,274,434,216560
1,15107008,216600
9,14254527,216600
10,14854151,216600
11,14350951,216600
2,-4,277,436,216600
1,15109082,216640
9,14255818,216640
10,14852825,216640
11,14351460,216640
2,-5,272,436,216640
1,15112245,216680
9,14258300,216680
10,14852212,216680
11,14351800,216680
2,-3,281,434,216680
1,15115950,216720
9,14261055,216720
10,14852825,216720
11,14353670,216720
2,-4,271,436,216720
1,15120575,216760
9,14264081,216760
10,14853436,216760
11,14355269,216760
2,-4,279,434,216760
1,15124994,216800
9,14267957,216800
10,14854967,216800
11,14357615,216800
2,-5,273,437,216800
1,15129822,216840
9,14271084,216840
10,14856667,216840
11,14359757,216840
2,-3,276,436,216840
1,15131522,216880
9,14272920,216880
10,14857211,216880
11,14360981,216880
2,-5,275,436,216880
1,15121969,216920
9,14267990,216920
10,14851600,216920
11,14356119,216920
2,-5,274,436,216920
1,15107145,216960
9,14261429,216960
10,14843338,216960
11,14348741,216960
2,-5,276,435,216960
1,15092422,217000
9,14253337,217000
10,14833445,217000
11,14341158,217000
2,-5,275,436,217000
1,15080964,217040
9,14245619,217040
10,14823754,217040
11,14334358,217040
2,-4,276,436,217040
1,15072192,217080
9,14240484,217080
10,14816037,217080
11,14329259,217080
2,-5,275,435,217080
1,15067840,217120
9,14236371,217120
10,14810086,217120
11,14325144,217120
2,-4,275,435,217120
1,15067807,217160
9,14235997,217160
10,14805904,217160
11,14323546,217160
2,-4,275,434,217160
1,15068249,217200
9,14235792,217200
10,14802675,217200
11,14322526,217200
2,-5,276,435,217200
1,15068860,217240
9,14236575,217240
10,14800295,217240
11,14322085,217240
2,-7,272,435,217240
1,15071003,217280
9,14238070,217280
10,14798764,217280
11,14321812,217280
2,-6,276,437,217280
1,15072396,217320
9,14240212,217320
10,14796792,217320
11,14322289,217320
2,-3,275,434,217320
1,15075355,217360
9,14243375,217360
10,14796758,217360
11,14323648,217360
2,-5,277,434,217360
1,15079026,217400
9,14246706,217400
10,14796215,217400
11,14325348,217400
2,-6,274,435,217400
1,15083617,217440
9,14250786,217440
10,14797336,217440
11,14327593,217440
2,-5,275,436,217440
1,15088444,217480
9,14255139,217480
10,14798560,217480
11,14330245,217480
2,-5,275,435,217480
1,15093749,217520
9,14259559,217520
10,14800022,217520
11,14333304,217520
2,-5,274,435,217520
1,15099291,217560
9,14265168,217560
10,14802776,217560
11,14337180,217560
2,-6,273,434,217560
1002,89,217560,1787825069864
1004,696,217560,1787825069864
101,88,89,0,217560,1787825070883
222,0,sqi=100
101,87,89,0,217560,1787825070949
222,0,sqi=100
1,15104866,217600
9,14270439,217600
10,14804885,217600
11,14340377,217600
2,-5,276,434,217600
1,15108437,217640
9,14273634,217640
10,14806585,217640
11,14342961,217640
2,-6,276,434,217640
1,15100106,217680
9,14270677,217680
10,14802607,217680
11,14339662,217680
2,-5,276,434,217680
1,15085690,217720
9,14264081,217720
10,14794276,217720
11,14332930,217720
2,-4,274,433,217720
1,15071139,217760
9,14256736,217760
10,14784553,217760
11,14325416,217760
2,-4,276,436,217760
1,15058491,217800
9,14248985,217800
10,14775168,217800
11,14319331,217800
2,-5,276,433,217800
1,15050705,217840
9,14243579,217840
10,14766702,217840
11,14314026,217840
2,-4,277,434,217840
1,15045264,217880
9,14239328,217880
10,14759767,217880
11,14310184,217880
2,-4,277,433,217880
1,15043599,217920
9,14238070,217920
10,14755142,217920
11,14308009,217920
2,-2,274,434,217920
1,15043836,217960
9,14237628,217960
10,14751709,217960
11,14306343,217960
2,-7,276,435,217960
1,15045264,218000
9,14238275,218000
10,14748989,218000
11,14306104,218000
2,-6,275,434,218000
1,15046217,218040
9,14239192,218040
10,14747118,218040
11,14305867,218040
2,-4,277,435,218040
1,15048529,218080
9,14240994,218080
10,14745588,218080
11,14306002,218080
2,-5,275,434,218080
1,15050739,218120
9,14243545,218120
10,14744569,218120
11,14306682,218120
2,-6,275,434,218120
1,15054716,218160
9,14246978,218160
10,14744806,218160
11,14308518,218160
2,-7,272,436,218160
1,15058423,218200
9,14250107,218200
10,14745453,218200
11,14310661,218200
2,-6,276,434,218200
1,15063081,218240
9,14253744,218240
10,14746404,218240
11,14312904,218240
2,-5,279,434,218240
1,15068622,218280
9,14257926,218280
10,14747866,218280
11,14315999,218280
2,-6,272,436,218280
1,15073655,218320
9,14262177,218320
10,14749703,218320
11,14319059,218320
2,-3,273,434,218320
1,15078482,218360
9,14266222,218360
10,14751879,218360
11,14322118,218360
2,-6,273,435,218360
1,15083991,218400
9,14270915,218400
10,14753986,218400
11,14325859,218400
2,-5,275,435,218400
1,15088376,218440
9,14274824,218440
10,14755788,218440
11,14328545,218440
2,-5,275,434,218440
1,15083004,218480
9,14272274,218480
10,14753340,218480
11,14326436,218480
2,-3,274,435,218480
1,15069983,218520
9,14265475,218520
10,14745725,218520
11,14320316,218520
2,-3,273,437,218520
1,15055940,218560
9,14257689,218560
10,14735865,218560
11,14313279,218560
2,-5,274,436,218560
1,15044143,218600
9,14250413,218600
10,14726412,218600
11,14306682,218600
2,-4,276,436,218600
1,15035405,218640
9,14243749,218640
10,14717572,218640
11,14301276,218640
2,-5,277,436,218640
1,15029692,218680
9,14239805,218680
10,14710671,218680
11,14297570,218680
2,-5,276,435,218680
1,15027857,218720
9,14237289,218720
10,14705979,218720
11,14295123,218720
2,-3,271,435,218720
1,15027075,218760
9,14236303,218760
10,14702204,218760
11,14293729,218760
2,-6,273,434,218760
1,15027143,218800
9,14235691,218800
10,14699790,218800
11,14293150,218800
2,-4,275,437,218800
1,15026564,218840
9,14235350,218840
10,14697240,218840
11,14292675,218840
2,-5,275,435,218840
1,15026802,218880
9,14235044,218880
10,14695064,218880
11,14292164,218880
2,-8,277,436,218880
1,15027788,218920
9,14236506,218920
10,14693909,218920
11,14292810,218920
2,-3,277,436,218920
1,15029659,218960
9,14237153,218960
10,14692922,218960
11,14293423,218960
2,-3,277,435,218960
1,15031971,219000
9,14238648,219000
10,14692956,219000
11,14294477,219000
2,-5,275,434,219000
1,15035439,219040
9,14240960,219040
10,14693739,219040
11,14296245,219040
2,-5,279,435,219040
1,15038771,219080
9,14243375,219080
10,14694725,219080
11,14298625,219080
2,-7,274,437,219080
1,15043054,219120
9,14246298,219120
10,14695745,219120
11,14300562,219120
2,-5,276,435,219120
1,15046964,219160
9,14248713,219160
10,14697615,219160
11,14303724,219160
2,-4,274,435,219160
1002,88,218280,1787825071100
1004,731,218280,1787825071100
1002,88,219160,1787825071887
1004,765,219160,1787825071887
101,86,88,0,219160,1787825072479
222,0,sqi=100
1,15048835,219200
9,14249835,219200
10,14698295,219200
11,14304473,219200
2,-4,279,437,219200
1,15040743,219240
9,14245108,219240
10,14693466,219240
11,14300256,219240
2,-6,276,434,219240
1,15029251,219280
9,14237968,219280
10,14685239,219280
11,14293627,219280
2,-4,276,435,219280
1,15018201,219320
9,14230590,219320
10,14676126,219320
11,14287846,219320
2,-3,275,436,219320
1,15008851,219360
9,14224436,219360
10,14668340,219360
11,14282985,219360
2,-5,277,434,219360
1,15003750,219400
9,14218929,219400
10,14661166,219400
11,14278598,219400
2,-4,275,433,219400
1,14999943,219440
9,14215324,219440
10,14656577,219440
11,14275811,219440
2,-3,274,434,219440
1,14999806,219480
9,14213692,219480
10,14653176,219480
11,14274416,219480
2,-6,277,434,219480
1,15000351,219520
9,14212163,219520
10,14651340,219520
11,14273532,219520
2,-3,275,435,219520
1,15001541,219560
9,14211789,219560
10,14649301,219560
11,14273634,219560
2,-4,274,434,219560
1,15003750,219600
9,14211823,219600
10,14648178,219600
11,14273260,219600
2,-4,277,435,219600
1,15005586,219640
9,14213454,219640
10,14647498,219640
11,14274144,219640
2,-5,274,436,219640
1,15008443,219680
9,14215324,219680
10,14647975,219680
11,14275165,219680
2,-3,277,433,219680
1,15012591,219720
9,14217671,219720
10,14648689,219720
11,14277000,219720
2,-2,276,436,219720
1,15016398,219760
9,14219710,219760
10,14650457,219760
11,14279381,219760
2,-4,275,434,219760
1,15021464,219800
9,14223450,219800
10,14652734,219800
11,14281998,219800
2,-5,276,434,219800
1,15026802,219840
9,14227088,219840
10,14654945,219840
11,14285636,219840
2,-4,274,436,219840
1,15032616,219880
9,14230897,219880
10,14658005,219880
11,14288560,219880
2,-3,277,434,219880
1,15038396,219920
9,14235079,219920
10,14661303,219920
11,14292198,219920
2,-4,273,436,219920
1,15038601,219960
9,14234602,219960
10,14661507,219960
11,14291994,219960
2,-4,274,435,219960
1,15029556,220000
9,14230013,220000
10,14655557,220000
11,14287540,220000
2,-5,273,436,220000
1,15019220,220040
9,14224403,220040
10,14648008,220040
11,14281726,220040
2,-6,277,435,220040
1,15010959,220080
9,14218588,220080
10,14639712,220080
11,14276354,220080
2,-3,276,434,220080
1,15005280,220120
9,14213829,220120
10,14633151,220120
11,14272410,220120
2,-5,274,435,220120
1,15001167,220160
9,14210395,220160
10,14627099,220160
11,14269112,220160
2,-4,276,434,220160
1,15000792,220200
9,14209511,220200
10,14623937,220200
11,14267820,220200
2,-5,279,433,220200
1,15003139,220240
9,14210258,220240
10,14622509,220240
11,14267888,220240
2,-5,274,437,220240
1,15006232,220280
9,14212230,220280
10,14621658,220280
11,14268365,220280
2,-6,278,434,220280
1,15010007,220320
9,14214543,220320
10,14621658,220320
11,14269486,220320
2,-5,278,436,220320
1,15013339,220360
9,14216888,220360
10,14621454,220360
11,14270472,220360
2,-6,275,437,220360
1,15017861,220400
9,14220458,220400
10,14623257,220400
11,14272614,220400
2,-4,274,433,220400
1,15024048,220440
9,14224607,220440
10,14625399,220440
11,14275334,220440
2,-4,276,436,220440
1,15030373,220480
9,14229774,220480
10,14628085,220480
11,14278803,220480
2,-4,276,434,220480
1,15037410,220520
9,14234840,220520
10,14631280,220520
11,14282169,220520
2,-5,274,436,220520
1,15044143,220560
9,14240009,220560
10,14635156,220560
11,14286419,220560
2,-4,277,435,220560
1,15052030,220600
9,14245992,220600
10,14639101,220600
11,14290533,220600
2,-4,273,437,220600
1,15058796,220640
9,14251501,220640
10,14644370,220640
11,14295021,220640
2,-5,275,435,220640
1,15066005,220680
9,14257349,220680
10,14648076,220680
11,14299814,220680
2,-5,276,435,220680
1,15072601,220720
9,14262959,220720
10,14652700,220720
11,14303724,220720
2,-7,276,435,220720
1,15071818,220760
9,14262313,220760
10,14652666,220760
11,14302773,220760
2,-5,277,435,220760
1002,85,220320,1787825072700
1004,805,220320,1787825072703
1004,742,220320,1787825072703
1002,84,220760,1787825073907
1004,748,220760,1787825073932
101,85,84,0,220760,1787825074074
222,0,sqi=100
101,84,84,0,220760,1787825074152
222,0,sqi=100
1,15062740,220800
9,14258334,220800
10,14647227,220800
11,14298387,220800
2,-5,276,434,220800
1,15052507,220840
9,14253302,220840
10,14639984,220840
11,14293185,220840
2,-5,276,435,220840
1,15043395,220880
9,14247794,220880
10,14632097,220880
11,14287949,220880
2,-4,275,435,220880
1,15036833,220920
9,14242525,220920
10,14625908,220920
11,14283461,220920
2,-6,276,435,220920
1,15033228,220960
9,14238716,220960
10,14620503,220960
11,14280162,220960
2,-4,277,436,220960
1,15032447,221000
9,14236745,221000
10,14617273,221000
11,14278021,221000
2,-6,275,435,221000
1,15033738,221040
9,14236371,221040
10,14615946,221040
11,14277782,221040
2,-5,278,435,221040
1,15036288,221080
9,14236575,221080
10,14614824,221080
11,14277748,221080
2,-6,275,434,221080
1,15038771,221120
9,14237153,221120
10,14614349,221120
11,14277443,221120
2,-4,277,434,221120
1,15041422,221160
9,14238376,221160
10,14614790,221160
11,14278259,221160
2,-5,274,437,221160
1,15045435,221200
9,14240553,221200
10,14615777,221200
11,14278973,221200
2,-7,277,435,221200
1,15049175,221240
9,14243103,221240
10,14616932,221240
11,14280503,221240
2,-7,275,435,221240
1,15054172,221280
9,14246129,221280
10,14619380,221280
11,14283018,221280
2,-5,276,435,221280
1,15058933,221320
9,14249256,221320
10,14621761,221320
11,14285331,221320
2,-5,276,437,221320
1,15064067,221360
9,14253030,221360
10,14625058,221360
11,14288050,221360
2,-6,277,436,221360
1,15069677,221400
9,14257518,221400
10,14628594,221400
11,14291110,221400
2,-5,276,433,221400
1,15075559,221440
9,14261462,221440
10,14632369,221440
11,14294170,221440
2,-5,276,435,221440
1,15082189,221480
9,14266257,221480
10,14636551,221480
11,14297264,221480
2,-6,276,435,221480
1,15087561,221520
9,14270235,221520
10,14641141,221520
11,14300834,221520
2,-5,276,436,221520
1,15086609,221560
9,14269860,221560
10,14641106,221560
11,14300460,221560
2,-5,278,436,221560
1,15078210,221600
9,14265304,221600
10,14635327,221600
11,14294953,221600
2,-5,278,434,221600
1,15067705,221640
9,14260443,221640
10,14627506,221640
11,14289037,221640
2,-4,277,435,221640
1,15058252,221680
9,14254730,221680
10,14619482,221680
11,14283393,221680
2,-5,275,433,221680
1,15052303,221720
9,14250752,221720
10,14612614,221720
11,14278973,221720
2,-4,275,435,221720
1,15047645,221760
9,14247250,221760
10,14606460,221760
11,14274858,221760
2,-4,275,435,221760
1,15046896,221800
9,14245720,221800
10,14603468,221800
11,14273056,221800
2,-6,277,436,221800
1,15048188,221840
9,14245992,221840
10,14601769,221840
11,14272309,221840
2,-4,276,435,221840
1,15050433,221880
9,14247013,221880
10,14601293,221880
11,14272104,221880
2,-5,275,436,221880
1,15053356,221920
9,14248644,221920
10,14600511,221920
11,14271968,221920
2,-4,275,434,221920
1,15055600,221960
9,14250242,221960
10,14600749,221960
11,14272206,221960
2,-6,275,433,221960
1,15058218,222000
9,14252962,222000
10,14601462,222000
11,14272954,222000
2,-5,277,434,222000
1,15061244,222040
9,14255309,222040
10,14602788,222040
11,14275165,222040
2,-4,275,433,222040
1,15065664,222080
9,14258573,222080
10,14604387,222080
11,14276831,222080
2,-4,275,434,222080
1,15070119,222120
9,14261938,222120
10,14606801,222120
11,14279516,222120
2,-5,277,435,222120
1,15074436,222160
9,14265747,222160
10,14609724,222160
11,14281522,222160
2,-6,278,435,222160
1,15079367,222200
9,14269215,222200
10,14612716,222200
11,14284549,222200
2,-6,276,435,222200
1,15084025,222240
9,14272750,222240
10,14616083,222240
11,14287881,222240
2,-6,275,433,222240
1,15089329,222280
9,14276796,222280
10,14619686,222280
11,14290770,222280
2,-4,276,435,222280
1,15093000,222320
9,14280197,222320
10,14622542,222320
11,14293593,222320
2,-6,277,436,222320
1,15089056,222360
9,14277952,222360
10,14620604,222360
11,14291484,222360
2,-5,275,435,222360
1002,84,222360,1787825074714
1004,795,222360,1787825074750
101,83,84,0,222360,1787825075684
222,0,sqi=100
101,82,84,0,222360,1787825075748
222,0,sqi=100
1,15078924,222400
9,14273227,222400
10,14613804,222400
11,14285874,222400
2,-5,276,434,222400
1,15068044,222440
9,14267719,222440
10,14604999,222440
11,14279108,222440
2,-6,278,435,222440
1,15058525,222480
9,14262177,222480
10,14596907,222480
11,14273804,222480
2,-5,274,435,222480
1,15051419,222520
9,14257518,222520
10,14590072,222520
11,14268909,222520
2,-5,276,435,222520
1,15046489,222560
9,14254357,222560
10,14584633,222560
11,14265441,222560
2,-5,276,436,222560
1,15044687,222600
9,14253405,222600
10,14581164,222600
11,14263435,222600
2,-5,278,434,222600
1,15044074,222640
9,14252928,222640
10,14579192,222640
11,14262585,222640
2,-6,273,436,222640
1,15043360,222680
9,14252724,222680
10,14577696,222680
11,14261837,222680
2,-5,278,436,222680
1,15043293,222720
9,14252894,222720
10,14576472,222720
11,14261564,222720
2,-5,276,434,222720
1,15042816,222760
9,14253609,222760
10,14575827,222760
11,14261190,222760
2,-4,276,436,222760
1,15043191,222800
9,14254527,222800
10,14574738,222800
11,14261769,222800
2,-6,276,435,222800
1,15044924,222840
9,14256261,222840
10,14576200,222840
11,14263332,222840
2,-5,277,434,222840
1,15047067,222880
9,14258165,222880
10,14577153,222880
11,14264625,222880
2,-5,278,435,222880
1,15049991,222920
9,14260340,222920
10,14578988,222920
11,14266835,222920
2,-5,275,435,222920
1,15053255,222960
9,14263128,222960
10,14581368,222960
11,14268943,222960
2,-5,277,434,222960
1,15057198,223000
9,14266154,223000
10,14584429,223000
11,14271663,223000
2,-5,276,435,223000
1,15060701,223040
9,14269112,223040
10,14587250,223040
11,14274213,223040
2,-6,274,435,223040
1,15059340,223080
9,14268500,223080
10,14587148,223080
11,14273124,223080
2,-3,279,434,223080
1,15049243,223120
9,14263264,223120
10,14580315,223120
11,14267311,223120
2,-5,274,436,223120
1,15037274,223160
9,14257110,223160
10,14571882,223160
11,14260408,223160
2,-4,278,435,223160
1,15026361,223200
9,14251092,223200
10,14563349,223200
11,14253779,223200
2,-5,275,434,223200
1,15018370,223240
9,14245279,223240
10,14555902,223240
11,14248304,223240
2,-6,275,432,223240
1,15012591,223280
9,14240586,223280
10,14549442,223280
11,14243680,223280
2,-4,278,433,223280
1,15009802,223320
9,14238751,223320
10,14546008,223320
11,14240791,223320
2,-5,276,435,223320
1,15009497,223360
9,14237459,223360
10,14543424,223360
11,14239430,223360
2,-4,276,434,223360
1,15010618,223400
9,14237832,223400
10,14542268,223400
11,14238206,223400
2,-4,276,435,223400
1,15011162,223440
9,14238275,223440
10,14541589,223440
11,14237968,223440
2,-4,277,435,223440
1,15012896,223480
9,14239261,223480
10,14541282,223480
11,14237663,223480
2,-4,275,435,223480
1,15014698,223520
9,14240621,223520
10,14541895,223520
11,14237832,223520
2,-4,277,434,223520
1,15018099,223560
9,14243443,223560
10,14543322,223560
11,14238887,223560
2,-5,275,436,223560
1,15021771,223600
9,14246298,223600
10,14545839,223600
11,14240756,223600
2,-3,277,435,223600
1,15026837,223640
9,14249970,223640
10,14548388,223640
11,14243068,223640
2,-5,276,435,223640
1,15031630,223680
9,14254085,223680
10,14552435,223680
11,14246298,223680
2,-4,275,437,223680
1,15036662,223720
9,14258165,223720
10,14555664,223720
11,14248644,223720
2,-6,276,434,223720
1,15042612,223760
9,14262890,223760
10,14560187,223760
11,14252180,223760
2,-3,276,435,223760
1,15047883,223800
9,14267107,223800
10,14564607,223800
11,14255105,223800
2,-4,275,435,223800
1,15044482,223840
9,14265849,223840
10,14563179,223840
11,14252962,223840
2,-4,274,436,223840
1,15034453,223880
9,14262143,223880
10,14556651,223880
11,14246808,223880
2,-5,276,435,223880
1,15023504,223920
9,14257383,223920
10,14548967,223920
11,14239838,223920
2,-5,279,436,223920
1,15014189,223960
9,14252589,223960
10,14541792,223960
11,14233650,223960
2,-6,277,435,223960
1002,82,223320,1787825075939
1004,801,223320,1787825075939
1004,787,223320,1787825075939
1002,81,223960,1787825076746
1004,731,223960,1787825076781
101,82,81,0,223960,1787825077317
222,0,sqi=100
1,15007796,224000
9,14248916,224000
10,14536115,224000
11,14228312,224000
2,-4,273,434,224000
1,15003784,224040
9,14246604,224040
10,14531355,224040
11,14224913,224040
2,-5,275,433,224040
1,15002866,224080
9,14246230,224080
10,14529144,224080
11,14223246,224080
2,-5,275,434,224080
1,15004805,224120
9,14247353,224120
10,14528975,224120
11,14222737,224120
2,-4,277,435,224120
1,15007049,224160
9,14248610,224160
10,14528975,224160
11,14222261,224160
2,-3,276,432,224160
1,15009428,224200
9,14251092,224200
10,14530233,224200
11,14223009,224200
2,-5,275,435,224200
1,15011639,224240
9,14253711,224240
10,14531355,224240
11,14223824,224240
2,-7,276,433,224240
1,15015140,224280
9,14256669,224280
10,14533837,224280
11,14224776,224280
2,-6,277,435,224280
1,15018676,224320
9,14260374,224320
10,14536353,224320
11,14227122,224320
2,-5,276,435,224320
1,15023300,224360
9,14264319,224360
10,14540297,224360
11,14229673,224360
2,-5,277,433,224360
1,15028400,224400
9,14268909,224400
10,14544138,224400
11,14232970,224400
2,-4,274,434,224400
1,15033806,224440
9,14272852,224440
10,14548524,224440
11,14236676,224440
2,-5,276,434,224440
1,15038465,224480
9,14277476,224480
10,14553284,224480
11,14240144,224480
2,-5,277,434,224480
1,15043904,224520
9,14282202,224520
10,14558894,224520
11,14243987,224520
2,-5,275,434,224520
1,15048970,224560
9,14286826,224560
10,14563960,224560
11,14247863,224560
2,-5,275,435,224560
1,15049311,224600
9,14288221,224600
10,14566035,224600
11,14248509,224600
2,-5,277,434,224600
1,15040776,224640
9,14284310,224640
10,14562668,224640
11,14244089,224640
2,-6,277,434,224640
1,15028672,224680
9,14280435,224680
10,14556446,224680
11,14238002,224680
2,-6,277,435,224680
1,15017487,224720
9,14274757,224720
10,14549680,224720
11,14231577,224720
2,-5,276,434,224720
1,15009497,224760
9,14270268,224760
10,14544241,224760
11,14226715,224760
2,-6,277,434,224760
1,15002731,224800
9,14266835,224800
10,14540229,224800
11,14223077,224800
2,-5,275,434,224800
1,14999126,224840
9,14264761,224840
10,14537542,224840
11,14219915,224840
2,-4,278,433,224840
1,14998413,224880
9,14264285,224880
10,14536931,224880
11,14219268,224880
2,-4,277,434,224880
1,14999670,224920
9,14264183,224920
10,14537270,224920
11,14219132,224920
2,-5,278,433,224920
1,15000351,224960
9,14265202,224960
10,14537985,224960
11,14219371,224960
2,-6,277,434,224960
1,15001812,225000
9,14266698,225000
10,14539277,225000
11,14219983,225000
2,-6,277,434,225000
1,15004056,225040
9,14268399,225040
10,14541589,225040
11,14221036,225040
2,-5,276,435,225040
1,15006708,225080
9,14270812,225080
10,14544105,225080
11,14222294,225080
2,-6,277,434,225080
1,15010618,225120
9,14274077,225120
10,14547471,225120
11,14225015,225120
2,-5,276,436,225120
1,15014835,225160
9,14277579,225160
10,14551721,225160
11,14227938,225160
2,-4,277,433,225160
1,15019935,225200
9,14281761,225200
10,14555970,225200
11,14231338,225200
2,-5,277,434,225200
1,15025476,225240
9,14286181,225240
10,14561105,225240
11,14235011,225240
2,-5,277,434,225240
1,15031427,225280
9,14290567,225280
10,14566170,225280
11,14238818,225280
2,-6,277,434,225280
1,15037207,225320
9,14294680,225320
10,14571747,225320
11,14242660,225320
2,-5,277,434,225320
1,15044143,225360
9,14299747,225360
10,14577561,225360
11,14247250,225360
2,-4,276,434,225360
1,15045197,225400
9,14301412,225400
10,14581097,225400
11,14249053,225400
2,-6,276,433,225400
1,15038295,225440
9,14299407,225440
10,14579465,225440
11,14245925,225440
2,-5,278,434,225440
1,15028060,225480
9,14296075,225480
10,14575487,225480
11,14241675,225480
2,-5,278,435,225480
1,15017656,225520
9,14292538,225520
10,14571407,225520
11,14237356,225520
2,-4,277,435,225520
1,15010618,225560
9,14289037,225560
10,14568142,225560
11,14233957,225560
2,-4,277,434,225560
1002,81,225560,1787825077963
1004,752,225560,1787825077963
1002,81,225560,1787825078762
1004,778,225560,1787825078762
1004,800,225560,1787825078762
101,81,81,0,225560,1787825078852
222,0,sqi=100
101,80,81,0,225560,1787825078939
222,0,sqi=100
1,15005858,225600
9,14286555,225600
10,14565728,225600
11,14231441,225600
2,-6,276,434,225600
1,15003852,225640
9,14285636,225640
10,14564471,225640
11,14230114,225640
2,-6,276,434,225640
1,15004940,225680
9,14286113,225680
10,14564913,225680
11,14230455,225680
2,-6,276,435,225680
1,15006675,225720
9,14287302,225720
10,14566205,225720
11,14231441,225720
2,-4,277,435,225720
1,15008783,225760
9,14289309,225760
10,14568109,225760
11,14232801,225760
2,-5,278,433,225760
1,15011129,225800
9,14291484,225800
10,14570148,225800
11,14234602,225800
2,-4,277,436,225800
1,15013542,225840
9,14294511,225840
10,14573276,225840
11,14236473,225840
2,-4,277,435,225840
1,15017282,225880
9,14297605,225880
10,14576303,225880
11,14239669,225880
2,-5,276,433,225880
1,15022043,225920
9,14301820,225920
10,14580009,225920
11,14242932,225920
2,-6,278,434,225920
1,15027041,225960
9,14306139,225960
10,14585211,225960
11,14246604,225960
2,-4,276,434,225960
1,15032174,226000
9,14310252,226000
10,14589528,226000
11,14250786,226000
2,-4,277,433,226000
1,15038159,226040
9,14316101,226040
10,14595173,226040
11,14254765,226040
2,-7,276,433,226040
1,15043360,226080
9,14320588,226080
10,14600239,226080
11,14258946,226080
2,-5,276,434,226080
1,15049379,226120
9,14325348,226120
10,14605712,226120
11,14263604,226120
2,-4,275,435,226120
1,15053595,226160
9,14329735,226160
10,14610881,226160
11,14267753,226160
2,-4,277,435,226160
1,15050705,226200
9,14329327,226200
10,14612036,226200
11,14267990,226200
2,-4,276,435,226200
1,15042204,226240
9,14327286,226240
10,14610507,226240
11,14264999,226240
2,-4,277,435,226240
1,15033024,226280
9,14324295,226280
10,14607378,226280
11,14262415,226280
2,-5,276,435,226280
1,15024967,226320
9,14321268,226320
10,14605134,226320
11,14259932,226320
2,-6,276,435,226320
1,15020308,226360
9,14318855,226360
10,14603366,226360
11,14258437,226360
2,-6,276,434,226360
1,15018336,226400
9,14317596,226400
10,14602516,226400
11,14257960,226400
2,-3,276,436,226400
1,15018303,226440
9,14317596,226440
10,14603570,226440
11,14258708,226440
2,-5,276,435,226440
1,15019696,226480
9,14317971,226480
10,14605066,226480
11,14259898,226480
2,-5,275,434,226480
1,15021804,226520
9,14319603,226520
10,14606597,226520
11,14261360,226520
2,-4,276,435,226520
1,15023403,226560
9,14320486,226560
10,14609078,226560
11,14262585,226560
2,-5,277,432,226560
1,15024932,226600
9,14322221,226600
10,14611697,226600
11,14264863,226600
2,-5,276,435,226600
1,15027618,226640
9,14324260,226640
10,14614315,226640
11,14266971,226640
2,-4,277,433,226640
1,15031732,226680
9,14326777,226680
10,14617851,226680
11,14269793,226680
2,-5,276,434,226680
1,15036084,226720
9,14329939,226720
10,14621862,226720
11,14273295,226720
2,-4,277,434,226720
1,15040471,226760
9,14333373,226760
10,14626079,226760
11,14276898,226760
2,-5,275,433,226760
1,15045570,226800
9,14336501,226800
10,14630771,226800
11,14280367,226800
2,-4,277,434,226800
1,15051487,226840
9,14340751,226840
10,14635769,226840
11,14285093,226840
2,-4,276,434,226840
1,15056620,226880
9,14344219,226880
10,14640460,226880
11,14289139,226880
2,-6,275,435,226880
1,15054444,226920
9,14343437,226920
10,14642195,226920
11,14288866,226920
2,-6,278,434,226920
1,15047237,226960
9,14341465,226960
10,14641073,226960
11,14286963,226960
2,-6,276,435,226960
1,15039926,227000
9,14338813,227000
10,14639338,227000
11,14284719,227000
2,-4,276,433,227000
1,15034112,227040
9,14336093,227040
10,14637944,227040
11,14283291,227040
2,-4,278,434,227040
1,15030577,227080
9,14333950,227080
10,14637333,227080
11,14282135,227080
2,-5,275,434,227080
1,15029523,227120
9,14333134,227120
10,14637570,227120
11,14281761,227120
2,-4,275,436,227120
1,15031223,227160
9,14333780,227160
10,14639033,227160
11,14283155,227160
2,-3,278,432,227160
1002,80,227160,1787825079985
1004,775,227160,1787825079985
101,80,80,0,227160,1787825080466
222,0,sqi=100
1,15035031,227200
9,14335514,227200
10,14641412,227200
11,14284820,227200
2,-5,277,434,227200
1,15038023,227240
9,14337350,227240
10,14644779,227240
11,14286759,227240
2,-4,277,434,227240
1,15042579,227280
9,14339833,227280
10,14647906,227280
11,14289376,227280
2,-3,279,436,227280
1,15046625,227320
9,14343063,227320
10,14651408,227320
11,14291484,227320
2,-3,276,433,227320
1,15051214,227360
9,14346463,227360
10,14655387,227360
11,14295190,227360
2,-5,278,433,227360
1,15057301,227400
9,14350815,227400
10,14660350,227400
11,14298556,227400
2,-6,276,433,227400
1,15064067,227440
9,14354860,227440
10,14664839,227440
11,14302365,227440
2,-4,277,433,227440
1,15071105,227480
9,14359382,227480
10,14670245,227480
11,14306954,227480
2,-3,275,433,227480
1,15077904,227520
9,14364347,227520
10,14675617,227520
11,14311238,227520
2,-3,276,434,227520
1,15086031,227560
9,14369888,227560
10,14681737,227560
11,14315795,227560
2,-4,276,435,227560
1,15093816,227600
9,14374717,227600
10,14688095,227600
11,14320962,227600
2,-4,278,434,227600
1,15095789,227640
9,14376722,227640
10,14691460,227640
11,14322969,227640
2,-7,276,434,227640
1,15091505,227680
9,14376383,227680
10,14692548,227680
11,14322050,227680
2,-4,277,435,227680
1,15084296,227720
9,14375328,227720
10,14692378,227720
11,14321200,227720
2,-6,278,434,227720
1,15079367,227760
9,14374003,227760
10,14692514,227760
11,14320826,227760
2,-4,277,434,227760
1,15076579,227800
9,14373017,227800
10,14693092,227800
11,14320180,227800
2,-5,277,435,227800
1,15075660,227840
9,14373017,227840
10,14693976,227840
11,14320894,227840
2,-5,277,434,227840
1,15077224,227880
9,14374274,227880
10,14695881,227880
11,14321846,227880
2,-6,277,435,227880
1,15081305,227920
9,14376552,227920
10,14698498,227920
11,14324295,227920
2,-5,279,435,227920
1,15085487,227960
9,14378796,227960
10,14702000,227960
11,14326505,227960
2,-3,277,436,227960
1,15090111,228000
9,14382128,228000
10,14705162,228000
11,14329089,228000
2,-3,267,439,228000
1,15095721,228040
9,14385698,228040
10,14709107,228040
11,14332114,228040
2,-3,270,427,228040
1,15100922,228080
9,14389812,228080
10,14713595,228080
11,14336161,228080
2,-3,268,435,228080
1,15107179,228120
9,14394403,228120
10,14718015,228120
11,14339289,228120
2,-1,273,435,228120
1,15113469,228160
9,14398925,228160
10,14723047,228160
11,14343675,228160
2,-5,276,436,228160
1,15120847,228200
9,14403752,228200
10,14728656,228200
11,14347924,228200
2,-4,278,434,228200
1,15128224,228240
9,14408241,228240
10,14733655,228240
11,14352549,228240
2,-5,277,433,228240
1,15135670,228280
9,14413749,228280
10,14739741,228280
11,14357478,228280
2,-5,278,436,228280
1,15142845,228320
9,14419291,228320
10,14745418,228320
11,14362613,228320
2,-6,275,429,228320
1,15150970,228360
9,14424459,228360
10,14751267,228360
11,14367883,228360
2,-7,280,432,228360
1,15153861,228400
9,14426158,228400
10,14755278,228400
11,14370569,228400
2,-6,280,435,228400
1,15149781,228440
9,14426192,228440
10,14756299,228440
11,14370127,228440
2,-4,277,434,228440
1,15142742,228480
9,14424901,228480
10,14756570,228480
11,14369583,228480
2,-5,277,434,228480
1,15136317,228520
9,14423302,228520
10,14756605,228520
11,14368767,228520
2,-3,276,434,228520
1,15132406,228560
9,14421569,228560
10,14756877,228560
11,14369107,228560
2,-5,278,434,228560
1,15129618,228600
9,14420549,228600
10,14757250,228600
11,14369039,228600
2,-5,275,435,228600
1,15129517,228640
9,14420753,228640
10,14758305,228640
11,14370127,228640
2,-4,277,434,228640
1,15132475,228680
9,14421296,228680
10,14761059,228680
11,14371725,228680
2,-5,278,433,228680
1,15136826,228720
9,14423438,228720
10,14763234,228720
11,14374003,228720
2,-5,278,432,228720
1,15141382,228760
9,14425751,228760
10,14766634,228760
11,14376042,228760
2,-6,277,434,228760
1002,80,228760,1787825080807
1004,721,228760,1787825080807
1002,80,228760,1787825082012
1004,734,228760,1787825082012
1004,766,228760,1787825082053
101,80,80,0,228760,1787825082057
222,0,sqi=100
101,80,80,0,228760,1787825082143
222,0,sqi=100
1,15145055,228800
9,14428164,228800
10,14769864,228800
11,14378661,228800
2,-4,280,434,228800
1,15150154,228840
9,14430680,228840
10,14773435,228840
11,14381346,228840
2,-6,277,433,228840
1,15155187,228880
9,14433979,228880
10,14776936,228880
11,14385087,228880
2,-6,276,434,228880
1,15160593,228920
9,14437583,228920
10,14781356,228920
11,14388486,228920
2,-4,279,432,228920
1,15166984,228960
9,14441153,228960
10,14786253,228960
11,14391717,228960
2,-4,275,434,228960
1,15173955,229000
9,14445504,229000
10,14790740,229000
11,14396069,229000
2,-5,279,433,229000
1,15181570,229040
9,14450333,229040
10,14795874,229040
11,14400352,229040
2,-5,277,434,229040
1,15188336,229080
9,14454786,229080
10,14801009,229080
11,14404773,229080
2,-4,277,433,229080
1,15195885,229120
9,14459104,229120
10,14806245,229120
11,14408785,229120
2,-4,277,433,229120
1,15202073,229160
9,14463626,229160
10,14811208,229160
11,14413306,229160
2,-5,280,432,229160
1,15203059,229200
9,14464919,229200
10,14813623,229200
11,14415449,229200
2,-5,277,433,229200
1,15196939,229240
9,14464137,229240
10,14814031,229240
11,14414463,229240
2,-5,279,433,229240
1,15189288,229280
9,14462470,229280
10,14814337,229280
11,14414055,229280
2,-4,276,435,229280
1,15182591,229320
9,14460465,229320
10,14813759,229320
11,14413544,229320
2,-4,277,432,229320
1,15178306,229360
9,14459002,229360
10,14814133,229360
11,14413442,229360
2,-4,278,435,229360
1,15176640,229400
9,14457812,229400
10,14814472,229400
11,14413510,229400
2,-4,279,434,229400
1,15177287,229440
9,14458220,229440
10,14815697,229440
11,14414939,229440
2,-5,277,433,229440
1,15179973,229480
9,14459308,229480
10,14817328,229480
11,14416469,229480
2,-4,278,434,229480
1,15183508,229520
9,14460907,229520
10,14819674,229520
11,14418747,229520
2,-6,277,435,229520
1,15186976,229560
9,14463048,229560
10,14822088,229560
11,14421059,229560
2,-5,277,434,229560
1,15190138,229600
9,14465224,229600
10,14824605,229600
11,14423473,229600
2,-4,276,433,229600
1,15194626,229640
9,14468149,229640
10,14827699,229640
11,14426091,229640
2,-5,277,434,229640
1,15198979,229680
9,14471073,229680
10,14830623,229680
11,14428912,229680
2,-4,277,434,229680
1,15203875,229720
9,14474166,229720
10,14834363,229720
11,14431769,229720
2,-6,278,432,229720
1,15208805,229760
9,14477601,229760
10,14837728,229760
11,14435576,229760
2,-5,277,432,229760
1,15214381,229800
9,14480728,229800
10,14841435,229800
11,14439011,229800
2,-5,278,433,229800
1,15219650,229840
9,14484469,229840
10,14845072,229840
11,14442546,229840
2,-5,276,434,229840
1,15224546,229880
9,14487800,229880
10,14848745,229880
11,14446116,229880
2,-5,279,434,229880
1,15229681,229920
9,14490895,229920
10,14852485,229920
11,14449652,229920
2,-4,276,434,229920
1,15227981,229960
9,14490996,229960
10,14853471,229960
11,14450060,229960
2,-6,276,433,229960
1,15221181,230000
9,14488242,230000
10,14853164,230000
11,14449074,230000
2,-5,278,433,230000
1,15213089,230040
9,14485250,230040
10,14852450,230040
11,14448734,230040
2,-4,278,435,230040
1,15205983,230080
9,14483176,230080
10,14851770,230080
11,14447783,230080
2,-6,279,435,230080
1,15201087,230120
9,14480014,230120
10,14850954,230120
11,14447544,230120
2,-5,279,433,230120
1,15198468,230160
9,14478076,230160
10,14850750,230160
11,14447749,230160
2,-4,277,434,230160
1,15198672,230200
9,14477295,230200
10,14851329,230200
11,14448224,230200
2,-5,279,434,230200
1,15200475,230240
9,14477193,230240
10,14852280,230240
11,14449449,230240
2,-5,276,432,230240
1,15201903,230280
9,14477532,230280
10,14852960,230280
11,14450741,230280
2,-2,279,434,230280
1,15203433,230320
9,14477907,230320
10,14854559,230320
11,14452270,230320
2,-6,278,434,230320
1,15205745,230360
9,14479062,230360
10,14856123,230360
11,14454209,230360
2,-3,279,433,230360
1002,80,230360,1787825082827
1004,789,230360,1787825082828
101,80,80,0,230360,1787825083688
222,0,sqi=100
101,80,80,0,230360,1787825083747
222,0,sqi=100
1,15208430,230400
9,14480150,230400
10,14858095,230400
11,14455772,230400
2,-5,277,434,230400
1,15212035,230440
9,14482156,230440
10,14860475,230440
11,14457609,230440
2,-4,279,432,230440
1,15216488,230480
9,14483822,230480
10,14862446,230480
11,14460363,230480
2,-4,275,433,230480
1,15220195,230520
9,14485454,230520
10,14865234,230520
11,14463048,230520
2,-3,277,434,230520
1,15224886,230560
9,14487835,230560
10,14867818,230560
11,14466143,230560
2,-4,278,434,230560
1,15229306,230600
9,14489908,230600
10,14870743,230600
11,14468081,230600
2,-3,277,434,230600
1,15232605,230640
9,14491676,230640
10,14873700,230640
11,14470868,230640
2,-5,276,433,230640
1,15227844,230680
9,14488990,230680
10,14873055,230680
11,14469917,230680
2,-4,277,434,230680
1,15220024,230720
9,14485115,230720
10,14872000,230720
11,14467809,230720
2,-4,278,432,230720
1,15212204,230760
9,14481408,230760
10,14870878,230760
11,14466585,230760
2,-3,278,433,230760
1,15205983,230800
9,14477532,230800
10,14869858,230800
11,14465871,230800
2,-3,278,432,230800
1,15201903,230840
9,14474405,230840
10,14869654,230840
11,14464919,230840
2,-5,278,434,230840
1,15200406,230880
9,14472296,230880
10,14869723,230880
11,14465496,230880
2,-4,278,434,230880
1,15202107,230920
9,14471922,230920
10,14870470,230920
11,14465904,230920
2,-5,277,434,230920
1,15205166,230960
9,14472161,230960
10,14871933,230960
11,14467503,230960
2,-4,277,434,230960
1,15207580,231000
9,14473180,231000
10,14874108,231000
11,14468760,231000
2,-4,277,433,231000
1,15210742,231040
9,14473929,231040
10,14875774,231040
11,14469780,231040
2,-4,278,433,231040
1,15214041,231080
9,14475492,231080
10,14877509,231080
11,14472365,231080
2,-4,277,434,231080
1,15218631,231120
9,14477669,231120
10,14880364,231120
11,14474099,231120
2,-5,278,434,231120
1,15223016,231160
9,14479947,231160
10,14883526,231160
11,14477057,231160
2,-4,278,433,231160
1,15228423,231200
9,14483244,231200
10,14886451,231200
11,14479947,231200
2,-3,277,433,231200
1,15233829,231240
9,14486339,231240
10,14890361,231240
11,14482666,231240
2,-5,279,434,231240
1,15239778,231280
9,14490589,231280
10,14893999,231280
11,14486169,231280
2,-6,277,435,231280
1,15246137,231320
9,14494193,231320
10,14897739,231320
11,14489739,231320
2,-4,278,434,231320
1,15250828,231360
9,14496810,231360
10,14901513,231360
11,14492391,231360
2,-5,277,433,231360
1,15247667,231400
9,14495824,231400
10,14901784,231400
11,14492187,231400
2,-4,278,433,231400
1,15239744,231440
9,14493581,231440
10,14901648,231440
11,14491643,231440
2,-5,277,435,231440
1,15231755,231480
9,14490623,231480
10,14901138,231480
11,14490691,231480
2,-6,278,432,231480
1,15224818,231520
9,14487494,231520
10,14901104,231520
11,14489908,231520
2,-3,277,433,231520
1,15220534,231560
9,14485182,231560
10,14900934,231560
11,14489636,231560
2,-6,278,432,231560
1,15218086,231600
9,14484162,231600
10,14901138,231600
11,14489908,231600
2,-6,279,435,231600
1,15218869,231640
9,14484129,231640
10,14902295,231640
11,14491132,231640
2,-4,276,434,231640
1,15222711,231680
9,14485012,231680
10,14904301,231680
11,14492696,231680
2,-4,276,434,231680
1,15226008,231720
9,14486678,231720
10,14906375,231720
11,14494668,231720
2,-4,278,432,231720
1,15229953,231760
9,14488854,231760
10,14908857,231760
11,14497150,231760
2,-5,278,433,231760
1,15233761,231800
9,14491643,231800
10,14911645,231800
11,14499700,231800
2,-5,277,436,231800
1,15238351,231840
9,14494634,231840
10,14915113,231840
11,14502659,231840
2,-5,277,434,231840
1,15243416,231880
9,14498307,231880
10,14918819,231880
11,14505243,231880
2,-5,277,433,231880
1,15249401,231920
9,14502455,231920
10,14922082,231920
11,14508846,231920
2,-5,276,435,231920
1,15255589,231960
9,14506195,231960
10,14926366,231960
11,14512178,231960
2,-5,282,433,231960
1002,80,231800,1787825084030
1004,755,231800,1787825084030
1002,80,231960,1787825084866
1004,706,231960,1787825084867
1004,727,231960,1787825084867
101,80,80,0,231960,1787825085347
1,15261878,232000
222,0,sqi=100
9,14511056,232000
10,14930718,232000
11,14516327,232000
2,-5,275,433,232000
1,15268339,232040
9,14515238,232040
10,14934832,232040
11,14519761,232040
2,-4,276,436,232040
1,15274866,232080
9,14519897,232080
10,14939355,232080
11,14523704,232080
2,-5,276,432,232080
1,15279151,232120
9,14523670,232120
10,14942857,232120
11,14527342,232120
2,-5,278,434,232120
1,15275580,232160
9,14522957,232160
10,14943571,232160
11,14527036,232160
2,-4,277,433,232160
1,15265891,232200
9,14520338,232200
10,14943503,232200
11,14526730,232200
2,-6,275,434,232200
1,15256472,232240
9,14517109,232240
10,14943163,232240
11,14525574,232240
2,-6,278,433,232240
1,15248210,232280
9,14513301,232280
10,14942143,232280
11,14524793,232280
2,-5,276,434,232280
1,15241852,232320
9,14510309,232320
10,14941463,232320
11,14524555,232320
2,-5,277,432,232320
1,15238929,232360
9,14507385,232360
10,14941599,232360
11,14524691,232360
2,-5,277,435,232360
1,15238827,232400
9,14506807,232400
10,14941939,232400
11,14524963,232400
2,-5,276,434,232400
1,15240799,232440
9,14506773,232440
10,14943672,232440
11,14526356,232440
2,-5,277,434,232440
1,15243145,232480
9,14507521,232480
10,14945848,232480
11,14528193,232480
2,-6,277,436,232480
1,15245355,232520
9,14508405,232520
10,14947684,232520
11,14529655,232520
2,-4,277,434,232520
1,15248414,232560
9,14509900,232560
10,14950065,232560
11,14531626,232560
2,-4,279,435,232560
1,15251678,232600
9,14511771,232600
10,14951968,232600
11,14533326,232600
2,-5,278,434,232600
1,15255351,232640
9,14513845,232640
10,14955029,232640
11,14535809,232640
2,-6,277,434,232640
1,15259974,232680
9,14516667,232680
10,14958293,232680
11,14538426,232680
2,-6,278,434,232680
1,15265075,232720
9,14518911,232720
10,14961726,232720
11,14541418,232720
2,-6,277,433,232720
1,15270345,232760
9,14522412,232760
10,14964990,232760
11,14544275,232760
2,-5,276,434,232760
1,15275002,232800
9,14526255,232800
10,14968935,232800
11,14547028,232800
2,-6,278,436,232800
1,15280918,232840
9,14529349,232840
10,14972402,232840
11,14550667,232840
2,-5,275,435,232840
1,15286461,232880
9,14533190,232880
10,14976550,232880
11,14553590,232880
2,-6,277,433,232880
1,15286290,232920
9,14532885,232920
10,14978319,232920
11,14554712,232920
2,-5,276,435,232920
1,15279219,232960
9,14530572,232960
10,14978115,232960
11,14553250,232960
2,-5,277,433,232960
1,15269155,233000
9,14526730,233000
10,14977299,233000
11,14552401,233000
2,-6,276,433,233000
1,15258648,233040
9,14521902,233040
10,14976720,233040
11,14550667,233040
2,-6,278,433,233040
1,15251066,233080
9,14517313,233080
10,14975122,233080
11,14549511,233080
2,-5,276,434,233080
1,15247055,233120
9,14514354,233120
10,14975020,233120
11,14548559,233120
2,-4,278,435,233120
1,15244811,233160
9,14512688,233160
10,14974714,233160
11,14548321,233160
2,-4,276,434,233160
1,15246306,233200
9,14512485,233200
10,14975803,233200
11,14549477,233200
2,-5,275,434,233200
1,15248585,233240
9,14513096,233240
10,14977231,233240
11,14550361,233240
2,-6,277,434,233240
1,15250896,233280
9,14513947,233280
10,14978420,233280
11,14551381,233280
2,-5,276,434,233280
1,15253821,233320
9,14515579,233320
10,14980529,233320
11,14552638,233320
2,-4,277,433,233320
1,15257493,233360
9,14517686,233360
10,14982705,233360
11,14554781,233360
2,-6,276,435,233360
1,15260926,233400
9,14520168,233400
10,14985016,233400
11,14556821,233400
2,-3,278,433,233400
1,15264565,233440
9,14522753,233440
10,14987431,233440
11,14558860,233440
2,-4,276,434,233440
1,15269665,233480
9,14525643,233480
10,14990457,233480
11,14561445,233480
2,-5,277,435,233480
1,15275172,233520
9,14529144,233520
10,14993313,233520
11,14564471,233520
2,-4,276,434,233520
1,15280408,233560
9,14533122,233560
10,14997291,233560
11,14567360,233560
2,-5,276,436,233560
1002,80,233560,1787825086067
1004,760,233560,1787825086067
101,80,80,0,233560,1787825086887
222,0,sqi=100
1002,80,233560,1787825086891
1004,778,233560,1787825086891
101,80,80,0,233560,1787825086937
222,0,sqi=100
1,15286154,233600
9,14536931,233600
10,15000453,233600
11,14570590,233600
2,-5,275,434,233600
1,15291935,233640
9,14541248,233640
10,15004090,233640
11,14574093,233640
2,-5,276,433,233640
1,15297477,233680
9,14544682,233680
10,15007593,233680
11,14576643,233680
2,-4,276,435,233680
1,15295844,233720
9,14545091,233720
10,15008748,233720
11,14577595,233720
2,-5,276,434,233720
1,15287922,233760
9,14542439,233760
10,15008511,233760
11,14576575,233760
2,-4,276,435,233760
1,15279252,233800
9,14539515,233800
10,15007559,233800
11,14575385,233800
2,-4,277,434,233800
1,15271704,233840
9,14536115,233840
10,15006368,233840
11,14574806,233840
2,-4,277,434,233840
1,15267081,233880
9,14533939,233880
10,15005824,233880
11,14574943,233880
2,-5,276,435,233880
1,15264871,233920
9,14532171,233920
10,15005654,233920
11,14574773,233920
2,-4,277,434,233920
1,15265958,233960
9,14532306,233960
10,15006300,233960
11,14575521,233960
2,-3,276,435,233960
1,15267862,234000
9,14532545,234000
10,15006845,234000
11,14577051,234000
2,-4,276,435,234000
1,15269665,234040
9,14532919,234040
10,15008443,234040
11,14578172,234040
2,-4,277,433,234040
1,15272724,234080
9,14533905,234080
10,15009361,234080
11,14579294,234080
2,-5,277,435,234080
1,15274663,234120
9,14534992,234120
10,15010890,234120
11,14580824,234120
2,-5,275,435,234120
1,15277314,234160
9,14536760,234160
10,15013032,234160
11,14582388,234160
2,-5,277,435,234160
1,15280748,234200
9,14538155,234200
10,15014631,234200
11,14584327,234200
2,-4,275,435,234200
1,15284829,234240
9,14540909,234240
10,15017214,234240
11,14586536,234240
2,-4,277,434,234240
1,15289317,234280
9,14543560,234280
10,15019935,234280
11,14588916,234280
2,-5,275,435,234280
1,15293838,234320
9,14546111,234320
10,15022620,234320
11,14591229,234320
2,-4,276,435,234320
1,15299482,234360
9,14549035,234360
10,15024932,234360
11,14593881,234360
2,-4,275,436,234360
1,15303936,234400
9,14552163,234400
10,15027686,234400
11,14596600,234400
2,-4,276,436,234400
1,15304209,234440
9,14552230,234440
10,15029047,234440
11,14596907,234440
2,-4,278,433,234440
1,15297409,234480
9,14549477,234480
10,15028706,234480
11,14595682,234480
2,-3,276,433,234480
1,15289589,234520
9,14546144,234520
10,15027788,234520
11,14594357,234520
2,-5,277,434,234520
1,15282857,234560
9,14543017,234560
10,15026972,234560
11,14593676,234560
2,-4,276,435,234560
1,15278878,234600
9,14540092,234600
10,15026429,234600
11,14593371,234600
2,-5,277,433,234600
1,15277145,234640
9,14538121,234640
10,15026462,234640
11,14593030,234640
2,-3,278,435,234640
1,15278641,234680
9,14537917,234680
10,15027075,234680
11,14594152,234680
2,-2,277,434,234680
1,15281293,234720
9,14537917,234720
10,15028400,234720
11,14594866,234720
2,-5,276,434,234720
1,15285406,234760
9,14538835,234760
10,15029897,234760
11,14596498,234760
2,-5,276,434,234760
1,15289452,234800
9,14540807,234800
10,15031393,234800
11,14597586,234800
2,-4,277,432,234800
1,15293465,234840
9,14542268,234840
10,15033875,234840
11,14599695,234840
2,-4,277,434,234840
1,15297409,234880
9,14544479,234880
10,15036153,234880
11,14601394,234880
2,-4,276,435,234880
1,15302679,234920
9,14547539,234920
10,15039009,234920
11,14604012,234920
2,-4,276,435,234920
1,15308289,234960
9,14551109,234960
10,15041967,234960
11,14606868,234960
2,-4,277,435,234960
1,15314068,235000
9,14554848,235000
10,15045264,235000
11,14609520,235000
2,-3,277,434,235000
1,15320256,235040
9,14558622,235040
10,15048461,235040
11,14612036,235040
2,-3,277,434,235040
1,15327022,235080
9,14563280,235080
10,15052472,235080
11,14615334,235080
2,-4,277,434,235080
1,15333415,235120
9,14567530,235120
10,15056076,235120
11,14618598,235120
2,-4,278,434,235120
1,15336611,235160
9,14570387,235160
10,15058830,235160
11,14620604,235160
2,-3,276,433,235160
1002,80,235160,1787825088093
1004,785,235160,1787825088094
1004,728,235160,1787825088094
101,80,80,0,235160,1787825088472
222,0,sqi=100
1,15333754,235200
9,14569298,235200
10,15059715,235200
11,14620060,235200
2,-6,274,435,235200
1,15326717,235240
9,14567293,235240
10,15060089,235240
11,14619584,235240
2,-4,278,433,235240
1,15320800,235280
9,14565830,235280
10,15060292,235280
11,14619517,235280
2,-4,277,434,235280
1,15316414,235320
9,14564335,235320
10,15060768,235320
11,14619482,235320
2,-5,277,434,235320
1,15315122,235360
9,14563791,235360
10,15061244,235360
11,14620094,235360
2,-5,277,434,235360
1,15315769,235400
9,14563858,235400
10,15062401,235400
11,14621149,235400
2,-4,276,434,235400
1,15319951,235440
9,14565558,235440
10,15063930,235440
11,14622815,235440
2,-6,276,432,235440
1,15325390,235480
9,14567871,235480
10,15066548,235480
11,14625160,235480
2,-6,276,433,235480
1,15330287,235520
9,14570795,235520
10,15069200,235520
11,14627269,235520
2,-6,278,435,235520
1,15335760,235560
9,14574093,235560
10,15072294,235560
11,14629920,235560
2,-5,279,435,235560
1,15341371,235600
9,14577798,235600
10,15074980,235600
11,14632334,235600
2,-5,279,432,235600
1,15347355,235640
9,14581810,235640
10,15078449,235640
11,14634953,235640
2,-4,279,434,235640
1,15353712,235680
9,14585924,235680
10,15082053,235680
11,14638115,235680
2,-5,277,434,235680
1,15359560,235720
9,14590514,235720
10,15085827,235720
11,14641311,235720
2,-5,279,433,235720
1,15366326,235760
9,14595309,235760
10,15089873,235760
11,14644575,235760
2,-4,279,434,235760
1,15372956,235800
9,14600000,235800
10,15093714,235800
11,14648417,235800
2,-5,278,434,235800
1,15379859,235840
9,14604692,235840
10,15097863,235840
11,14651817,235840
2,-6,277,432,235840
1,15387100,235880
9,14610269,235880
10,15102147,235880
11,14655387,235880
2,-4,277,433,235880
1,15392846,235920
9,14614144,235920
10,15105921,235920
11,14658582,235920
2,-5,279,434,235920
1,15391963,235960
9,14613872,235960
10,15107076,235960
11,14658888,235960
2,-5,277,433,235960
1,15385571,236000
9,14612751,236000
10,15107791,236000
11,14658481,236000
2,-3,278,432,236000
1,15377309,236040
9,14611084,236040
10,15107723,236040
11,14657393,236040
2,-4,276,434,236040
1,15371733,236080
9,14608840,236080
10,15107689,236080
11,14656985,236080
2,-5,278,435,236080
1,15367924,236120
9,14607106,236120
10,15108709,236120
11,14657155,236120
2,-5,278,434,236120
1,15367074,236160
9,14606767,236160
10,15108573,236160
11,14657121,236160
2,-4,277,435,236160
1,15369114,236200
9,14606427,236200
10,15109729,236200
11,14658718,236200
2,-5,279,434,236200
1,15372446,236240
9,14607719,236240
10,15111327,236240
11,14659704,236240
2,-6,277,434,236240
1,15376255,236280
9,14609044,236280
10,15113197,236280
11,14661303,236280
2,-7,277,433,236280
1,15380266,236320
9,14610779,236320
10,15115169,236320
11,14662662,236320
2,-2,276,434,236320
1,15384415,236360
9,14613227,236360
10,15117311,236360
11,14664362,236360
2,-6,278,433,236360
1,15387916,236400
9,14615810,236400
10,15119622,236400
11,14666266,236400
2,-4,279,433,236400
1,15392710,236440
9,14618054,236440
10,15121900,236440
11,14667796,236440
2,-5,277,433,236440
1,15397028,236480
9,14621115,236480
10,15124416,236480
11,14670346,236480
2,-4,275,433,236480
1,15402264,236520
9,14624345,236520
10,15127102,236520
11,14672625,236520
2,-6,278,432,236520
1,15406990,236560
9,14627099,236560
10,15129891,236560
11,14674562,236560
2,-4,276,432,236560
1,15412906,236600
9,14631179,236600
10,15133189,236600
11,14677181,236600
2,-5,275,436,236600
1,15417735,236640
9,14635021,236640
10,15136112,236640
11,14679663,236640
2,-4,277,433,236640
1,15423718,236680
9,14638794,236680
10,15139172,236680
11,14682314,236680
2,-4,278,435,236680
1,15427900,236720
9,14641888,236720
10,15141994,236720
11,14684694,236720
2,-3,276,433,236720
1,15424432,236760
9,14640699,236760
10,15141518,236760
11,14683572,236760
2,-5,276,435,236760
1002,80,236760,1787825089720
1004,734,236760,1787825089720
1002,80,236760,1787825089723
1004,777,236760,1787825089724
101,80,80,0,236760,1787825090061
222,0,sqi=100
101,79,80,0,236760,1787825090140
222,0,sqi=100
1,15416340,236800
9,14639033,236800
10,15140872,236800
11,14681941,236800
2,-4,277,433,236800
1,15408044,236840
9,14636449,236840
10,15139921,236840
11,14680445,236840
2,-5,278,435,236840
1,15400837,236880
9,14633797,236880
10,15138969,236880
11,14679493,236880
2,-5,276,434,236880
1,15396961,236920
9,14632165,236920
10,15137983,236920
11,14678676,236920
2,-3,279,435,236920
1,15394547,236960
9,14630294,236960
10,15137336,236960
11,14678166,236960
2,-4,276,433,236960
1,15394615,237000
9,14629988,237000
10,15137779,237000
11,14678303,237000
2,-5,277,434,237000
1,15396009,237040
9,14630363,237040
10,15138424,237040
11,14678847,237040
2,-5,275,433,237040
1,15397640,237080
9,14630328,237080
10,15138153,237080
11,14678779,237080
2,-6,277,433,237080
1,15399205,237120
9,14631077,237120
10,15138561,237120
11,14679493,237120
2,-3,277,435,237120
1,15400429,237160
9,14631723,237160
10,15139750,237160
11,14680138,237160
2,-5,276,435,237160
1,15402060,237200
9,14632505,237200
10,15139955,237200
11,14680682,237200
2,-5,278,433,237200
1,15404134,237240
9,14633797,237240
10,15141382,237240
11,14681805,237240
2,-4,279,434,237240
1,15406854,237280
9,14635462,237280
10,15142573,237280
11,14683402,237280
2,-5,277,433,237280
1,15410425,237320
9,14637503,237320
10,15144205,237320
11,14684728,237320
2,-5,277,435,237320
1,15413212,237360
9,14639712,237360
10,15145701,237360
11,14686258,237360
2,-4,277,434,237360
1,15416953,237400
9,14642364,237400
10,15147434,237400
11,14688197,237400
2,-3,277,434,237400
1,15421305,237440
9,14644948,237440
10,15149236,237440
11,14690407,237440
2,-4,278,433,237440
1,15421746,237480
9,14645051,237480
10,15149644,237480
11,14690611,237480
2,-4,278,432,237480
1,15415015,237520
9,14642297,237520
10,15148284,237520
11,14688129,237520
2,-4,278,433,237520
1,15405461,237560
9,14638591,237560
10,15146516,237560
11,14685137,237560
2,-3,278,434,237560
1,15395975,237600
9,14634953,237600
10,15144749,237600
11,14683198,237600
2,-4,276,433,237600
1,15389038,237640
9,14631791,237640
10,15143015,237640
11,14680819,237640
2,-6,277,434,237640
1,15384347,237680
9,14629207,237680
10,15142097,237680
11,14679391,237680
2,-3,278,433,237680
1,15382544,237720
9,14627609,237720
10,15141484,237720
11,14677895,237720
2,-6,277,434,237720
1,15383666,237760
9,14627064,237760
10,15141825,237760
11,14678370,237760
2,-5,276,433,237760
1,15385911,237800
9,14627099,237800
10,15142199,237800
11,14678200,237800
2,-4,279,432,237800
1,15386794,237840
9,14627439,237840
10,15143015,237840
11,14678609,237840
2,-4,277,434,237840
1,15389311,237880
9,14629003,237880
10,15143831,237880
11,14678779,237880
2,-5,278,434,237880
1,15391996,237920
9,14630532,237920
10,15144953,237920
11,14678949,237920
2,-5,277,434,237920
1,15394547,237960
9,14632300,237960
10,15146890,237960
11,14680546,237960
2,-5,277,433,237960
1,15398491,238000
9,14634749,238000
10,15148352,238000
11,14681941,238000
2,-5,278,436,238000
1,15402979,238040
9,14638217,238040
10,15150495,238040
11,14683164,238040
2,-3,278,434,238040
1,15407467,238080
9,14641209,238080
10,15152772,238080
11,14685341,238080
2,-5,277,433,238080
1,15413110,238120
9,14644677,238120
10,15155628,238120
11,14687788,238120
2,-3,278,434,238120
1,15418891,238160
9,14648417,238160
10,15158247,238160
11,14689828,238160
2,-5,277,434,238160
1,15424399,238200
9,14652360,238200
10,15161511,238200
11,14692582,238200
2,-4,276,433,238200
1,15423718,238240
9,14652394,238240
10,15162088,238240
11,14692073,238240
2,-4,278,434,238240
1,15415797,238280
9,14649810,238280
10,15161205,238280
11,14689250,238280
2,-3,276,433,238280
1,15405392,238320
9,14646751,238320
10,15159573,238320
11,14686462,238320
2,-4,277,435,238320
1,15395668,238360
9,14643350,238360
10,15157737,238360
11,14683369,238360
2,-4,278,433,238360
1002,80,238360,1787825090913
1004,794,238360,1787825090954
101,79,80,0,238360,1787825091682
222,0,sqi=100
1002,79,238480,1787825091752
1004,742,238480,1787825091752
101,79,79,0,238360,1787825091752
1004,752,238480,1787825091752
222,0,sqi=100
1,15387407,238400
9,14639883,238400
10,15155969,238400
11,14680343,238400
2,-4,277,435,238400
1,15382102,238440
9,14637774,238440
10,15154846,238440
11,14678575,238440
2,-4,277,433,238440
1,15378941,238480
9,14635837,238480
10,15154404,238480
11,14677453,238480
2,-4,277,435,238480
1,15378363,238520
9,14635360,238520
10,15154336,238520
11,14676670,238520
2,-3,276,434,238520
1,15377648,238560
9,14635360,238560
10,15154473,238560
11,14676500,238560
2,-6,277,434,238560
1,15377444,238600
9,14635462,238600
10,15154541,238600
11,14676500,238600
2,-5,278,434,238600
1,15377513,238640
9,14636143,238640
10,15155255,238640
11,14676500,238640
2,-4,275,435,238640
1,15378057,238680
9,14636143,238680
10,15155798,238680
11,14676467,238680
2,-4,277,435,238680
1,15380063,238720
9,14637672,238720
10,15156887,238720
11,14677249,238720
2,-5,277,437,238720
1,15382034,238760
9,14639304,238760
10,15158654,238760
11,14678132,238760
2,-6,278,432,238760
1,15384856,238800
9,14641446,238800
10,15159845,238800
11,14679221,238800
2,-4,276,435,238800
1,15387950,238840
9,14643656,238840
10,15161511,238840
11,14680377,238840
2,-6,277,433,238840
1,15390705,238880
9,14645696,238880
10,15163822,238880
11,14682145,238880
2,-5,277,432,238880
1,15395396,238920
9,14648654,238920
10,15165897,238920
11,14684049,238920
2,-6,277,433,238920
1,15398831,238960
9,14651714,238960
10,15168141,238960
11,14685443,238960
2,-5,277,434,238960
1,15395532,239000
9,14649573,239000
10,15168005,239000
11,14684252,239000
2,-4,278,434,239000
1,15384584,239040
9,14645085,239040
10,15165693,239040
11,14680887,239040
2,-5,276,434,239040
1,15370542,239080
9,14639304,239080
10,15162905,239080
11,14675889,239080
2,-5,276,435,239080
1,15358302,239120
9,14633592,239120
10,15159505,239120
11,14671842,239120
2,-5,277,435,239120
1,15348239,239160
9,14628017,239160
10,15157158,239160
11,14668375,239160
2,-5,278,435,239160
1,15341268,239200
9,14623189,239200
10,15154404,239200
11,14664328,239200
2,-5,276,435,239200
1,15336475,239240
9,14619618,239240
10,15152841,239240
11,14662425,239240
2,-5,276,434,239240
1,15334401,239280
9,14617613,239280
10,15151344,239280
11,14661166,239280
2,-5,275,434,239280
1,15332157,239320
9,14616083,239320
10,15150461,239320
11,14659806,239320
2,-7,277,434,239320
1,15330967,239360
9,14614315,239360
10,15149882,239360
11,14658957,239360
2,-5,277,434,239360
1,15330321,239400
9,14613669,239400
10,15149236,239400
11,14657699,239400
2,-4,277,434,239400
1,15329878,239440
9,14613295,239440
10,15149169,239440
11,14657733,239440
2,-5,278,433,239440
1,15330423,239480
9,14613227,239480
10,15149066,239480
11,14657460,239480
2,-5,278,433,239480
1,15331409,239520
9,14614110,239520
10,15149678,239520
11,14657563,239520
2,-5,275,434,239520
1,15333346,239560
9,14615504,239560
10,15150869,239560
11,14658412,239560
2,-3,278,433,239560
1,15335658,239600
9,14616966,239600
10,15151209,239600
11,14659432,239600
2,-4,276,435,239600
1,15337631,239640
9,14619007,239640
10,15152500,239640
11,14660589,239640
2,-5,278,433,239640
1,15340860,239680
9,14620843,239680
10,15153793,239680
11,14661846,239680
2,-4,276,434,239680
1,15343036,239720
9,14622849,239720
10,15155153,239720
11,14662934,239720
2,-6,277,434,239720
1,15335999,239760
9,14619041,239760
10,15153078,239760
11,14659738,239760
2,-4,278,434,239760
1,15321922,239800
9,14612920,239800
10,15150052,239800
11,14654672,239800
2,-4,276,433,239800
1,15307098,239840
9,14605950,239840
10,15145531,239840
11,14649946,239840
2,-4,278,433,239840
1,15293771,239880
9,14598164,239880
10,15141553,239880
11,14645085,239880
2,-5,276,433,239880
1,15283129,239920
9,14591331,239920
10,15137711,239920
11,14641038,239920
2,-4,278,433,239920
1,15275989,239960
9,14585924,239960
10,15134209,239960
11,14637809,239960
2,-4,279,433,239960
1002,80,239960,1787825092932
1004,760,239960,1787825092932
101,79,80,0,239960,1787825093302
222,0,sqi=100
1,15271161,240000
9,14581776,240000
10,15132271,240000
11,14635190,240000
2,-3,278,434,240000
1,15268475,240040
9,14578920,240040
10,15130095,240040
11,14633184,240040
2,-4,277,432,240040
1,15266196,240080
9,14576133,240080
10,15128700,240080
11,14631926,240080
2,-4,278,434,240080
1,15263069,240120
9,14573957,240120
10,15126932,240120
11,14630260,240120
2,-5,277,435,240120
1,15261165,240160
9,14571951,240160
10,15125709,240160
11,14628969,240160
2,-4,277,433,240160
1,15260042,240200
9,14571271,240200
10,15125198,240200
11,14628187,240200
2,-5,278,433,240200
1,15260042,240240
9,14569843,240240
10,15124655,240240
11,14627643,240240
2,-4,278,434,240240
1,15261267,240280
9,14569876,240280
10,15125062,240280
11,14628220,240280
2,-6,278,435,240280
1,15262626,240320
9,14570420,240320
10,15125334,240320
11,14628187,240320
2,-2,278,433,240320
1,15265075,240360
9,14571066,240360
10,15125743,240360
11,14629172,240360
2,-4,279,433,240360
1,15267556,240400
9,14572188,240400
10,15127102,240400
11,14629887,240400
2,-5,276,434,240400
1,15265550,240440
9,14570250,240440
10,15126354,240440
11,14628798,240440
2,-4,277,434,240440
1,15254637,240480
9,14563552,240480
10,15123261,240480
11,14624276,240480
2,-6,278,435,240480
1,15240595,240520
9,14555766,240520
10,15119554,240520
11,14618905,240520
2,-5,275,433,240520
1,15226893,240560
9,14546927,240560
10,15114727,240560
11,14613669,240560
2,-4,276,433,240560
1,15216693,240600
9,14539345,240600
10,15110477,240600
11,14608671,240600
2,-5,277,434,240600
1,15208941,240640
9,14532749,240640
10,15107076,240640
11,14604692,240640
2,-4,278,433,240640
1,15204725,240680
9,14528465,240680
10,15104628,240680
11,14601904,240680
2,-4,277,433,240680
1,15203127,240720
9,14524963,240720
10,15102861,240720
11,14600034,240720
2,-4,277,435,240720
1,15201631,240760
9,14522991,240760
10,15101500,240760
11,14598879,240760
2,-3,278,433,240760
1,15200985,240800
9,14520440,240800
10,15100277,240800
11,14596907,240800
2,-4,277,433,240800
1,15199012,240840
9,14518707,240840
10,15099359,240840
11,14595138,240840
2,-4,278,435,240840
1,15198027,240880
9,14517585,240880
10,15098440,240880
11,14593778,240880
2,-3,277,434,240880
1,15197516,240920
9,14516633,240920
10,15097829,240920
11,14592214,240920
2,-4,278,433,240920
1,15197958,240960
9,14516429,240960
10,15097727,240960
11,14591364,240960
2,-4,277,434,240960
1,15197925,241000
9,14516497,241000
10,15096978,241000
11,14590990,241000
2,-4,277,435,241000
1,15198367,241040
9,14516938,241040
10,15097251,241040
11,14590413,241040
2,-6,277,433,241040
1,15199522,241080
9,14517517,241080
10,15097421,241080
11,14590311,241080
2,-5,277,433,241080
1,15200236,241120
9,14517619,241120
10,15097693,241120
11,14590480,241120
2,-4,278,433,241120
1,15195545,241160
9,14514185,241160
10,15096095,241160
11,14587557,241160
2,-4,277,433,241160
1,15182148,241200
9,14506228,241200
10,15091573,241200
11,14581607,241200
2,-3,279,433,241200
1,15166882,241240
9,14496470,241240
10,15086302,241240
11,14574534,241240
2,-5,277,436,241240
1,15153521,241280
9,14486984,241280
10,15081134,241280
11,14568210,241280
2,-2,276,433,241280
1,15143593,241320
9,14477940,241320
10,15075967,241320
11,14562057,241320
2,-3,278,433,241320
1,15136860,241360
9,14471073,241360
10,15071649,241360
11,14557773,241360
2,-6,275,436,241360
1,15134004,241400
9,14466822,241400
10,15068928,241400
11,14554372,241400
2,-3,278,435,241400
1,15134140,241440
9,14464578,241440
10,15067263,241440
11,14552094,241440
2,-6,277,434,241440
1,15135433,241480
9,14463082,241480
10,15065631,241480
11,14550395,241480
2,-5,278,434,241480
1,15137268,241520
9,14462742,241520
10,15065223,241520
11,14549307,241520
2,-6,278,432,241520
1,15140125,241560
9,14462742,241560
10,15065053,241560
11,14549238,241560
2,-4,279,434,241560
1002,80,241560,1787825093751
1004,746,241560,1787825093751
1004,698,241560,1787825093751
101,79,80,0,241560,1787825094868
222,0,sqi=100
101,80,80,0,241560,1787825094923
222,0,sqi=100
1,15142981,241600
9,14463389,241600
10,15065733,241600
11,14549238,241600
2,-5,278,433,241600
1,15147639,241640
9,14464817,241640
10,15065698,241640
11,14549204,241640
2,-4,278,434,241640
1,15152331,241680
9,14467367,241680
10,15067297,241680
11,14550156,241680
2,-5,278,434,241680
1,15158451,241720
9,14470053,241720
10,15068996,241720
11,14551959,241720
2,-3,276,433,241720
1,15163925,241760
9,14473758,241760
10,15071376,241760
11,14554032,241760
2,-5,278,432,241760
1,15170929,241800
9,14476818,241800
10,15073451,241800
11,14555937,241800
2,-3,277,435,241800
1,15176436,241840
9,14480864,241840
10,15076306,241840
11,14558248,241840
2,-5,278,434,241840
1,15177456,241880
9,14480355,241880
10,15076408,241880
11,14557330,241880
2,-6,279,433,241880
1,15168889,241920
9,14475390,241920
10,15074573,241920
11,14553455,241920
2,-4,278,433,241920
1,15157668,241960
9,14469270,241960
10,15070288,241960
11,14548286,241960
2,-4,278,434,241960
1,15146789,242000
9,14461791,242000
10,15066243,242000
11,14543594,242000
2,-5,278,435,242000
1,15138561,242040
9,14455364,242040
10,15062299,242040
11,14539072,242040
2,-4,278,434,242040
1,15132985,242080
9,14449687,242080
10,15059136,242080
11,14535536,242080
2,-5,277,434,242080
1002,80,241840,1787825094980
1004,721,241840,1787825094980
1,15130503,242120
9,14446423,242120
10,15056960,242120
11,14533088,242120
2,-5,277,432,242120
1,15130061,242160
9,14444417,242160
10,15055158,242160
11,14531388,242160
2,-4,278,432,242160
1,15131284,242200
9,14443192,242200
10,15054581,242200
11,14530334,242200
2,-6,278,434,242200
1,15132679,242240
9,14442682,242240
10,15053697,242240
11,14529315,242240
2,-4,277,434,242240
1,15134175,242280
9,14442785,242280
10,15053255,242280
11,14529042,242280
2,-4,279,433,242280
1,15136928,242320
9,14443227,242320
10,15053391,242320
11,14529042,242320
2,-5,277,433,242320
1,15139716,242360
9,14444348,242360
10,15054037,242360
11,14529178,242360
2,-5,276,433,242360
1,15143661,242400
9,14446287,242400
10,15055396,242400
11,14530539,242400
2,-5,279,434,242400
1,15148998,242440
9,14448496,242440
10,15057096,242440
11,14532136,242440
2,-6,279,434,242440
1,15154541,242480
9,14451420,242480
10,15059273,242480
11,14534279,242480
2,-4,276,435,242480
1,15160184,242520
9,14454107,242520
10,15061448,242520
11,14536625,242520
2,-4,278,433,242520
1,15166814,242560
9,14457438,242560
10,15063965,242560
11,14538835,242560
2,-4,277,433,242560
1,15174295,242600
9,14461042,242600
10,15066990,242600
11,14541282,242600
2,-5,277,435,242600
1,15170520,242640
9,14459275,242640
10,15065970,242640
11,14538936,242640
2,-5,278,433,242640
1,15160729,242680
9,14453494,242680
10,15063047,242680
11,14534482,242680
2,-5,277,434,242680
1,15150495,242720
9,14447375,242720
10,15059034,242720
11,14529553,242720
2,-4,275,435,242720
1,15141859,242760
9,14441493,242760
10,15055465,242760
11,14524997,242760
2,-5,282,432,242760
1,15135398,242800
9,14435781,242800
10,15051860,242800
11,14521290,242800
2,-5,275,432,242800
1,15131183,242840
9,14432550,242840
10,15048801,242840
11,14518196,242840
2,-5,275,433,242840
1,15130095,242880
9,14430000,242880
10,15047237,242880
11,14516735,242880
2,-6,277,434,242880
1,15130605,242920
9,14429015,242920
10,15045672,242920
11,14515715,242920
2,-4,277,436,242920
1,15131251,242960
9,14428505,242960
10,15044856,242960
11,14514797,242960
2,-4,274,436,242960
1,15132951,243000
9,14428198,243000
10,15044244,243000
11,14514593,243000
2,-5,276,436,243000
1,15135024,243040
9,14428606,243040
10,15044652,243040
11,14514491,243040
2,-5,277,435,243040
1,15137642,243080
9,14429354,243080
10,15044789,243080
11,14514661,243080
2,-4,276,435,243080
1,15142266,243120
9,14431564,243120
10,15045672,243120
11,14515273,243120
2,-4,274,434,243120
1,15147027,243160
9,14434387,243160
10,15047271,243160
11,14516802,243160
2,-4,275,435,243160
101,80,80,0,243160,1787825096470
222,0,sqi=100
1,15152772,243200
9,14437242,243200
10,15048970,243200
11,14518707,243200
2,-4,276,436,243200
1,15157601,243240
9,14440303,243240
10,15050908,243240
11,14520168,243240
2,-5,274,435,243240
1,15164095,243280
9,14444485,243280
10,15052507,243280
11,14522480,243280
2,-5,273,437,243280
1,15167018,243320
9,14447204,243320
10,15053934,243320
11,14523263,243320
2,-6,275,437,243320
1,15161578,243360
9,14444144,243360
10,15051996,243360
11,14521052,243360
2,-3,275,435,243360
1002,80,243360,1787825096580
1,15152160,243400
9,14438636,243400
10,15049005,243400
11,14516769,243400
2,-5,274,436,243400
1004,720,243400,1787825096581
1,15142742,243440
9,14432823,243440
10,15045095,243440
11,14512008,243440
2,-5,276,435,243440
1,15136146,243480
9,14427790,243480
10,15041592,243480
11,14508608,243480
2,-5,274,434,243480
1,15131353,243520
9,14423609,243520
10,15039042,243520
11,14506160,243520
2,-4,275,435,243520
1,15130740,243560
9,14422045,243560
10,15037343,243560
11,14503883,243560
2,-5,275,435,243560
1,15133189,243600
9,14421773,243600
10,15036459,243600
11,14503067,243600
2,-5,277,435,243600
1,15135262,243640
9,14422351,243640
10,15036628,243640
11,14503100,243640
2,-4,275,434,243640
1,15138119,243680
9,14423099,243680
10,15036833,243680
11,14502931,243680
2,-5,275,436,243680
1,15141348,243720
9,14424798,243720
10,15037104,243720
11,14503543,243720
2,-6,275,434,243720
1,15145633,243760
9,14427009,243760
10,15037955,243760
11,14503883,243760
2,-5,277,436,243760
1,15148455,243800
9,14428879,243800
10,15038396,243800
11,14504426,243800
2,-5,277,435,243800
1,15152331,243840
9,14431633,243840
10,15039314,243840
11,14505072,243840
2,-5,277,433,243840
1,15156173,243880
9,14434523,243880
10,15040844,243880
11,14506365,243880
2,-6,276,435,243880
1,15160661,243920
9,14437481,243920
10,15042748,243920
11,14507452,243920
2,-6,278,433,243920
1,15165761,243960
9,14441459,243960
10,15044482,243960
11,14509799,243960
2,-5,277,435,243960
1,15171915,244000
9,14445165,244000
10,15046828,244000
11,14512008,244000
2,-5,276,434,244000
1,15178205,244040
9,14450060,244040
10,15049820,244040
11,14515001,244040
2,-5,275,435,244040
1,15183916,244080
9,14453359,244080
10,15052472,244080
11,14516667,244080
2,-7,276,434,244080
1,15180279,244120
9,14451863,244120
10,15051214,244120
11,14514864,244120
2,-6,278,435,244120
1,15172968,244160
9,14447918,244160
10,15049073,244160
11,14511124,244160
2,-5,276,435,244160
1,15165454,244200
9,14443703,244200
10,15046828,244200
11,14507861,244200
2,-5,276,435,244200
1,15159912,244240
9,14440506,244240
10,15045061,244240
11,14505413,244240
2,-5,276,433,244240
1,15155561,244280
9,14436596,244280
10,15042884,244280
11,14502964,244280
2,-5,278,435,244280
1,15155050,244320
9,14435270,244320
10,15041763,244320
11,14501401,244320
2,-5,277,435,244320
1,15156580,244360
9,14434829,244360
10,15041694,244360
11,14500754,244360
2,-4,276,436,244360
1,15159131,244400
9,14436121,244400
10,15041694,244400
11,14500856,244400
2,-5,277,435,244400
1,15161477,244440
9,14436528,244440
10,15042137,244440
11,14500959,244440
2,-4,277,433,244440
1,15163890,244480
9,14438025,244480
10,15042850,244480
11,14501095,244480
2,-6,276,434,244480
1,15167324,244520
9,14439554,244520
10,15042986,244520
11,14501299,244520
2,-6,275,437,244520
1,15171609,244560
9,14442241,244560
10,15045061,244560
11,14502591,244560
2,-3,279,433,244560
1,15176266,244600
9,14444756,244600
10,15046761,244600
11,14503814,244600
2,-5,276,430,244600
1,15181672,244640
9,14448224,244640
10,15049005,244640
11,14505718,244640
2,-8,280,432,244640
1,15187521,244680
9,14451863,244680
10,15051045,244680
11,14507895,244680
2,-1,283,443,244680
1,15192893,244720
9,14455500,244720
10,15053526,244720
11,14510309,244720
2,-7,280,431,244720
1,15198502,244760
9,14459445,244760
10,15056451,244760
11,14512960,244760
2,-5,279,432,244760
1002,81,244760,1787825096990
1004,744,244760,1787825097024
1004,711,244760,1787825097025
1002,81,244760,1787825097811
1004,764,244760,1787825097844
101,80,81,0,244760,1787825098040
222,0,sqi=100
101,80,81,0,244760,1787825098122
222,0,sqi=100
1,15204826,244800
9,14463151,244800
10,15058593,244800
11,14515374,244800
2,-6,277,433,244800
1,15211015,244840
9,14466789,244840
10,15062027,244840
11,14517959,244840
2,-7,280,432,244840
1,15211049,244880
9,14466517,244880
10,15062299,244880
11,14517686,244880
2,-5,279,434,244880
1,15205473,244920
9,14464511,244920
10,15061721,244920
11,14515204,244920
2,-5,279,434,244920
1,15199148,244960
9,14461383,244960
10,15060020,244960
11,14512519,244960
2,-6,276,434,244960
1,15193844,245000
9,14458289,245000
10,15058763,245000
11,14510342,245000
2,-7,277,433,245000
1,15190002,245040
9,14455025,245040
10,15057776,245040
11,14508608,245040
2,-5,277,432,245040
1,15188779,245080
9,14453392,245080
10,15057096,245080
11,14507827,245080
2,-7,278,434,245080
1,15190717,245120
9,14453325,245120
10,15057573,245120
11,14507555,245120
2,-6,277,434,245120
1,15194287,245160
9,14453937,245160
10,15058286,245160
11,14508405,245160
2,-5,279,434,245160
1,15198162,245200
9,14455466,245200
10,15059442,245200
11,14509255,245200
2,-5,277,435,245200
1,15202447,245240
9,14457643,245240
10,15061517,245240
11,14510581,245240
2,-5,278,434,245240
1,15205710,245280
9,14460260,245280
10,15062706,245280
11,14511260,245280
2,-4,275,433,245280
1,15209756,245320
9,14462300,245320
10,15064441,245320
11,14513063,245320
2,-4,273,429,245320
1,15213089,245360
9,14464647,245360
10,15066446,245360
11,14514864,245360
2,-7,280,436,245360
1,15217135,245400
9,14467061,245400
10,15068180,245400
11,14515919,245400
2,-8,277,434,245400
1,15221282,245440
9,14469645,245440
10,15069880,245440
11,14517347,245440
2,-5,276,436,245440
1,15226042,245480
9,14472092,245480
10,15072329,245480
11,14520101,245480
2,-6,279,436,245480
1,15230734,245520
9,14474336,245520
10,15074130,245520
11,14522243,245520
2,-5,275,433,245520
1,15237127,245560
9,14478144,245560
10,15076817,245560
11,14524895,245560
2,-5,279,435,245560
1,15242397,245600
9,14481238,245600
10,15079503,245600
11,14527648,245600
2,-4,276,435,245600
1,15247803,245640
9,14483959,245640
10,15081985,245640
11,14529281,245640
2,-6,277,434,245640
1,15245456,245680
9,14482496,245680
10,15081815,245680
11,14528431,245680
2,-6,277,436,245680
1,15240152,245720
9,14481646,245720
10,15081475,245720
11,14527240,245720
2,-5,277,436,245720
1,15236242,245760
9,14480423,245760
10,15080998,245760
11,14526084,245760
2,-5,277,435,245760
1,15233965,245800
9,14479607,245800
10,15081305,245800
11,14525846,245800
2,-6,275,433,245800
1,15234712,245840
9,14479233,245840
10,15081441,245840
11,14526561,245840
2,-8,280,435,245840
1,15238588,245880
9,14480831,245880
10,15082835,245880
11,14527546,245880
2,-4,277,436,245880
1,15242906,245920
9,14482871,245920
10,15084976,245920
11,14529110,245920
2,-6,277,433,245920
1,15247565,245960
9,14485285,245960
10,15086541,245960
11,14530947,245960
2,-6,274,437,245960
1,15252665,246000
9,14487733,246000
10,15088887,246000
11,14532783,246000
2,-7,274,432,246000
1,15258716,246040
9,14491235,246040
10,15091402,246040
11,14535366,246040
2,-5,276,436,246040
1,15263919,246080
9,14494702,246080
10,15094497,246080
11,14537814,246080
2,-6,275,436,246080
1,15270820,246120
9,14497932,246120
10,15097148,246120
11,14540807,246120
2,-5,275,436,246120
1,15277858,246160
9,14502217,246160
10,15100378,246160
11,14543560,246160
2,-6,276,435,246160
1,15285134,246200
9,14506773,246200
10,15104322,246200
11,14546960,246200
2,-5,274,434,246200
1,15292546,246240
9,14511158,246240
10,15107620,246240
11,14550292,246240
2,-8,277,433,246240
1,15300197,246280
9,14515987,246280
10,15111837,246280
11,14553726,246280
2,-5,272,434,246280
1,15308153,246320
9,14520270,246320
10,15115542,246320
11,14557432,246320
2,-4,280,433,246320
1,15309784,246360
9,14521699,246360
10,15117787,246360
11,14558350,246360
2,-6,276,434,246360
1002,81,246360,1787825099027
1004,773,246360,1787825099027
101,80,81,0,246360,1787825099676
222,0,sqi=100
101,80,81,0,246360,1787825099727
222,0,sqi=100
1,15306045,246400
9,14520237,246400
10,15118773,246400
11,14557603,246400
2,-6,278,434,246400
1,15302237,246440
9,14518911,246440
10,15119078,246440
11,14557365,246440
2,-6,272,434,246440
1,15301420,246480
9,14518163,246480
10,15120949,246480
11,14557705,246480
2,-6,274,435,246480
1,15303290,246520
9,14518503,246520
10,15123261,246520
11,14558248,246520
2,-7,280,434,246520
1,15308153,246560
9,14519964,246560
10,15125437,246560
11,14559303,246560
2,-6,275,435,246560
1,15313729,246600
9,14522480,246600
10,15128292,246600
11,14561343,246600
2,-7,277,434,246600
1,15321174,246640
9,14526289,246640
10,15131794,246640
11,14563587,246640
2,-6,274,434,246640
1,15328689,246680
9,14530062,246680
10,15134923,246680
11,14566272,246680
2,-7,275,435,246680
1,15333890,246720
9,14533088,246720
10,15138187,246720
11,14568312,246720
2,-5,276,437,246720
1,15339739,246760
9,14536693,246760
10,15141621,246760
11,14570829,246760
2,-7,276,435,246760
1,15345076,246800
9,14540127,246800
10,15144987,246800
11,14573413,246800
2,-7,276,437,246800
1,15350891,246840
9,14543594,246840
10,15148522,246840
11,14576064,246840
2,-7,276,434,246840
1,15357894,246880
9,14547437,246880
10,15151957,246880
11,14578853,246880
2,-6,275,435,246880
1,15365511,246920
9,14551517,246920
10,15156241,246920
11,14581470,246920
2,-8,277,435,246920
1,15372990,246960
9,14555902,246960
10,15159878,246960
11,14585040,246960
2,-9,278,433,246960
1,15381253,247000
9,14560628,247000
10,15164128,247000
11,14588100,247000
2,-5,272,437,247000
1,15388460,247040
9,14565423,247040
10,15168243,247040
11,14591637,247040
2,-8,272,436,247040
1,15388664,247080
9,14565355,247080
10,15169433,247080
11,14591194,247080
2,-5,273,436,247080
1,15383701,247120
9,14563620,247120
10,15169602,247120
11,14589801,247120
2,-5,274,434,247120
1,15377173,247160
9,14561920,247160
10,15170929,247160
11,14589903,247160
2,-5,271,435,247160
1,15373739,247200
9,14560051,247200
10,15170759,247200
11,14589222,247200
2,-4,279,434,247200
1,15372923,247240
9,14558793,247240
10,15172288,247240
11,14589222,247240
2,-5,272,436,247240
1,15373773,247280
9,14558691,247280
10,15173444,247280
11,14589732,247280
2,-5,279,432,247280
1,15377071,247320
9,14559847,247320
10,15174941,247320
11,14590616,247320
2,-6,277,435,247320
1,15380879,247360
9,14560798,247360
10,15176640,247360
11,14591467,247360
2,-6,277,435,247360
1,15384007,247400
9,14562125,247400
10,15178306,247400
11,14593438,247400
2,-5,277,432,247400
1,15387270,247440
9,14561988,247440
10,15180245,247440
11,14594493,247440
2,-5,278,434,247440
1,15390534,247480
9,14562668,247480
10,15182047,247480
11,14596023,247480
2,-6,275,434,247480
1,15396110,247520
9,14563960,247520
10,15184971,247520
11,14597689,247520
2,-6,275,434,247520
1002,80,247520,1787825099835
1,15402910,247560
9,14566001,247560
10,15187486,247560
11,14599559,247560
2,-6,275,435,247560
1004,767,247560,1787825099836
1,15408180,247600
9,14569434,247600
10,15190037,247600
11,14601633,247600
2,-7,278,434,247600
1004,705,247600,1787825099836
1,15413281,247640
9,14571781,247640
10,15192485,247640
11,14603129,247640
2,-5,276,435,247640
1,15417939,247680
9,14574399,247680
10,15194490,247680
11,14605033,247680
2,-6,275,434,247680
1,15422188,247720
9,14576643,247720
10,15197074,247720
11,14607141,247720
2,-7,279,435,247720
1,15427459,247760
9,14579261,247760
10,15199353,247760
11,14609317,247760
2,-4,274,434,247760
1,15429124,247800
9,14580077,247800
10,15200508,247800
11,14609827,247800
2,-7,277,435,247800
1,15422155,247840
9,14576269,247840
10,15198808,247840
11,14606801,247840
2,-5,277,434,247840
1,15413008,247880
9,14572392,247880
10,15197279,247880
11,14604182,247880
2,-6,277,435,247880
1,15403523,247920
9,14569230,247920
10,15195375,247920
11,14601156,247920
2,-5,276,432,247920
1,15396791,247960
9,14565797,247960
10,15193913,247960
11,14599116,247960
2,-6,277,432,247960
1002,81,247960,1787825101049
1004,722,247960,1787825101080
101,80,81,0,247960,1787825101344
1,15392200,248000
222,0,sqi=100
9,14562635,248000
10,15192383,248000
11,14597553,248000
2,-7,278,434,248000
1,15390195,248040
9,14561547,248040
10,15191974,248040
11,14596464,248040
2,-6,279,435,248040
1,15390670,248080
9,14560221,248080
10,15191873,248080
11,14595920,248080
2,-4,278,434,248080
1,15391963,248120
9,14560527,248120
10,15191974,248120
11,14596294,248120
2,-5,279,435,248120
1,15393085,248160
9,14560017,248160
10,15191634,248160
11,14596056,248160
2,-6,277,433,248160
1,15393696,248200
9,14559915,248200
10,15191838,248200
11,14596226,248200
2,-5,278,433,248200
1,15395566,248240
9,14560459,248240
10,15192145,248240
11,14596669,248240
2,-7,278,432,248240
1,15398456,248280
9,14561580,248280
10,15193199,248280
11,14596907,248280
2,-5,277,435,248280
1,15401176,248320
9,14562566,248320
10,15194355,248320
11,14597655,248320
2,-5,277,433,248320
1,15405052,248360
9,14563858,248360
10,15195477,248360
11,14599116,248360
2,-4,278,433,248360
1,15408657,248400
9,14565286,248400
10,15196972,248400
11,14600273,248400
2,-5,277,435,248400
1,15412906,248440
9,14567667,248440
10,15198706,248440
11,14602278,248440
2,-6,276,435,248440
1,15416578,248480
9,14568925,248480
10,15200712,248480
11,14603163,248480
2,-5,277,432,248480
1,15414708,248520
9,14566578,248520
10,15200440,248520
11,14601327,248520
2,-4,276,432,248520
1,15405597,248560
9,14562057,248560
10,15198298,248560
11,14597451,248560
2,-5,279,433,248560
1,15395328,248600
9,14557603,248600
10,15196565,248600
11,14594390,248600
2,-5,275,433,248600
1,15387644,248640
9,14553182,248640
10,15194015,248640
11,14591093,248640
2,-4,279,432,248640
1,15382307,248680
9,14549680,248680
10,15192654,248680
11,14588644,248680
2,-4,276,434,248680
1,15379314,248720
9,14547198,248720
10,15191634,248720
11,14587182,248720
2,-5,278,433,248720
1,15379280,248760
9,14546893,248760
10,15191328,248760
11,14586400,248760
2,-5,277,433,248760
1,15381253,248800
9,14546348,248800
10,15191737,248800
11,14585856,248800
2,-4,279,433,248800
1,15382578,248840
9,14546485,248840
10,15192246,248840
11,14585584,248840
2,-4,278,435,248840
1,15384380,248880
9,14546621,248880
10,15192858,248880
11,14585687,248880
2,-4,278,433,248880
1,15386353,248920
9,14547912,248920
10,15193946,248920
11,14585755,248920
2,-5,278,432,248920
1,15389752,248960
9,14549817,248960
10,15195171,248960
11,14586740,248960
2,-3,276,434,248960
1,15394445,249000
9,14551687,249000
10,15196972,249000
11,14587727,249000
2,-5,278,433,249000
1,15398320,249040
9,14554848,249040
10,15198979,249040
11,14589188,249040
2,-4,277,433,249040
1,15403999,249080
9,14557977,249080
10,15201291,249080
11,14591331,249080
2,-5,279,433,249080
1,15408861,249120
9,14561750,249120
10,15203467,249120
11,14593336,249120
2,-4,277,434,249120
1,15414199,249160
9,14565457,249160
10,15206561,249160
11,14595479,249160
2,-4,278,432,249160
1,15417394,249200
9,14568142,249200
10,15208464,249200
11,14596804,249200
2,-3,279,431,249200
1,15410594,249240
9,14565966,249240
10,15206866,249240
11,14593915,249240
2,-3,278,436,249240
1,15399035,249280
9,14561818,249280
10,15203977,249280
11,14590277,249280
2,-2,278,432,249280
1,15386692,249320
9,14557161,249320
10,15200849,249320
11,14586978,249320
2,-3,277,434,249320
1,15376322,249360
9,14552707,249360
10,15197925,249360
11,14583477,249360
2,-4,280,433,249360
1,15369353,249400
9,14549748,249400
10,15195545,249400
11,14581334,249400
2,-4,277,433,249400
1,15364695,249440
9,14547776,249440
10,15193879,249440
11,14579192,249440
2,-4,278,434,249440
1,15363776,249480
9,14547130,249480
10,15192586,249480
11,14578920,249480
2,-4,279,434,249480
1,15362960,249520
9,14546960,249520
10,15192756,249520
11,14578479,249520
2,-3,280,433,249520
1,15363334,249560
9,14547743,249560
10,15191805,249560
11,14578206,249560
2,-4,278,433,249560
1002,81,249560,1787825101868
1004,736,249560,1787825101868
1004,698,249560,1787825101869
101,81,81,0,249560,1787825102848
222,0,sqi=100
101,81,81,0,249560,1787825102933
222,0,sqi=100
1,15362654,249600
9,14548014,249600
10,15191907,249600
11,14578206,249600
2,-3,278,432,249600
1,15362315,249640
9,14548796,249640
10,15192111,249640
11,14578172,249640
2,-2,280,433,249640
1,15363607,249680
9,14550326,249680
10,15192281,249680
11,14578649,249680
2,-4,278,431,249680
1,15365442,249720
9,14551687,249720
10,15193199,249720
11,14579226,249720
2,-4,278,433,249720
1,15367924,249760
9,14553760,249760
10,15194048,249760
11,14580655,249760
2,-4,281,433,249760
1,15370984,249800
9,14555970,249800
10,15195307,249800
11,14581946,249800
2,-3,278,432,249800
1,15374759,249840
9,14558418,249840
10,15197109,249840
11,14583375,249840
2,-4,280,433,249840
1,15378669,249880
9,14560934,249880
10,15198502,249880
11,14585211,249880
2,-4,280,432,249880
1,15382205,249920
9,14562770,249920
10,15200815,249920
11,14586707,249920
2,-5,278,434,249920
1,15378431,249960
9,14560492,249960
10,15199761,249960
11,14584701,249960
2,-3,279,432,249960
1,15365578,250000
9,14554202,250000
10,15195918,250000
11,14580179,250000
2,-4,278,433,250000
1,15350006,250040
9,14547028,250040
10,15191261,250040
11,14574806,250040
2,-3,277,432,250040
1,15337019,250080
9,14539446,250080
10,15186705,250080
11,14569910,250080
2,-4,277,435,250080
1,15327567,250120
9,14532476,250120
10,15182896,250120
11,14565830,250120
2,-5,278,433,250120
1,15321515,250160
9,14526730,250160
10,15179735,250160
11,14562363,250160
2,-5,278,431,250160
1,15317842,250200
9,14523670,250200
10,15177049,250200
11,14560288,250200
2,-3,281,432,250200
1,15316142,250240
9,14521018,250240
10,15175858,250240
11,14558555,250240
2,-4,280,432,250240
1,15315225,250280
9,14519013,250280
10,15174193,250280
11,14557195,250280
2,-4,279,431,250280
1,15314102,250320
9,14517380,250320
10,15173241,250320
11,14556005,250320
2,-6,281,431,250320
1,15312539,250360
9,14516123,250360
10,15172186,250360
11,14555189,250360
2,-3,279,432,250360
1,15312981,250400
9,14515612,250400
10,15171778,250400
11,14554576,250400
2,-3,280,433,250400
1,15314510,250440
9,14515715,250440
10,15171473,250440
11,14554610,250440
2,-6,279,434,250440
1,15316891,250480
9,14516565,250480
10,15172459,250480
11,14555529,250480
2,-4,278,433,250480
1,15319168,250520
9,14517822,250520
10,15173241,250520
11,14556209,250520
2,-5,281,431,250520
1,15322840,250560
9,14519624,250560
10,15174566,250560
11,14557603,250560
2,-3,277,433,250560
1,15326070,250600
9,14521665,250600
10,15176029,250600
11,14559065,250600
2,-4,280,431,250600
1,15330151,250640
9,14523739,250640
10,15177185,250640
11,14560628,250640
2,-5,278,433,250640
1,15331375,250680
9,14524724,250680
10,15177933,250680
11,14560969,250680
2,-4,283,432,250680
1,15322263,250720
9,14519387,250720
10,15174737,250720
11,14557398,250720
2,-5,281,433,250720
1,15307507,250760
9,14511124,250760
10,15170045,250760
11,14551483,250760
2,-3,280,433,250760
1,15293022,250800
9,14501978,250800
10,15164979,250800
11,14545601,250800
2,-4,279,433,250800
1,15280307,250840
9,14493275,250840
10,15159845,250840
11,14540466,250840
2,-5,281,433,250840
1,15271875,250880
9,14486644,250880
10,15155424,250880
11,14536251,250880
2,-5,284,433,250880
1,15266978,250920
9,14481034,250920
10,15151821,250920
11,14533055,250920
2,-3,279,429,250920
1,15264157,250960
9,14477295,250960
10,15149848,250960
11,14530810,250960
2,-4,279,433,250960
1,15263205,251000
9,14474099,251000
10,15148352,251000
11,14529587,251000
2,-4,281,431,251000
1,15262558,251040
9,14471718,251040
10,15146721,251040
11,14527479,251040
2,-4,278,433,251040
1,15261436,251080
9,14469679,251080
10,15144817,251080
11,14526425,251080
2,-6,282,433,251080
1,15260824,251120
9,14467842,251120
10,15144068,251120
11,14524895,251120
2,-3,280,431,251120
1,15262048,251160
9,14466924,251160
10,15143762,251160
11,14524350,251160
2,-4,281,432,251160
1002,81,250240,1787825103062
1004,713,250280,1787825103062
1002,82,251160,1787825103884
1004,736,251160,1787825103884
101,81,82,0,251160,1787825104457
222,0,sqi=100
1,15263578,251200
9,14466891,251200
10,15143694,251200
11,14524385,251200
2,-5,279,431,251200
1,15266401,251240
9,14467707,251240
10,15144068,251240
11,14524827,251240
2,-3,285,430,251240
1,15269562,251280
9,14468387,251280
10,15144884,251280
11,14525507,251280
2,-11,272,435,251280
1,15273574,251320
9,14469645,251320
10,15145973,251320
11,14526459,251320
2,-8,289,429,251320
1,15277179,251360
9,14470529,251360
10,15146789,251360
11,14527207,251360
2,-6,277,432,251360
1,15276159,251400
9,14468828,251400
10,15146483,251400
11,14526526,251400
2,0,284,428,251400
1,15267115,251440
9,14462062,251440
10,15143321,251440
11,14521766,251440
2,-5,282,431,251440
1,15253208,251480
9,14453291,251480
10,15138595,251480
11,14515748,251480
2,-3,278,433,251480
1,15242125,251520
9,14444722,251520
10,15133699,251520
11,14510444,251520
2,-5,282,431,251520
1,15233829,251560
9,14437719,251560
10,15129585,251560
11,14505991,251560
2,-5,282,431,251560
1,15229375,251600
9,14432381,251600
10,15126694,251600
11,14502727,251600
2,-5,279,430,251600
1,15228831,251640
9,14429388,251640
10,15125096,251640
11,14500550,251640
2,-4,281,432,251640
1,15230361,251680
9,14428233,251680
10,15124179,251680
11,14499531,251680
2,-4,279,431,251680
1,15233352,251720
9,14428198,251720
10,15123941,251720
11,14498612,251720
2,-5,280,433,251720
1,15233998,251760
9,14428164,251760
10,15123600,251760
11,14498443,251760
2,-5,282,430,251760
1,15234678,251800
9,14427858,251800
10,15123057,251800
11,14497660,251800
2,-4,281,433,251800
1,15234985,251840
9,14427518,251840
10,15122683,251840
11,14497252,251840
2,-6,282,433,251840
1,15235903,251880
9,14427756,251880
10,15123057,251880
11,14496844,251880
2,-3,278,435,251880
1,15239642,251920
9,14429116,251920
10,15123975,251920
11,14497457,251920
2,-5,280,432,251920
1,15243043,251960
9,14430442,251960
10,15125198,251960
11,14498204,251960
2,-4,278,432,251960
1,15246000,252000
9,14431157,252000
10,15126253,252000
11,14500279,252000
2,-4,281,432,252000
1,15251951,252040
9,14433163,252040
10,15128973,252040
11,14501672,252040
2,-5,279,432,252040
1,15258615,252080
9,14436121,252080
10,15131421,252080
11,14503814,252080
2,-5,279,431,252080
1,15261674,252120
9,14437311,252120
10,15132645,252120
11,14503883,252120
2,-5,282,432,252120
1,15254535,252160
9,14431122,252160
10,15130027,252160
11,14500108,252160
2,-4,280,432,252160
1,15246476,252200
9,14425411,252200
10,15126831,252200
11,14495213,252200
2,-6,281,432,252200
1,15231278,252240
9,14417829,252240
10,15121595,252240
11,14489161,252240
2,-5,278,434,252240
1,15219650,252280
9,14407901,252280
10,15116393,252280
11,14485012,252280
2,-5,280,432,252280
1,15212817,252320
9,14401305,252320
10,15112924,252320
11,14480559,252320
2,-4,279,432,252320
1,15209450,252360
9,14398755,252360
10,15109831,252360
11,14475969,252360
2,-3,280,432,252360
1,15210946,252400
9,14399503,252400
10,15106498,252400
11,14471310,252400
2,-4,280,430,252400
1,15212137,252440
9,14399196,252440
10,15103881,252440
11,14467877,252440
2,-5,278,432,252440
1,15208873,252480
9,14397837,252480
10,15100616,252480
11,14464953,252480
2,-4,281,432,252480
1,15205507,252520
9,14396374,252520
10,15097863,252520
11,14463287,252520
2,-5,281,432,252520
1,15204249,252560
9,14396306,252560
10,15096231,252560
11,14462199,252560
2,-3,281,431,252560
1,15203603,252600
9,14396613,252600
10,15095006,252600
11,14461281,252600
2,-5,279,431,252600
1,15205098,252640
9,14398414,252640
10,15094632,252640
11,14461484,252640
2,-4,281,432,252640
1,15208770,252680
9,14400795,252680
10,15094157,252680
11,14462131,252680
2,-4,279,432,252680
1,15212579,252720
9,14403480,252720
10,15094734,252720
11,14462913,252720
2,-4,281,431,252720
1,15216217,252760
9,14406404,252760
10,15095279,252760
11,14463966,252760
2,-6,281,433,252760
1002,82,252360,1787825104704
1004,743,252400,1787825104705
1004,705,252400,1787825104705
1002,82,252760,1787825105903
1004,735,252760,1787825105903
101,81,82,0,252760,1787825106036
222,0,sqi=100
101,81,82,0,252760,1787825106111
222,0,sqi=100
1,15220161,252800
9,14409158,252800
10,15095958,252800
11,14465632,252800
2,-6,279,431,252800
1,15225499,252840
9,14412456,252840
10,15097829,252840
11,14467978,252840
2,-5,279,431,252840
1,15234678,252880
9,14414327,252880
10,15101229,252880
11,14470868,252880
2,-4,282,433,252880
1,15234475,252920
9,14411334,252920
10,15102963,252920
11,14470767,252920
2,-5,279,432,252920
1,15227368,252960
9,14404908,252960
10,15102078,252960
11,14469645,252960
2,-4,280,433,252960
1,15219650,253000
9,14397633,253000
10,15100786,253000
11,14467400,253000
2,-6,280,433,253000
1,15213497,253040
9,14390799,253040
10,15099188,253040
11,14465734,253040
2,-5,281,432,253040
1,15210913,253080
9,14386514,253080
10,15097080,253080
11,14464714,253080
2,-4,282,431,253080
1,15209790,253120
9,14383726,253120
10,15095687,253120
11,14463729,253120
2,-4,280,432,253120
1,15211762,253160
9,14384202,253160
10,15095448,253160
11,14463661,253160
2,-4,281,431,253160
1,15214551,253200
9,14384339,253200
10,15095891,253200
11,14464375,253200
2,-3,278,431,253200
1,15217543,253240
9,14385189,253240
10,15095687,253240
11,14464714,253240
2,-5,282,430,253240
1,15219412,253280
9,14385732,253280
10,15095618,253280
11,14464817,253280
2,-5,279,434,253280
1,15221997,253320
9,14387908,253320
10,15095958,253320
11,14465666,253320
2,-4,282,432,253320
1,15223221,253360
9,14389847,253360
10,15095687,253360
11,14466279,253360
2,-4,281,432,253360
1,15223595,253400
9,14391784,253400
10,15095585,253400
11,14466551,253400
2,-5,281,431,253400
1,15225363,253440
9,14393587,253440
10,15095482,253440
11,14467503,253440
2,-3,279,430,253440
1,15227301,253480
9,14395626,253480
10,15095856,253480
11,14468149,253480
2,-5,281,433,253480
1,15231381,253520
9,14399298,253520
10,15096571,253520
11,14469270,253520
2,-3,276,430,253520
1,15235835,253560
9,14402562,253560
10,15097251,253560
11,14470665,253560
2,-4,280,433,253560
1,15238895,253600
9,14405622,253600
10,15097080,253600
11,14470971,253600
2,-3,280,432,253600
1,15233421,253640
9,14402358,253640
10,15094530,253640
11,14467842,253640
2,-5,280,431,253640
1,15223084,253680
9,14397905,253680
10,15089397,253680
11,14463185,253680
2,-4,279,431,253680
1,15210946,253720
9,14392294,253720
10,15084025,253720
11,14458050,253720
2,-4,284,432,253720
1,15200475,253760
9,14386481,253760
10,15078040,253760
11,14453392,253760
2,-2,277,431,253760
1,15194184,253800
9,14382434,253800
10,15073212,253800
11,14449517,253800
2,-4,279,433,253800
1,15189934,253840
9,14379307,253840
10,15069370,253840
11,14447034,253840
2,-5,280,432,253840
1,15188031,253880
9,14377947,253880
10,15066481,253880
11,14444756,253880
2,-4,279,433,253880
1,15188303,253920
9,14377334,253920
10,15064135,253920
11,14443838,253920
2,-4,279,432,253920
1,15188880,253960
9,14377368,253960
10,15062706,253960
11,14442750,253960
2,-6,277,433,253960
1,15190921,254000
9,14377606,254000
10,15061244,254000
11,14442037,254000
2,-6,275,435,254000
1,15192689,254040
9,14378933,254040
10,15060462,254040
11,14441459,254040
2,-6,276,434,254040
1,15194423,254080
9,14379612,254080
10,15059578,254080
11,14441459,254080
2,-2,282,433,254080
1,15197958,254120
9,14381279,254120
10,15059783,254120
11,14442104,254120
2,-3,274,434,254120
1,15202038,254160
9,14383284,254160
10,15060565,254160
11,14443158,254160
2,-4,270,432,254160
1,15206594,254200
9,14385766,254200
10,15061007,254200
11,14444587,254200
2,10,262,436,254200
1,15211830,254240
9,14388317,254240
10,15062639,254240
11,14446014,254240
2,-9,289,438,254240
1,15216862,254280
9,14391818,254280
10,15063658,254280
11,14447443,254280
2,-11,276,438,254280
1,15222405,254320
9,14394845,254320
10,15066005,254320
11,14449176,254320
2,0,268,432,254320
1,15224479,254360
9,14395490,254360
10,15065902,254360
11,14449652,254360
2,-1,286,427,254360
1002,82,254360,1787825106701
1004,750,254360,1787825106701
101,81,82,0,254360,1787825107649
222,0,sqi=100
101,81,82,0,254360,1787825107717
222,0,sqi=100
1,15218256,254400
9,14392057,254400
10,15063965,254400
11,14446491,254400
2,-5,294,433,254400
1,15208566,254440
9,14387024,254440
10,15060224,254440
11,14442479,254440
2,-3,274,439,254440
1,15200168,254480
9,14382400,254480
10,15056518,254480
11,14438942,254480
2,-9,257,436,254480
1,15195239,254520
9,14378423,254520
10,15052983,254520
11,14436223,254520
2,-4,269,438,254520
1,15191430,254560
9,14375702,254560
10,15050127,254560
11,14433911,254560
2,-4,281,437,254560
1,15191091,254600
9,14374750,254600
10,15048393,254600
11,14432959,254600
2,-6,270,437,254600
1,15193811,254640
9,14374886,254640
10,15048427,254640
11,14432448,254640
2,-5,269,437,254640
1,15196735,254680
9,14375125,254680
10,15048019,254680
11,14432585,254680
2,-6,272,437,254680
1,15199590,254720
9,14375702,254720
10,15048086,254720
11,14432279,254720
2,-6,272,436,254720
1,15202752,254760
9,14376926,254760
10,15047984,254760
11,14432856,254760
2,-4,274,437,254760
1,15206866,254800
9,14378626,254800
10,15048970,254800
11,14433367,254800
2,-6,272,436,254800
1,15211694,254840
9,14380939,254840
10,15050602,254840
11,14434556,254840
2,-7,273,436,254840
1,15216726,254880
9,14382809,254880
10,15051792,254880
11,14436290,254880
2,-5,276,434,254880
1,15223016,254920
9,14385936,254920
10,15054138,254920
11,14437412,254920
2,-8,275,434,254920
1,15230259,254960
9,14388996,254960
10,15056552,254960
11,14439826,254960
2,-6,273,437,254960
1,15237093,255000
9,14392125,255000
10,15059170,255000
11,14442002,255000
2,-6,278,435,255000
1,15243960,255040
9,14395559,255040
10,15062095,255040
11,14444144,255040
2,-7,275,435,255040
1,15251474,255080
9,14399265,255080
10,15065426,255080
11,14446592,255080
2,-5,277,435,255080
1,15254058,255120
9,14399944,255120
10,15067398,255120
11,14447238,255120
2,-7,276,436,255120
1,15249299,255160
9,14397055,255160
10,15066378,255160
11,14444927,255160
2,-6,275,435,255160
1,15242023,255200
9,14393587,255200
10,15064203,255200
11,14441696,255200
2,-6,275,436,255200
1,15235562,255240
9,14389268,255240
10,15062706,255240
11,14439656,255240
2,-6,277,435,255240
1,15231925,255280
9,14385800,255280
10,15061040,255280
11,14437684,255280
2,-5,275,433,255280
1,15230565,255320
9,14384169,255320
10,15060360,255320
11,14436596,255320
2,-5,274,434,255320
1,15232673,255360
9,14384067,255360
10,15060258,255360
11,14436528,255360
2,-6,277,434,255360
1,15236242,255400
9,14384712,255400
10,15060735,255400
11,14436528,255400
2,-7,277,436,255400
1,15240595,255440
9,14386038,255440
10,15061551,255440
11,14436698,255440
2,-4,271,434,255440
1,15244811,255480
9,14387024,255480
10,15062774,255480
11,14437412,255480
2,-4,271,434,255480
1,15249536,255520
9,14389030,255520
10,15064067,255520
11,14438331,255520
2,-2,274,436,255520
1,15255079,255560
9,14391411,255560
10,15066276,255560
11,14439962,255560
2,-4,275,435,255560
1,15261300,255600
9,14394062,255600
10,15068928,255600
11,14441968,255600
2,-6,275,437,255600
1,15268101,255640
9,14397564,255640
10,15071615,255640
11,14444144,255640
2,-6,278,433,255640
1,15275172,255680
9,14401576,255680
10,15074708,255680
11,14446559,255680
2,-5,274,434,255680
1,15282789,255720
9,14405588,255720
10,15078653,255720
11,14449312,255720
2,-4,276,432,255720
1,15289249,255760
9,14410110,255760
10,15081849,255760
11,14452033,255760
2,-7,275,435,255760
1,15296967,255800
9,14415109,255800
10,15085759,255800
11,14455568,255800
2,-5,278,436,255800
1,15303189,255840
9,14419086,255840
10,15088376,255840
11,14458527,255840
2,-4,277,433,255840
1,15303392,255880
9,14420073,255880
10,15089601,255880
11,14458901,255880
2,-6,275,436,255880
1,15298395,255920
9,14418543,255920
10,15089362,255920
11,14457540,255920
2,-7,277,432,255920
1,15290948,255960
9,14416435,255960
10,15088648,255960
11,14456078,255960
2,-4,277,435,255960
1002,82,255360,1787825107921
1004,731,255360,1787825107921
1004,744,255360,1787825107921
1002,82,255960,1787825108737
1004,758,255960,1787825108737
101,81,82,0,255960,1787825109295
222,0,sqi=100
1,15285270,256000
9,14414361,256000
10,15087051,256000
11,14454786,256000
2,-3,275,434,256000
1,15283129,256040
9,14412592,256040
10,15086031,256040
11,14454412,256040
2,-5,276,434,256040
1,15282925,256080
9,14412422,256080
10,15085759,256080
11,14454107,256080
2,-5,277,435,256080
1,15286189,256120
9,14413000,256120
10,15086677,256120
11,14455364,256120
2,-5,276,433,256120
1,15289044,256160
9,14413782,256160
10,15087696,256160
11,14456588,256160
2,-4,276,434,256160
1,15292546,256200
9,14415414,256200
10,15088547,256200
11,14456962,256200
2,-4,277,434,256200
1,15296049,256240
9,14416911,256240
10,15090450,256240
11,14458527,256240
2,-5,277,433,256240
1,15299007,256280
9,14418747,256280
10,15091946,256280
11,14460057,256280
2,-6,275,435,256280
1,15303019,256320
9,14420991,256320
10,15093918,256320
11,14462165,256320
2,-4,277,435,256320
1,15307200,256360
9,14423948,256360
10,15096231,256360
11,14464137,256360
2,-4,277,434,256360
1,15311654,256400
9,14427144,256400
10,15098474,256400
11,14466721,256400
2,-4,278,434,256400
1,15316823,256440
9,14430239,256440
10,15101262,256440
11,14469339,256440
2,-4,276,435,256440
1,15322603,256480
9,14434080,256480
10,15104595,256480
11,14472194,256480
2,-6,278,434,256480
1,15328552,256520
9,14437889,256520
10,15107484,256520
11,14475017,256520
2,-6,276,434,256520
1,15333177,256560
9,14440948,256560
10,15110068,256560
11,14477091,256560
2,-5,279,433,256560
1,15329912,256600
9,14439928,256600
10,15109389,256600
11,14476818,256600
2,-1,281,434,256600
1,15322874,256640
9,14438161,256640
10,15108743,256640
11,14475322,256640
2,-5,277,435,256640
1,15315429,256680
9,14435849,256680
10,15107791,256680
11,14473894,256680
2,-5,274,434,256680
1,15310668,256720
9,14433877,256720
10,15106498,256720
11,14473214,256720
2,-5,277,435,256720
1,15310023,256760
9,14433604,256760
10,15106159,256760
11,14472806,256760
2,-4,276,434,256760
1,15311383,256800
9,14433945,256800
10,15106669,256800
11,14473350,256800
2,-4,276,434,256800
1,15315667,256840
9,14435917,256840
10,15108063,256840
11,14474778,256840
2,-6,277,435,256840
1,15320087,256880
9,14438500,256880
10,15110374,256880
11,14476649,256880
2,-6,278,434,256880
1,15325458,256920
9,14441288,256920
10,15111837,256920
11,14478314,256920
2,-4,277,435,256920
1,15329402,256960
9,14444756,256960
10,15113774,256960
11,14480150,256960
2,-3,276,432,256960
1,15333415,257000
9,14448122,257000
10,15116188,257000
11,14482259,257000
2,-4,279,434,257000
1,15338208,257040
9,14452270,257040
10,15118568,257040
11,14484299,257040
2,-3,276,434,257040
1,15343581,257080
9,14456249,257080
10,15121323,257080
11,14487494,257080
2,-5,278,433,257080
1,15349531,257120
9,14461111,257120
10,15124485,257120
11,14491064,257120
2,-5,278,433,257120
1,15356806,257160
9,14465768,257160
10,15127986,257160
11,14493954,257160
2,-5,276,432,257160
1,15362654,257200
9,14471106,257200
10,15131251,257200
11,14496913,257200
2,-4,280,432,257200
1,15369421,257240
9,14476104,257240
10,15134719,257240
11,14500993,257240
2,-3,277,434,257240
1,15375030,257280
9,14480286,257280
10,15138153,257280
11,14504120,257280
2,-3,279,434,257280
1,15372481,257320
9,14481034,257320
10,15139037,257320
11,14504223,257320
2,-3,280,432,257320
1,15364558,257360
9,14479776,257360
10,15138255,257360
11,14503168,257360
2,-2,279,433,257360
1,15357453,257400
9,14478280,257400
10,15137677,257400
11,14502386,257400
2,-3,277,432,257400
1,15352216,257440
9,14476343,257440
10,15137302,257440
11,14502386,257440
2,-5,280,433,257440
1,15349292,257480
9,14475424,257480
10,15136928,257480
11,14501877,257480
2,-4,280,431,257480
1,15349225,257520
9,14475017,257520
10,15136996,257520
11,14502148,257520
2,-4,279,433,257520
1,15350891,257560
9,14476173,257560
10,15137677,257560
11,14502931,257560
2,-4,280,432,257560
1002,82,257560,1787825109967
1004,746,257560,1787825109967
1002,82,257560,1787825110764
1004,702,257560,1787825110765
1004,728,257560,1787825110765
101,81,82,0,257560,1787825110854
222,0,sqi=100
101,81,82,0,257560,1787825110943
222,0,sqi=100
1,15353237,257600
9,14477227,257600
10,15138969,257600
11,14503883,257600
2,-4,279,433,257600
1,15356467,257640
9,14479233,257640
10,15140261,257640
11,14505684,257640
2,-6,279,433,257640
1,15358948,257680
9,14480559,257680
10,15141621,257680
11,14507180,257680
2,-3,280,432,257680
1,15362213,257720
9,14482599,257720
10,15142845,257720
11,14508302,257720
2,-4,278,432,257720
1,15365919,257760
9,14484469,257760
10,15144782,257760
11,14510173,257760
2,-3,279,433,257760
1,15369863,257800
9,14487494,257800
10,15147707,257800
11,14512553,257800
2,-5,280,432,257800
1,15375030,257840
9,14490963,257840
10,15150189,257840
11,14514559,257840
2,-4,279,432,257840
1,15379655,257880
9,14493716,257880
10,15152772,257880
11,14517721,257880
2,-4,280,433,257880
1,15384721,257920
9,14497422,257920
10,15155696,257920
11,14520542,257920
2,-4,279,433,257920
1,15390568,257960
9,14500789,257960
10,15158723,257960
11,14523330,257960
2,-4,281,434,257960
1,15396586,258000
9,14504223,258000
10,15161986,258000
11,14526697,258000
2,-5,277,433,258000
1,15399952,258040
9,14506671,258040
10,15164367,258040
11,14529144,258040
2,-3,280,432,258040
1,15396314,258080
9,14505311,258080
10,15164672,258080
11,14528499,258080
2,-3,278,433,258080
1,15387542,258120
9,14502964,258120
10,15164400,258120
11,14527036,258120
2,-3,279,432,258120
1,15378805,258160
9,14500176,258160
10,15162803,258160
11,14525405,258160
2,-5,280,433,258160
1,15372820,258200
9,14498102,258200
10,15161986,258200
11,14524214,258200
2,-4,280,433,258200
1,15368910,258240
9,14496437,258240
10,15161375,258240
11,14523704,258240
2,-3,279,433,258240
1,15367959,258280
9,14495315,258280
10,15160593,258280
11,14523704,258280
2,-4,279,433,258280
1,15368945,258320
9,14495213,258320
10,15161646,258320
11,14524112,258320
2,-5,281,432,258320
1,15371052,258360
9,14496199,258360
10,15161544,258360
11,14525303,258360
2,-5,276,433,258360
1,15373739,258400
9,14497592,258400
10,15162088,258400
11,14525711,258400
2,-4,281,431,258400
1,15375676,258440
9,14498273,258440
10,15163244,258440
11,14527207,258440
2,-5,278,432,258440
1,15378261,258480
9,14499904,258480
10,15164367,258480
11,14528158,258480
2,-4,281,431,258480
1,15381253,258520
9,14502251,258520
10,15165726,258520
11,14529824,258520
2,-5,279,431,258520
1,15385605,258560
9,14504902,258560
10,15167869,258560
11,14531592,258560
2,-6,280,433,258560
1,15390534,258600
9,14507997,258600
10,15170215,258600
11,14534517,258600
2,-4,282,434,258600
1,15395600,258640
9,14511906,258640
10,15172322,258640
11,14536319,258640
2,-3,278,433,258640
1,15399918,258680
9,14515340,258680
10,15174532,258680
11,14538971,258680
2,-5,278,433,258680
1,15404916,258720
9,14519217,258720
10,15177388,258720
11,14541317,258720
2,-5,278,432,258720
1,15410084,258760
9,14522889,258760
10,15179836,258760
11,14544377,258760
2,-5,279,432,258760
1,15412634,258800
9,14525167,258800
10,15181672,258800
11,14546179,258800
2,-4,278,432,258800
1,15407671,258840
9,14523297,258840
10,15181638,258840
11,14545261,258840
2,-4,277,433,258840
1,15398558,258880
9,14520373,258880
10,15180381,258880
11,14543969,258880
2,-4,279,433,258880
1,15389685,258920
9,14516531,258920
10,15178578,258920
11,14542914,258920
2,-3,280,433,258920
1,15383292,258960
9,14513641,258960
10,15177423,258960
11,14541453,258960
2,-4,278,433,258960
1,15379553,259000
9,14511022,259000
10,15176403,259000
11,14540874,259000
2,-5,278,433,259000
1,15379246,259040
9,14509765,259040
10,15176063,259040
11,14540874,259040
2,-5,279,433,259040
1,15381320,259080
9,14509459,259080
10,15176165,259080
11,14541759,259080
2,-4,281,433,259080
1,15384143,259120
9,14510071,259120
10,15176674,259120
11,14542813,259120
2,-4,278,432,259120
1,15386285,259160
9,14510444,259160
10,15177797,259160
11,14543832,259160
2,-4,280,433,259160
1002,82,259160,1787825111985
1004,757,259160,1787825111986
101,81,82,0,259160,1787825112499
222,0,sqi=100
1,15388154,259200
9,14511227,259200
10,15178545,259200
11,14545226,259200
2,-7,279,432,259200
1,15390534,259240
9,14512586,259240
10,15180279,259240
11,14546518,259240
2,-4,280,434,259240
1,15394309,259280
9,14514219,259280
10,15182012,259280
11,14548151,259280
2,-4,278,433,259280
1,15398083,259320
9,14516463,259320
10,15183848,259320
11,14550054,259320
2,-4,278,434,259320
1,15402638,259360
9,14519523,259360
10,15186364,259360
11,14552740,259360
2,-4,280,432,259360
1,15407534,259400
9,14522106,259400
10,15188914,259400
11,14555120,259400
2,-5,280,433,259400
1,15412566,259440
9,14525574,259440
10,15191805,259440
11,14557739,259440
2,-4,278,431,259440
1,15417769,259480
9,14529144,259480
10,15194456,259480
11,14560255,259480
2,-5,279,433,259480
1,15423005,259520
9,14532341,259520
10,15197415,259520
11,14562600,259520
2,-4,280,433,259520
1,15422223,259560
9,14531797,259560
10,15198537,259560
11,14563110,259560
2,-4,279,434,259560
1,15413450,259600
9,14529077,259600
10,15197992,259600
11,14561717,259600
2,-4,279,434,259600
1,15403863,259640
9,14525744,259640
10,15196258,259640
11,14560187,259640
2,-3,278,434,259640
1,15395464,259680
9,14522379,259680
10,15195205,259680
11,14559030,259680
2,-5,279,434,259680
1,15390161,259720
9,14518604,259720
10,15194082,259720
11,14558214,259720
2,-3,277,431,259720
1,15387916,259760
9,14516735,259760
10,15193369,259760
11,14558657,259760
2,-3,278,431,259760
1,15387440,259800
9,14516156,259800
10,15193607,259800
11,14558588,259800
2,-4,279,434,259800
1,15389923,259840
9,14516938,259840
10,15194048,259840
11,14559881,259840
2,-4,278,432,259840
1,15391588,259880
9,14517551,259880
10,15194423,259880
11,14561105,259880
2,-4,277,432,259880
1,15393118,259920
9,14518435,259920
10,15195545,259920
11,14562226,259920
2,-3,279,432,259920
1,15395090,259960
9,14519761,259960
10,15196394,259960
11,14563246,259960
2,-4,277,432,259960
1,15397607,260000
9,14521835,260000
10,15197992,260000
11,14565355,260000
2,-4,278,431,260000
1,15400394,260040
9,14524249,260040
10,15199251,260040
11,14567021,260040
2,-5,278,434,260040
1,15403964,260080
9,14526697,260080
10,15201291,260080
11,14569026,260080
2,-5,282,430,260080
1,15408249,260120
9,14529451,260120
10,15203399,260120
11,14571611,260120
2,-4,280,433,260120
1,15413383,260160
9,14532783,260160
10,15206186,260160
11,14574568,260160
2,-3,278,433,260160
1,15417496,260200
9,14536081,260200
10,15208464,260200
11,14577187,260200
2,-3,278,433,260200
1,15422427,260240
9,14539515,260240
10,15211287,260240
11,14580042,260240
2,-4,277,433,260240
1,15427017,260280
9,14543050,260280
10,15213871,260280
11,14582592,260280
2,-2,278,432,260280
1,15429465,260320
9,14544513,260320
10,15215468,260320
11,14584429,260320
2,-4,276,433,260320
1,15423039,260360
9,14542031,260360
10,15214993,260360
11,14583375,260360
2,-3,277,432,260360
1,15409982,260400
9,14536897,260400
10,15213055,260400
11,14581470,260400
2,-3,279,432,260400
1,15397912,260440
9,14531320,260440
10,15210267,260440
11,14579668,260440
2,-4,279,432,260440
1,15388392,260480
9,14526459,260480
10,15208159,260480
11,14578308,260480
2,-4,279,432,260480
1,15382714,260520
9,14521801,260520
10,15205745,260520
11,14576779,260520
2,-4,279,432,260520
1,15379212,260560
9,14518435,260560
10,15203807,260560
11,14576098,260560
2,-4,280,432,260560
1,15378431,260600
9,14516463,260600
10,15203194,260600
11,14576098,260600
2,-3,279,432,260600
1,15378329,260640
9,14515851,260640
10,15202515,260640
11,14576439,260640
2,-4,283,431,260640
1,15378873,260680
9,14515170,260680
10,15202311,260680
11,14576948,260680
2,-3,280,431,260680
1,15379246,260720
9,14515103,260720
10,15202345,260720
11,14577289,260720
2,-6,282,431,260720
1,15380232,260760
9,14515408,260760
10,15202685,260760
11,14578377,260760
2,-6,280,433,260760
1002,82,260760,1787825112794
1004,756,260760,1787825112794
1002,81,260760,1787825114003
1004,738,260760,1787825114003
1004,782,260760,1787825114034
101,81,81,0,260760,1787825114035
222,0,sqi=100
101,80,81,0,260760,1787825114121
222,0,sqi=100
1,15381150,260800
9,14516531,260800
10,15203194,260800
11,14579430,260800
2,-6,280,433,260800
1,15383870,260840
9,14517822,260840
10,15204181,260840
11,14581131,260840
2,-4,281,434,260840
1,15386590,260880
9,14519557,260880
10,15205269,260880
11,14582524,260880
2,-4,282,431,260880
1,15390976,260920
9,14521630,260920
10,15206866,260920
11,14584191,260920
2,-6,280,433,260920
1,15394818,260960
9,14524419,260960
10,15208668,260960
11,14586911,260960
2,-5,281,432,260960
1,15398932,261000
9,14526765,261000
10,15210607,261000
11,14588848,261000
2,-5,279,431,261000
1,15403760,261040
9,14529926,261040
10,15212579,261040
11,14590957,261040
2,-7,280,431,261040
1,15408215,261080
9,14532986,261080
10,15214755,261080
11,14593710,261080
2,-4,278,431,261080
1,15409813,261120
9,14533769,261120
10,15216454,261120
11,14595002,261120
2,-4,280,433,261120
1,15401278,261160
9,14529926,261160
10,15214414,261160
11,14593166,261160
2,-4,281,432,261160
1,15388699,261200
9,14525303,261200
10,15212272,261200
11,14591297,261200
2,-4,279,432,261200
1,15376663,261240
9,14518978,261240
10,15208805,261240
11,14588985,261240
2,-4,279,434,261240
1,15368945,261280
9,14514899,261280
10,15206357,261280
11,14587522,261280
2,-6,281,431,261280
1,15363844,261320
9,14510615,261320
10,15204283,261320
11,14586639,261320
2,-3,281,432,261320
1,15361294,261360
9,14508608,261360
10,15202515,261360
11,14585924,261360
2,-5,280,432,261360
1,15360410,261400
9,14507283,261400
10,15201120,261400
11,14586162,261400
2,-3,279,432,261400
1,15361941,261440
9,14507044,261440
10,15200543,261440
11,14586196,261440
2,-5,283,432,261440
1,15362722,261480
9,14507079,261480
10,15200168,261480
11,14586944,261480
2,-4,280,433,261480
1,15363607,261520
9,14507691,261520
10,15200236,261520
11,14587998,261520
2,-4,280,432,261520
1,15365034,261560
9,14508642,261560
10,15200067,261560
11,14588372,261560
2,-4,280,431,261560
1,15366191,261600
9,14510037,261600
10,15200134,261600
11,14589664,261600
2,-4,280,432,261600
1,15369930,261640
9,14511771,261640
10,15201256,261640
11,14591025,261640
2,-3,281,432,261640
1,15373942,261680
9,14514219,261680
10,15201869,261680
11,14592690,261680
2,-4,279,433,261680
1,15378805,261720
9,14516837,261720
10,15203739,261720
11,14594764,261720
2,-3,280,431,261720
1,15383156,261760
9,14520645,261760
10,15205336,261760
11,14597076,261760
2,-3,280,430,261760
1,15386998,261800
9,14524011,261800
10,15207172,261800
11,14599320,261800
2,-2,279,432,261800
1,15391112,261840
9,14527512,261840
10,15209144,261840
11,14601633,261840
2,-4,278,432,261840
1,15394818,261880
9,14531253,261880
10,15210708,261880
11,14604047,261880
2,-3,280,432,261880
1,15392677,261920
9,14530947,261920
10,15210539,261920
11,14604012,261920
2,-4,279,433,261920
1,15382885,261960
9,14527173,261960
10,15208260,261960
11,14602448,261960
2,-4,281,431,261960
1,15371393,262000
9,14523092,262000
10,15204928,262000
11,14600714,262000
2,-3,279,431,262000
1,15362077,262040
9,14518435,262040
10,15201936,262040
11,14599218,262040
2,-3,281,431,262040
1,15355820,262080
9,14514762,262080
10,15199081,262080
11,14598130,262080
2,-5,279,433,262080
1,15352284,262120
9,14512382,262120
10,15196530,262120
11,14598028,262120
2,-3,281,434,262120
1,15351129,262160
9,14511090,262160
10,15195069,262160
11,14598096,262160
2,-3,279,432,262160
1,15351604,262200
9,14510751,262200
10,15194151,262200
11,14598504,262200
2,-3,282,431,262200
1,15353814,262240
9,14511227,262240
10,15193641,262240
11,14599082,262240
2,-5,279,432,262240
1,15354121,262280
9,14511397,262280
10,15193199,262280
11,14599490,262280
2,-3,281,431,262280
1,15354937,262320
9,14511566,262320
10,15192723,262320
11,14600409,262320
2,-4,280,432,262320
1,15356262,262360
9,14512586,262360
10,15193097,262360
11,14601633,262360
2,-3,281,432,262360
1002,81,262360,1787825114821
1004,793,262360,1787825114821
101,80,81,0,262360,1787825115635
222,0,sqi=100
101,80,81,0,262360,1787825115718
222,0,sqi=100
1,15358778,262400
9,14514287,262400
10,15193573,262400
11,14602550,262400
2,-5,280,432,262400
1,15362348,262440
9,14515987,262440
10,15194898,262440
11,14604387,262440
2,-4,279,432,262440
1,15365647,262480
9,14518367,262480
10,15195953,262480
11,14606324,262480
2,-3,280,433,262480
1,15369965,262520
9,14520781,262520
10,15197550,262520
11,14608229,262520
2,-4,281,433,262520
1,15374963,262560
9,14523739,262560
10,15199251,262560
11,14610405,262560
2,-4,278,433,262560
1,15380131,262600
9,14526595,262600
10,15200950,262600
11,14612580,262600
2,-3,280,432,262600
1,15379111,262640
9,14526730,262640
10,15201494,262640
11,14612716,262640
2,-3,280,433,262640
1,15370237,262680
9,14522379,262680
10,15199420,262680
11,14611017,262680
2,-4,281,434,262680
1,15358812,262720
9,14517619,262720
10,15196089,262720
11,14609487,262720
2,-3,280,431,262720
1,15349360,262760
9,14513198,262760
10,15192858,262760
11,14607753,262760
2,-3,280,432,262760
1,15343682,262800
9,14509187,262800
10,15190138,262800
11,14606835,262800
2,-4,279,432,262800
1,15340351,262840
9,14506637,262840
10,15187588,262840
11,14606223,262840
2,-4,282,432,262840
1,15340895,262880
9,14505311,262880
10,15186399,262880
11,14606529,262880
2,-4,280,433,262880
1,15343717,262920
9,14505718,262920
10,15186331,262920
11,14607242,262920
2,-3,280,433,262920
1,15346981,262960
9,14506365,262960
10,15186501,262960
11,14608229,262960
2,-3,279,433,262960
1,15349292,263000
9,14507555,263000
10,15186739,263000
11,14609384,263000
2,-3,282,432,263000
1,15352012,263040
9,14509731,263040
10,15187078,263040
11,14610540,263040
2,-4,280,431,263040
1,15354800,263080
9,14511703,263080
10,15187997,263080
11,14612240,263080
2,-3,280,432,263080
1,15358744,263120
9,14514457,263120
10,15189051,263120
11,14613736,263120
2,-3,280,432,263120
1,15362315,263160
9,14517517,263160
10,15190207,263160
11,14615436,263160
2,-4,281,433,263160
1,15367211,263200
9,14520781,263200
10,15192485,263200
11,14617748,263200
2,-4,280,432,263200
1,15372787,263240
9,14524588,263240
10,15194423,263240
11,14620265,263240
2,-4,281,431,263240
1,15377648,263280
9,14527920,263280
10,15196428,263280
11,14622849,263280
2,-5,281,431,263280
1,15382850,263320
9,14531694,263320
10,15199047,263320
11,14625160,263320
2,-4,280,432,263320
1,15388154,263360
9,14535672,263360
10,15201835,263360
11,14627745,263360
2,-3,280,430,263360
1,15388528,263400
9,14536115,263400
10,15202311,263400
11,14628220,263400
2,-3,278,435,263400
1,15379961,263440
9,14533088,263440
10,15199319,263440
11,14626317,263440
2,-4,282,430,263440
1,15367074,263480
9,14528158,263480
10,15195986,263480
11,14624379,263480
2,-3,281,431,263480
1,15355140,263520
9,14522719,263520
10,15191532,263520
11,14622236,263520
2,-3,281,432,263520
1,15346539,263560
9,14518196,263560
10,15187860,263560
11,14620196,263560
2,-4,279,431,263560
1,15340555,263600
9,14514253,263600
10,15184495,263600
11,14618802,263600
2,-3,281,431,263600
1,15337291,263640
9,14511260,263640
10,15181706,263640
11,14617919,263640
2,-4,282,432,263640
1,15336746,263680
9,14510071,263680
10,15179836,263680
11,14617613,263680
2,-4,280,431,263680
1,15338039,263720
9,14509832,263720
10,15178647,263720
11,14617476,263720
2,-5,278,432,263720
1,15339263,263760
9,14509663,263760
10,15177660,263760
11,14617510,263760
2,-5,283,431,263760
1,15339500,263800
9,14509731,263800
10,15175926,263800
11,14618088,263800
2,-4,281,433,263800
1,15341847,263840
9,14510376,263840
10,15175995,263840
11,14618292,263840
2,-5,281,431,263840
1,15343785,263880
9,14511362,263880
10,15175926,263880
11,14618564,263880
2,-4,281,433,263880
1,15347014,263920
9,14512756,263920
10,15176266,263920
11,14619993,263920
2,-5,283,432,263920
1,15350754,263960
9,14514661,263960
10,15176640,263960
11,14621693,263960
2,-5,279,433,263960
1002,81,263840,1787825116023
1004,781,263880,1787825116023
1002,80,263960,1787825116848
1004,724,263960,1787825116848
1004,770,263960,1787825116849
101,80,80,0,263960,1787825117245
222,0,sqi=100
1,15355480,264000
9,14517177,264000
10,15177967,264000
11,14622984,264000
2,-5,279,431,264000
1,15359765,264040
9,14519761,264040
10,15179361,264040
11,14624481,264040
2,-5,282,431,264040
1,15364389,264080
9,14522616,264080
10,15180482,264080
11,14626521,264080
2,-6,279,432,264080
1,15369285,264120
9,14526390,264120
10,15182182,264120
11,14628526,264120
2,-4,278,433,264120
1,15373093,264160
9,14528465,264160
10,15183202,264160
11,14630022,264160
2,-5,281,432,264160
1,15367211,264200
9,14525880,264200
10,15181741,264200
11,14627915,264200
2,-5,279,432,264200
1,15355413,264240
9,14521121,264240
10,15177593,264240
11,14625433,264240
2,-5,281,433,264240
1,15342697,264280
9,14515783,264280
10,15172731,264280
11,14622474,264280
2,-5,281,431,264280
1,15331341,264320
9,14510274,264320
10,15167732,264320
11,14619856,264320
2,-4,278,433,264320
1,15324336,264360
9,14505549,264360
10,15163074,264360
11,14617647,264360
2,-4,278,431,264360
1,15318251,264400
9,14502455,264400
10,15159402,264400
11,14615810,264400
2,-4,281,432,264400
1,15316959,264440
9,14500652,264440
10,15156037,264440
11,14615063,264440
2,-5,281,431,264440
1,15317435,264480
9,14499531,264480
10,15153657,264480
11,14614518,264480
2,-5,280,433,264480
1,15318013,264520
9,14499054,264520
10,15152331,264520
11,14613941,264520
2,-3,281,433,264520
1,15319033,264560
9,14498681,264560
10,15150767,264560
11,14613499,264560
2,-4,279,431,264560
1,15321004,264600
9,14499904,264600
10,15149882,264600
11,14613974,264600
2,-4,278,432,264600
1,15322603,264640
9,14500720,264640
10,15149271,264640
11,14613872,264640
2,-5,281,431,264640
1,15325322,264680
9,14501911,264680
10,15149373,264680
11,14614450,264680
2,-3,280,433,264680
1,15328858,264720
9,14504155,264720
10,15149542,264720
11,14615742,264720
2,-4,280,431,264720
1,15333245,264760
9,14506773,264760
10,15150631,264760
11,14617647,264760
2,-4,282,431,264760
1,15337154,264800
9,14509866,264800
10,15151140,264800
11,14618292,264800
2,-4,280,432,264800
1,15341609,264840
9,14512246,264840
10,15151889,264840
11,14619822,264840
2,-2,280,432,264840
1,15346028,264880
9,14516191,264880
10,15153214,264880
11,14621591,264880
2,-1,281,432,264880
1,15351401,264920
9,14519080,264920
10,15154404,264920
11,14623393,264920
2,-2,280,430,264920
1,15350857,264960
9,14519250,264960
10,15153895,264960
11,14623121,264960
2,-3,282,433,264960
1,15341779,265000
9,14515510,265000
10,15150562,265000
11,14620196,265000
2,-5,280,433,265000
1,15329028,265040
9,14511090,265040
10,15145463,265040
11,14616831,265040
2,-3,280,432,265040
1,15318692,265080
9,14506365,265080
10,15140226,265080
11,14613974,265080
2,-3,281,433,265080
1,15311586,265120
9,14502557,265120
10,15136079,265120
11,14612036,265120
2,-3,283,432,265120
1,15307541,265160
9,14499734,265160
10,15132509,265160
11,14610235,265160
2,-3,278,431,265160
1,15306316,265200
9,14498307,265200
10,15129959,265200
11,14609317,265200
2,-3,280,433,265200
1,15306146,265240
9,14498748,265240
10,15128224,265240
11,14608263,265240
2,-2,279,432,265240
1,15308459,265280
9,14500074,265280
10,15127273,265280
11,14609147,265280
2,-3,280,432,265280
1,15310158,265320
9,14500924,265320
10,15126185,265320
11,14608977,265320
2,-2,279,432,265320
1,15312334,265360
9,14502659,265360
10,15125470,265360
11,14608977,265360
2,-5,279,433,265360
1,15314510,265400
9,14504461,265400
10,15125334,265400
11,14609419,265400
2,-4,279,434,265400
1,15317945,265440
9,14506943,265440
10,15125573,265440
11,14610303,265440
2,-3,281,431,265440
1,15321786,265480
9,14509561,265480
10,15126049,265480
11,14610948,265480
2,-4,279,430,265480
1,15326818,265520
9,14512655,265520
10,15127239,265520
11,14612547,265520
2,-3,279,432,265520
1,15331375,265560
9,14516293,265560
10,15128156,265560
11,14614246,265560
2,-4,279,433,265560
1002,80,265560,1787825118054
1004,778,265560,1787825118054
101,79,80,0,265560,1787825118852
222,0,sqi=100
1002,80,265560,1787825118892
1004,775,265560,1787825118892
101,79,80,0,265560,1787825118913
222,0,sqi=100
1,15335930,265600
9,14519624,265600
10,15129686,265600
11,14615810,265600
2,-3,279,432,265600
1,15340860,265640
9,14523024,265640
10,15131760,265640
11,14617545,265640
2,-3,280,432,265640
1,15345655,265680
9,14526017,265680
10,15132951,265680
11,14618939,265680
2,-3,280,432,265680
1,15341405,265720
9,14524487,265720
10,15131964,265720
11,14617409,265720
2,-4,281,432,265720
1,15331476,265760
9,14520509,265760
10,15128632,265760
11,14614450,265760
2,-4,279,433,265760
1,15321174,265800
9,14515919,265800
10,15124077,265800
11,14611526,265800
2,-2,281,431,265800
1,15313967,265840
9,14511804,265840
10,15119861,265840
11,14608807,265840
2,-4,281,432,265840
1,15308595,265880
9,14508269,265880
10,15116393,265880
11,14606358,265880
2,-4,280,431,265880
1,15305977,265920
9,14506263,265920
10,15113877,265920
11,14605134,265920
2,-3,279,433,265920
1,15306010,265960
9,14505447,265960
10,15112041,265960
11,14604523,265960
2,-4,280,431,265960
1,15307711,266000
9,14505991,266000
10,15111735,266000
11,14604726,266000
2,-4,278,432,266000
1,15310634,266040
9,14505957,266040
10,15110782,266040
11,14604148,266040
2,-3,280,432,266040
1,15311995,266080
9,14507215,266080
10,15110170,266080
11,14603876,266080
2,-4,281,432,266080
1,15314850,266120
9,14508880,266120
10,15110443,266120
11,14604216,266120
2,-2,279,433,266120
1,15317978,266160
9,14511158,266160
10,15110578,266160
11,14604862,266160
2,-4,280,433,266160
1,15321515,266200
9,14513130,266200
10,15111021,266200
11,14606324,266200
2,-3,280,432,266200
1,15327532,266240
9,14516327,266240
10,15112449,266240
11,14607413,266240
2,-3,280,432,266240
1,15334026,266280
9,14519523,266280
10,15114251,266280
11,14609113,266280
2,-3,279,432,266280
1,15341099,266320
9,14523126,266320
10,15116528,266320
11,14611152,266320
2,-3,280,433,266320
1,15347660,266360
9,14527920,266360
10,15119147,266360
11,14613430,266360
2,-2,280,432,266360
1,15354903,266400
9,14532273,266400
10,15121764,266400
11,14615538,266400
2,-4,280,431,266400
1,15356501,266440
9,14534381,266440
10,15122377,266440
11,14616014,266440
2,-2,280,432,266440
1,15349735,266480
9,14532341,266480
10,15120336,266480
11,14613261,266480
2,-4,280,432,266480
1,15338447,266520
9,14527785,266520
10,15116222,266520
11,14609452,266520
2,-3,280,431,266520
1,15327736,266560
9,14523195,266560
10,15111531,266560
11,14605542,266560
2,-3,279,433,266560
1,15320256,266600
9,14519217,266600
10,15107212,266600
11,14602585,266600
2,-3,281,432,266600
1,15315599,266640
9,14515545,266640
10,15104050,266640
11,14600239,266640
2,-4,281,432,266640
1,15314035,266680
9,14513845,266680
10,15101806,266680
11,14598300,266680
2,-4,281,432,266680
1,15315599,266720
9,14513912,266720
10,15100106,266720
11,14598062,266720
2,-3,279,431,266720
1,15318115,266760
9,14514729,266760
10,15098951,266760
11,14597621,266760
2,-3,279,432,266760
1,15319882,266800
9,14515103,266800
10,15098271,266800
11,14597281,266800
2,-4,280,432,266800
1,15322025,266840
9,14516259,266840
10,15097930,266840
11,14597213,266840
2,-3,280,432,266840
1,15324711,266880
9,14517721,266880
10,15097930,266880
11,14597281,266880
2,-3,280,431,266880
1,15327906,266920
9,14519862,266920
10,15098067,266920
11,14597518,266920
2,-4,280,432,266920
1,15332361,266960
9,14522005,266960
10,15099052,266960
11,14598334,266960
2,-5,279,431,266960
1,15336611,267000
9,14524521,267000
10,15100277,267000
11,14598844,267000
2,-4,279,430,267000
1,15341575,267040
9,14527411,267040
10,15101806,267040
11,14600613,267040
2,-4,280,432,267040
1,15346470,267080
9,14530743,267080
10,15103608,267080
11,14601871,267080
2,-3,281,432,267080
1,15351978,267120
9,14533701,267120
10,15105070,267120
11,14603434,267120
2,-3,279,431,267120
1,15357384,267160
9,14536760,267160
10,15107451,267160
11,14604999,267160
2,-4,280,432,267160
1002,80,267160,1787825120095
1004,742,267160,1787825120095
101,79,80,0,267160,1787825120451
222,0,sqi=100
1,15362790,267200
9,14539888,267200
10,15109355,267200
11,14606256,267200
2,-4,279,433,267200
1,15359968,267240
9,14538019,267240
10,15109082,267240
11,14604454,267240
2,-4,281,431,267240
1,15349089,267280
9,14533429,267280
10,15105750,267280
11,14600953,267280
2,-4,282,430,267280
1,15337121,267320
9,14527648,267320
10,15100345,267320
11,14596261,267320
2,-3,281,433,267320
1,15326920,267360
9,14521868,267360
10,15095516,267360
11,14592079,267360
2,-3,279,432,267360
1,15320460,267400
9,14517517,267400
10,15091165,267400
11,14588100,267400
2,-3,281,432,267400
1,15315190,267440
9,14513130,267440
10,15087221,267440
11,14585584,267440
2,-4,281,432,267440
1,15313015,267480
9,14510784,267480
10,15084670,267480
11,14582695,267480
2,-4,280,431,267480
1,15313151,267520
9,14510037,267520
10,15082971,267520
11,14581743,267520
2,-3,280,431,267520
1,15314306,267560
9,14509459,267560
10,15081747,267560
11,14580552,267560
2,-5,281,431,267560
1,15315088,267600
9,14509595,267600
10,15080285,267600
11,14579023,267600
2,-3,281,432,267600
1,15316041,267640
9,14509799,267640
10,15079536,267640
11,14577764,267640
2,-5,281,430,267640
1,15317469,267680
9,14510717,267680
10,15079128,267680
11,14577357,267680
2,-4,279,434,267680
1,15319951,267720
9,14511974,267720
10,15079230,267720
11,14577357,267720
2,-5,282,431,267720
1,15322773,267760
9,14514049,267760
10,15079435,267760
11,14577323,267760
2,-5,281,431,267760
1,15326717,267800
9,14516497,267800
10,15080556,267800
11,14577968,267800
2,-5,281,432,267800
1,15331375,267840
9,14519013,267840
10,15081849,267840
11,14579056,267840
2,-4,279,432,267840
1,15336066,267880
9,14522276,267880
10,15082868,267880
11,14580451,267880
2,-4,279,433,267880
1,15340453,267920
9,14525269,267920
10,15085011,267920
11,14581131,267920
2,-4,280,432,267920
1,15345553,267960
9,14529008,267960
10,15086405,267960
11,14582355,267960
2,-4,280,432,267960
1,15350551,268000
9,14532204,268000
10,15088513,268000
11,14584293,268000
2,-3,280,430,268000
1,15349054,268040
9,14531525,268040
10,15087696,268040
11,14582185,268040
2,-5,280,433,268040
1,15339229,268080
9,14527445,268080
10,15084874,268080
11,14577731,268080
2,-4,282,433,268080
1,15327125,268120
9,14522311,268120
10,15080013,268120
11,14573208,268120
2,-5,281,431,268120
1,15316720,268160
9,14516938,268160
10,15075592,268160
11,14568414,268160
2,-2,281,432,268160
1,15309274,268200
9,14512485,268200
10,15070391,268200
11,14563620,268200
2,-3,281,431,268200
1,15304379,268240
9,14508812,268240
10,15066855,268240
11,14559813,268240
2,-3,280,432,268240
1,15302440,268280
9,14506602,268280
10,15064203,268280
11,14557228,268280
2,-5,280,431,268280
1,15302101,268320
9,14505515,268320
10,15062264,268320
11,14555256,268320
2,-2,279,433,268320
1,15304072,268360
9,14505650,268360
10,15061007,268360
11,14553149,268360
2,-4,287,430,268360
1,15304548,268400
9,14505413,268400
10,15059647,268400
11,14551789,268400
2,-3,279,433,268400
1,15305262,268440
9,14505141,268440
10,15058728,268440
11,14550326,268440
2,-4,279,430,268440
1,15306487,268480
9,14505889,268480
10,15058559,268480
11,14549204,268480
2,-3,281,433,268480
1,15309614,268520
9,14506943,268520
10,15058559,268520
11,14549001,268520
2,-3,279,433,268520
1,15312810,268560
9,14508880,268560
10,15059170,268560
11,14548763,268560
2,-5,278,432,268560
1,15317605,268600
9,14510886,268600
10,15059987,268600
11,14549170,268600
2,-4,282,432,268600
1,15321242,268640
9,14513878,268640
10,15061244,268640
11,14549477,268640
2,-4,279,433,268640
1,15325968,268680
9,14516973,268680
10,15062740,268680
11,14550531,268680
2,-3,278,434,268680
1,15330967,268720
9,14520270,268720
10,15064508,268720
11,14551789,268720
2,-2,279,431,268720
1,15335522,268760
9,14523772,268760
10,15066651,268760
11,14552571,268760
2,-3,279,430,268760
1002,80,268760,1787825120887
1004,747,268760,1787825120890
1004,780,268760,1787825120922
1002,80,268760,1787825121705
1004,804,268760,1787825121728
101,79,80,0,268760,1787825122036
222,0,sqi=100
101,79,80,0,268760,1787825122125
222,0,sqi=100
1,15333312,268800
9,14522719,268800
10,15065495,268800
11,14550089,268800
2,-2,279,431,268800
1,15322398,268840
9,14518061,268840
10,15061346,268840
11,14544547,268840
2,-3,279,433,268840
1,15307983,268880
9,14511974,268880
10,15055193,268880
11,14536931,268880
2,-3,281,431,268880
1,15293669,268920
9,14505276,268920
10,15048801,268920
11,14529791,268920
2,-4,280,434,268920
1,15282958,268960
9,14499054,268960
10,15042748,268960
11,14523467,268960
2,-3,278,431,268960
1,15273676,269000
9,14493989,269000
10,15037139,269000
11,14516463,269000
2,-3,280,432,269000
1,15267964,269040
9,14490283,269040
10,15032481,269040
11,14511737,269040
2,-2,279,433,269040
1,15265346,269080
9,14488276,269080
10,15028911,269080
11,14507589,269080
2,-5,281,432,269080
1,15263850,269120
9,14485862,269120
10,15026700,269120
11,14504767,269120
2,-1,279,432,269120
1,15262660,269160
9,14484673,269160
10,15024253,269160
11,14501469,269160
2,-4,282,430,269160
1,15262898,269200
9,14484162,269200
10,15022620,269200
11,14499122,269200
2,-4,277,433,269200
1,15263987,269240
9,14484299,269240
10,15021498,269240
11,14497116,269240
2,-5,281,432,269240
1,15265245,269280
9,14485250,269280
10,15020955,269280
11,14495621,269280
2,-3,278,432,269280
1,15268678,269320
9,14486747,269320
10,15021023,269320
11,14494804,269320
2,-3,279,432,269320
1,15272588,269360
9,14488651,269360
10,15022043,269360
11,14494838,269360
2,-2,279,431,269360
1,15277008,269400
9,14491166,269400
10,15023300,269400
11,14495315,269400
2,-3,281,433,269400
1,15282211,269440
9,14494295,269440
10,15025068,269440
11,14496199,269440
2,-3,280,433,269440
1,15286563,269480
9,14497252,269480
10,15026871,269480
11,14497320,269480
2,-2,280,430,269480
1,15291390,269520
9,14500517,269520
10,15028672,269520
11,14498612,269520
2,-3,278,433,269520
1,15292546,269560
9,14500891,269560
10,15029319,269560
11,14498068,269560
2,-4,283,432,269560
1,15282142,269600
9,14495927,269600
10,15026768,269600
11,14492492,269600
2,-5,283,431,269600
1,15268202,269640
9,14488990,269640
10,15021771,269640
11,14484741,269640
2,-3,282,430,269640
1,15254500,269680
9,14481748,269680
10,15015752,269680
11,14477839,269680
2,-5,279,432,269680
1,15243450,269720
9,14474438,269720
10,15009905,269720
11,14471310,269720
2,-3,280,433,269720
1,15235528,269760
9,14468421,269760
10,15005111,269760
11,14464511,269760
2,-3,282,432,269760
1,15229408,269800
9,14463456,269800
10,15000792,269800
11,14459207,269800
2,-4,279,431,269800
1,15225736,269840
9,14460091,269840
10,14997154,269840
11,14455738,269840
2,-2,280,432,269840
1,15224546,269880
9,14457405,269880
10,14994672,269880
11,14452577,269880
2,-5,279,432,269880
1,15222847,269920
9,14454617,269920
10,14992700,269920
11,14449517,269920
2,-3,280,432,269920
1,15221997,269960
9,14453121,269960
10,14990796,269960
11,14447102,269960
2,-3,280,429,269960
1,15222336,270000
9,14452611,270000
10,14989402,270000
11,14444756,270000
2,-5,281,433,270000
1,15224002,270040
9,14452169,270040
10,14988791,270040
11,14443158,270040
2,-4,281,432,270040
1,15226451,270080
9,14452236,270080
10,14989301,270080
11,14442546,270080
2,-4,282,432,270080
1,15230327,270120
9,14454174,270120
10,14989675,270120
11,14442309,270120
2,-5,279,433,270120
1,15233965,270160
9,14456146,270160
10,14991035,270160
11,14442853,270160
2,-4,281,433,270160
1,15239167,270200
9,14459002,270200
10,14992565,270200
11,14443532,270200
2,-4,280,432,270200
1,15243655,270240
9,14461315,270240
10,14994537,270240
11,14444621,270240
2,-4,280,431,270240
1,15246715,270280
9,14462641,270280
10,14995760,270280
11,14444383,270280
2,-4,281,432,270280
1,15240016,270320
9,14458357,270320
10,14993415,270320
11,14439724,270320
2,-4,280,433,270320
1,15228354,270360
9,14452440,270360
10,14989233,270360
11,14433060,270360
2,-4,282,431,270360
1002,79,270360,1787825122908
1004,761,270360,1787825122908
101,79,79,0,270360,1787825123637
222,0,sqi=100
101,79,79,0,270360,1787825123716
222,0,sqi=100
1,15216590,270400
9,14445369,270400
10,14983996,270400
11,14426158,270400
2,-4,279,432,270400
1,15209043,270440
9,14439554,270440
10,14979576,270440
11,14420412,270440
2,-4,282,432,270440
1002,79,270440,1787825123723
1004,775,270440,1787825123723
1004,717,270440,1787825123723
1,15204249,270480
9,14434556,270480
10,14976720,270480
11,14415516,270480
2,-3,280,432,270480
1,15202242,270520
9,14432245,270520
10,14974069,270520
11,14411980,270520
2,-4,279,430,270520
1,15202991,270560
9,14431020,270560
10,14972879,270560
11,14410315,270560
2,-5,280,431,270560
1,15203705,270600
9,14430647,270600
10,14972573,270600
11,14408547,270600
2,-4,280,432,270600
1,15201903,270640
9,14429558,270640
10,14971655,270640
11,14406608,270640
2,-3,282,431,270640
1,15201392,270680
9,14427960,270680
10,14970839,270680
11,14405146,270680
2,-4,280,431,270680
1,15200815,270720
9,14427281,270720
10,14970193,270720
11,14403752,270720
2,-4,282,433,270720
1,15202786,270760
9,14426975,270760
10,14969886,270760
11,14402869,270760
2,-5,279,432,270760
1,15206901,270800
9,14427995,270800
10,14970771,270800
11,14403378,270800
2,-3,279,432,270800
1,15211490,270840
9,14429490,270840
10,14971791,270840
11,14404092,270840
2,-3,279,431,270840
1,15216148,270880
9,14432108,270880
10,14973524,270880
11,14405248,270880
2,-5,279,432,270880
1,15221384,270920
9,14434829,270920
10,14975429,270920
11,14406846,270920
2,-5,279,433,270920
1,15226518,270960
9,14437719,270960
10,14977639,270960
11,14408852,270960
2,-4,280,432,270960
1,15231176,271000
9,14440472,271000
10,14979814,271000
11,14410417,271000
2,-5,275,432,271000
1,15226688,271040
9,14437344,271040
10,14978387,271040
11,14407458,271040
2,-4,283,431,271040
1,15213429,271080
9,14430918,271080
10,14973933,271080
11,14400726,271080
2,-4,279,434,271080
1,15198741,271120
9,14422486,271120
10,14967337,271120
11,14392805,271120
2,-3,279,432,271120
1,15186059,271160
9,14414327,271160
10,14961692,271160
11,14386106,271160
2,-3,278,433,271160
1,15178442,271200
9,14407867,271200
10,14955912,271200
11,14380258,271200
2,-3,279,431,271200
1,15173002,271240
9,14401916,271240
10,14951560,271240
11,14375091,271240
2,-4,278,432,271240
1,15170826,271280
9,14398449,271280
10,14948875,271280
11,14371827,271280
2,-4,282,433,271280
1,15171575,271320
9,14396511,271320
10,14947175,271320
11,14369617,271320
2,-4,278,433,271320
1,15171677,271360
9,14394913,271360
10,14945780,271360
11,14367951,271360
2,-5,280,431,271360
1,15172322,271400
9,14394232,271400
10,14944795,271400
11,14365910,271400
2,-3,280,431,271400
1,15173343,271440
9,14393485,271440
10,14943638,271440
11,14365366,271440
2,-4,280,431,271440
1,15174873,271480
9,14393553,271480
10,14943435,271480
11,14364619,271480
2,-5,278,431,271480
1,15177729,271520
9,14394369,271520
10,14943468,271520
11,14364584,271520
2,-4,281,432,271520
1,15181231,271560
9,14395797,271560
10,14944081,271560
11,14365366,271560
2,-2,281,434,271560
1,15185515,271600
9,14397055,271600
10,14945032,271600
11,14366794,271600
2,-5,281,431,271600
1,15189867,271640
9,14399707,271640
10,14946563,271640
11,14368087,271640
2,-2,281,431,271640
1,15194865,271680
9,14402494,271680
10,14948262,271680
11,14369787,271680
2,-3,279,432,271680
1,15200032,271720
9,14405588,271720
10,14950676,271720
11,14372132,271720
2,-3,280,434,271720
1,15202719,271760
9,14406574,271760
10,14951832,271760
11,14372405,271760
2,-3,283,431,271760
1,15193879,271800
9,14401373,271800
10,14948670,271800
11,14368291,271800
2,-2,280,432,271800
1,15180142,271840
9,14393349,271840
10,14943332,271840
11,14361082,271840
2,-4,280,432,271840
1,15166305,271880
9,14384372,271880
10,14936906,271880
11,14353433,271880
2,-4,280,433,271880
1,15155969,271920
9,14376383,271920
10,14930923,271920
11,14347312,271920
2,-4,279,433,271920
1,15148591,271960
9,14369345,271960
10,14925755,271960
11,14341839,271960
2,-4,280,432,271960
1002,79,271960,1787825124959
1004,740,271960,1787825124959
101,79,79,0,271960,1787825125260
222,0,sqi=100
1,15144749,272000
9,14364448,272000
10,14921267,272000
11,14337724,272000
2,-3,280,431,272000
1,15144035,272040
9,14361695,272040
10,14918853,272040
11,14335072,272040
2,-4,281,431,272040
1,15144647,272080
9,14360301,272080
10,14917425,272080
11,14333440,272080
2,-5,279,432,272080
1,15145497,272120
9,14359110,272120
10,14915962,272120
11,14331536,272120
2,-2,280,432,272120
1,15146381,272160
9,14358125,272160
10,14914909,272160
11,14330415,272160
2,-3,280,432,272160
1,15147400,272200
9,14358362,272200
10,14913957,272200
11,14330143,272200
2,-3,281,433,272200
1,15149101,272240
9,14358805,272240
10,14913446,272240
11,14329496,272240
2,-4,281,431,272240
1,15152025,272280
9,14359859,272280
10,14913379,272280
11,14330040,272280
2,-4,282,431,272280
1,15156003,272320
9,14361320,272320
10,14914195,272320
11,14331026,272320
2,-3,282,431,272320
1,15160763,272360
9,14364313,272360
10,14915385,272360
11,14332930,272360
2,-2,280,433,272360
1,15165115,272400
9,14366829,272400
10,14916745,272400
11,14334223,272400
2,-4,281,432,272400
1,15170657,272440
9,14369922,272440
10,14918512,272440
11,14336364,272440
2,-4,280,432,272440
1,15175689,272480
9,14373356,272480
10,14920280,272480
11,14338745,272480
2,-3,280,430,272480
1,15179633,272520
9,14375771,272520
10,14921980,272520
11,14340649,272520
2,-2,277,433,272520
1,15174397,272560
9,14372506,272560
10,14919940,272560
11,14337180,272560
2,-2,281,432,272560
1,15162837,272600
9,14366047,272600
10,14914909,272600
11,14330924,272600
2,-3,281,431,272600
1,15151412,272640
9,14359042,272640
10,14909740,272640
11,14324872,272640
2,-3,280,434,272640
1,15142165,272680
9,14352379,272680
10,14904369,272680
11,14319365,272680
2,-5,281,432,272680
1,15137065,272720
9,14347891,272720
10,14900458,272720
11,14315352,272720
2,-3,280,433,272720
1,15135195,272760
9,14344898,272760
10,14897025,272760
11,14312871,272760
2,-5,282,432,272760
1,15136486,272800
9,14344729,272800
10,14895426,272800
11,14311306,272800
2,-2,280,432,272800
1,15138697,272840
9,14345374,272840
10,14894508,272840
11,14310899,272840
2,-4,282,431,272840
1,15141009,272880
9,14346530,272880
10,14893488,272880
11,14310695,272880
2,-3,278,433,272880
1,15143049,272920
9,14347823,272920
10,14893455,272920
11,14310728,272920
2,-3,280,433,272920
1,15145768,272960
9,14349557,272960
10,14893013,272960
11,14311001,272960
2,-3,280,433,272960
1,15150223,273000
9,14351800,273000
10,14893556,273000
11,14312496,273000
2,-3,278,431,273000
1,15153928,273040
9,14354691,273040
10,14894678,273040
11,14313958,273040
2,-3,281,431,273040
1,15159505,273080
9,14358159,273080
10,14896039,273080
11,14316848,273080
2,-2,279,431,273080
1,15164672,273120
9,14362306,273120
10,14898078,273120
11,14318957,273120
2,-2,280,431,273120
1,15170759,273160
9,14366217,273160
10,14900084,273160
11,14321949,273160
2,-3,281,432,273160
1,15177321,273200
9,14370569,273200
10,14902872,273200
11,14325042,273200
2,-2,279,431,273200
1,15183271,273240
9,14375022,273240
10,14905626,273240
11,14328273,273240
2,-3,279,431,273240
1,15183883,273280
9,14375804,273280
10,14906307,273280
11,14328885,273280
2,-2,281,432,273280
1,15176946,273320
9,14372064,273320
10,14903655,273320
11,14325382,273320
2,-3,282,433,273320
1,15167767,273360
9,14367338,273360
10,14900322,273360
11,14320929,273360
2,-3,281,433,273360
1,15160150,273400
9,14362273,273400
10,14896515,273400
11,14316848,273400
2,-4,279,432,273400
1,15155934,273440
9,14358703,273440
10,14893284,273440
11,14313822,273440
2,-4,282,430,273440
1,15153657,273480
9,14356186,273480
10,14891143,273480
11,14311680,273480
2,-1,280,434,273480
1,15154473,273520
9,14355609,273520
10,14890531,273520
11,14311272,273520
2,-4,279,433,273520
1,15157532,273560
9,14356119,273560
10,14890292,273560
11,14311137,273560
2,-3,283,431,273560
1002,79,273560,1787825125751
1004,747,273560,1787825125751
101,79,79,0,273560,1787825126856
222,0,sqi=100
101,79,79,0,273560,1787825126907
222,0,sqi=100
1,15160559,273600
9,14357172,273600
10,14890803,273600
11,14311884,273600
2,-3,279,432,273600
1,15162803,273640
9,14358397,273640
10,14891245,273640
11,14312360,273640
2,-4,280,430,273640
1,15165998,273680
9,14359144,273680
10,14891856,273680
11,14313007,273680
2,-2,279,434,273680
1,15169874,273720
9,14361558,273720
10,14892979,273720
11,14314332,273720
2,-2,279,431,273720
1,15174737,273760
9,14364177,273760
10,14894372,273760
11,14315897,273760
2,-4,281,431,273760
1,15180789,273800
9,14367373,273800
10,14897025,273800
11,14318175,273800
2,-4,281,431,273800
1,15187180,273840
9,14371146,273840
10,14899744,273840
11,14321167,273840
2,-2,278,432,273840
1,15194117,273880
9,14374954,273880
10,14902601,273880
11,14324567,273880
2,-3,281,431,273880
1,15201563,273920
9,14379885,273920
10,14906001,273920
11,14327830,273920
2,-3,279,431,273920
1,15208906,273960
9,14384271,273960
10,14909672,273960
11,14331128,273960
2,-3,279,435,273960
1,15210505,274000
9,14384984,274000
10,14911305,274000
11,14331707,274000
2,-4,282,432,274000
1,15205200,274040
9,14382095,274040
10,14909333,274040
11,14328850,274040
2,-4,280,433,274040
1,15197142,274080
9,14377811,274080
10,14906952,274080
11,14324567,274080
2,-5,281,430,274080
1,15190717,274120
9,14374070,274120
10,14904369,274120
11,14321200,274120
2,-3,281,432,274120
1,15186705,274160
9,14371146,274160
10,14902635,274160
11,14318481,274160
2,-2,280,430,274160
1,15185379,274200
9,14369549,274200
10,14901410,274200
11,14316780,274200
2,-3,279,432,274200
1,15187350,274240
9,14369446,274240
10,14900866,274240
11,14316305,274240
2,-3,280,433,274240
1,15190853,274280
9,14370637,274280
10,14901886,274280
11,14316984,274280
2,-3,282,430,274280
1002,79,274280,1787825126978
1004,766,274280,1787825126978
1004,734,274000,1787825126979
1,15194933,274320
9,14372881,274320
10,14902635,274320
11,14317902,274320
2,-1,282,431,274320
1,15198741,274360
9,14373833,274360
10,14903791,274360
11,14318889,274360
2,-3,283,431,274360
1,15202922,274400
9,14376179,274400
10,14906035,274400
11,14319909,274400
2,-3,281,432,274400
1,15207308,274440
9,14378933,274440
10,14907123,274440
11,14321302,274440
2,-3,280,430,274440
1,15212987,274480
9,14382503,274480
10,14909910,274480
11,14324363,274480
2,-3,279,430,274480
1,15218596,274520
9,14385834,274520
10,14912800,274520
11,14326606,274520
2,-5,280,431,274520
1,15225022,274560
9,14389710,274560
10,14915656,274560
11,14329871,274560
2,-5,281,431,274560
1,15231925,274600
9,14393757,274600
10,14919125,274600
11,14332761,274600
2,-4,281,431,274600
1,15238895,274640
9,14397972,274640
10,14922355,274640
11,14336671,274640
2,-6,281,431,274640
1,15246205,274680
9,14403242,274680
10,14926264,274680
11,14340207,274680
2,-4,280,432,274680
1,15252562,274720
9,14407356,274720
10,14930446,274720
11,14343913,274720
2,-2,280,434,274720
1,15251781,274760
9,14406370,274760
10,14931330,274760
11,14343267,274760
2,-3,279,431,274760
1,15245151,274800
9,14403378,274800
10,14930005,274800
11,14340581,274800
2,-5,281,430,274800
1,15234678,274840
9,14399298,274840
10,14927421,274840
11,14336908,274840
2,-3,280,430,274840
1,15225499,274880
9,14394130,274880
10,14924735,274880
11,14332930,274880
2,-5,282,432,274880
1,15219446,274920
9,14390152,274920
10,14922661,274920
11,14329871,274920
2,-5,281,433,274920
1,15216251,274960
9,14387058,274960
10,14920416,274960
11,14327728,274960
2,-3,281,431,274960
1,15216318,275000
9,14385597,275000
10,14919601,275000
11,14327320,275000
2,-3,278,433,275000
1,15217985,275040
9,14385562,275040
10,14919091,275040
11,14326912,275040
2,-4,277,431,275040
1,15221045,275080
9,14385698,275080
10,14919770,275080
11,14327014,275080
2,-4,280,432,275080
1,15224512,275120
9,14386174,275120
10,14920416,275120
11,14328273,275120
2,-4,279,433,275120
1,15228762,275160
9,14387602,275160
10,14921062,275160
11,14329360,275160
2,-5,281,433,275160
1002,80,275160,1787825127775
1004,719,275160,1787825127776
101,79,80,0,275160,1787825128500
222,0,sqi=100
1,15232571,275200
9,14390016,275200
10,14923171,275200
11,14331196,275200
2,-4,280,431,275200
1,15237943,275240
9,14392532,275240
10,14925040,275240
11,14332965,275240
2,-4,280,432,275240
1,15243518,275280
9,14395797,275280
10,14927421,275280
11,14335413,275280
2,-3,282,431,275280
1,15249367,275320
9,14399503,275320
10,14929835,275320
11,14338065,275320
2,-4,279,432,275320
1,15255928,275360
9,14403310,275360
10,14933133,275360
11,14340989,275360
2,-4,281,432,275360
1,15262626,275400
9,14407458,275400
10,14936226,275400
11,14344252,275400
2,-4,280,432,275400
1,15269426,275440
9,14411470,275440
10,14939763,275440
11,14347823,275440
2,-4,281,431,275440
1,15276159,275480
9,14415585,275480
10,14942925,275480
11,14350951,275480
2,-4,281,432,275480
1,15276533,275520
9,14415380,275520
10,14943876,275520
11,14351155,275520
2,-3,280,432,275520
1,15270005,275560
9,14412184,275560
10,14942244,275560
11,14348707,275560
2,-5,281,430,275560
1,15261097,275600
9,14408274,275600
10,14940340,275600
11,14345613,275600
2,-4,280,430,275600
1,15253821,275640
9,14405350,275640
10,14938402,275640
11,14342587,275640
2,-5,278,432,275640
1,15249944,275680
9,14402324,275680
10,14937008,275680
11,14340784,275680
2,-4,281,433,275680
1,15248210,275720
9,14401067,275720
10,14935512,275720
11,14339323,275720
2,-3,281,431,275720
1,15249095,275760
9,14401067,275760
10,14935104,275760
11,14338813,275760
2,-3,280,433,275760
1,15251849,275800
9,14402019,275800
10,14935308,275800
11,14339391,275800
2,-3,279,432,275800
1,15255622,275840
9,14402936,275840
10,14935717,275840
11,14340105,275840
2,-4,281,431,275840
1,15259397,275880
9,14404500,275880
10,14936906,275880
11,14340887,275880
2,-4,278,432,275880
1,15262525,275920
9,14406438,275920
10,14938470,275920
11,14342315,275920
2,-5,281,431,275920
1,15266230,275960
9,14409226,275960
10,14939695,275960
11,14344049,275960
2,-3,281,431,275960
1,15271330,276000
9,14412252,276000
10,14941735,276000
11,14346021,276000
2,-3,280,431,276000
1,15276669,276040
9,14415789,276040
10,14944047,276040
11,14348469,276040
2,-3,279,431,276040
1,15282040,276080
9,14419358,276080
10,14946189,276080
11,14351528,276080
2,-3,281,431,276080
1,15288466,276120
9,14423438,276120
10,14949351,276120
11,14354487,276120
2,-4,281,431,276120
1,15294416,276160
9,14427960,276160
10,14952376,276160
11,14357207,276160
2,-2,278,433,276160
1,15301998,276200
9,14432652,276200
10,14955471,276200
11,14361117,276200
2,-3,279,431,276200
1,15308220,276240
9,14437277,276240
10,14958836,276240
11,14364720,276240
2,-3,280,433,276240
1,15309070,276280
9,14439316,276280
10,14960299,276280
11,14366319,276280
2,-2,279,432,276280
1,15303052,276320
9,14437208,276320
10,14959551,276320
11,14364347,276320
2,-2,279,431,276320
1,15295607,276360
9,14435270,276360
10,14958293,276360
11,14362545,276360
2,-4,281,432,276360
1,15288841,276400
9,14433706,276400
10,14955946,276400
11,14360607,276400
2,-2,279,431,276400
1,15285576,276440
9,14432142,276440
10,14955436,276440
11,14360301,276440
2,-4,281,431,276440
1,15285032,276480
9,14432245,276480
10,14954484,276480
11,14360097,276480
2,-2,280,430,276480
1,15287106,276520
9,14433468,276520
10,14955063,276520
11,14360946,276520
2,-3,280,432,276520
1,15290744,276560
9,14435339,276560
10,14956253,276560
11,14362273,276560
2,-3,280,431,276560
1,15294859,276600
9,14437753,276600
10,14957239,276600
11,14364347,276600
2,-3,281,430,276600
1,15298190,276640
9,14440235,276640
10,14958564,276640
11,14366217,276640
2,-3,279,433,276640
1,15301692,276680
9,14443227,276680
10,14960469,276680
11,14368052,276680
2,-3,282,430,276680
1,15305636,276720
9,14445742,276720
10,14962033,276720
11,14370160,276720
2,-4,279,433,276720
1,15309818,276760
9,14449380,276760
10,14964310,276760
11,14373119,276760
2,-3,280,432,276760
1002,80,276760,1787825128980
1004,757,276760,1787825128980
1004,760,276760,1787825128980
1002,80,276760,1787825129806
1004,761,276760,1787825129812
101,79,80,0,276760,1787825130043
222,0,sqi=100
101,79,80,0,276760,1787825130102
222,0,sqi=100
1,15315021,276800
9,14453257,276800
10,14966861,276800
11,14375771,276800
2,-2,280,431,276800
1,15320256,276840
9,14457167,276840
10,14969751,276840
11,14379375,276840
2,-3,279,430,276840
1,15325764,276880
9,14461315,276880
10,14972708,276880
11,14382944,276880
2,-2,282,430,276880
1,15332157,276920
9,14465768,276920
10,14976278,276920
11,14386277,276920
2,-3,280,432,276920
1,15337970,276960
9,14469610,276960
10,14979984,276960
11,14390084,276960
2,-4,279,431,276960
1,15337358,277000
9,14470155,277000
10,14980631,277000
11,14390730,277000
2,-3,281,430,277000
1,15330728,277040
9,14467978,277040
10,14980767,277040
11,14389438,277040
2,-3,282,434,277040
1,15322636,277080
9,14465973,277080
10,14979509,277080
11,14387840,277080
2,-4,280,432,277080
1,15316347,277120
9,14463525,277120
10,14978420,277120
11,14386514,277120
2,-3,279,433,277120
1,15313388,277160
9,14462913,277160
10,14977537,277160
11,14386378,277160
2,-3,282,432,277160
1,15312844,277200
9,14462266,277200
10,14977332,277200
11,14386514,277200
2,-4,281,431,277200
1,15314953,277240
9,14462981,277240
10,14978013,277240
11,14387602,277240
2,-3,281,432,277240
1,15319270,277280
9,14465088,277280
10,14979746,277280
11,14388520,277280
2,-3,282,433,277280
1,15324132,277320
9,14467571,277320
10,14981786,277320
11,14390934,277320
2,-2,279,431,277320
1,15328077,277360
9,14470086,277360
10,14983657,277360
11,14392839,277360
2,-4,281,431,277360
1,15332564,277400
9,14473112,277400
10,14985764,277400
11,14395287,277400
2,-3,278,432,277400
1,15337461,277440
9,14476784,277440
10,14988348,277440
11,14397667,277440
2,-4,281,431,277440
1,15341779,277480
9,14480355,277480
10,14991103,277480
11,14400488,277480
2,-3,280,433,277480
1,15347490,277520
9,14484264,277520
10,14994197,277520
11,14403548,277520
2,-2,281,430,277520
1,15353611,277560
9,14488481,277560
10,14997834,277560
11,14406846,277560
2,-3,281,432,277560
1,15358677,277600
9,14492526,277600
10,15000929,277600
11,14410587,277600
2,-2,280,432,277600
1,15364966,277640
9,14497286,277640
10,15004974,277640
11,14414055,277640
2,-4,280,431,277640
1,15371087,277680
9,14502114,277680
10,15008409,277680
11,14418032,277680
2,-2,281,430,277680
1,15375711,277720
9,14504392,277720
10,15011741,277720
11,14420617,277720
2,-1,279,432,277720
1,15370950,277760
9,14504052,277760
10,15012115,277760
11,14419937,277760
2,-4,281,431,277760
1,15361057,277800
9,14501401,277800
10,15011095,277800
11,14418134,277800
2,-4,282,430,277800
1,15351673,277840
9,14499054,277840
10,15009293,277840
11,14416571,277840
2,-2,283,431,277840
1,15344192,277880
9,14496062,277880
10,15008000,277880
11,14415449,277880
2,-3,280,431,277880
1,15340486,277920
9,14494668,277920
10,15006743,277920
11,14414598,277920
2,-2,282,434,277920
1,15339432,277960
9,14493479,277960
10,15006096,277960
11,14414463,277960
2,-2,282,430,277960
1,15340113,278000
9,14494227,278000
10,15006777,278000
11,14415176,278000
2,-2,282,433,278000
1,15341234,278040
9,14494566,278040
10,15007354,278040
11,14416196,278040
2,-4,281,433,278040
1,15343649,278080
9,14495519,278080
10,15008680,278080
11,14417285,278080
2,-3,281,432,278080
1,15345621,278120
9,14496776,278120
10,15009428,278120
11,14418134,278120
2,-3,280,432,278120
1,15347287,278160
9,14498034,278160
10,15010584,278160
11,14419664,278160
2,-4,282,430,278160
1,15349599,278200
9,14499700,278200
10,15012455,278200
11,14421773,278200
2,-2,278,430,278200
1,15353338,278240
9,14502318,278240
10,15013916,278240
11,14423642,278240
2,-2,272,432,278240
1,15356943,278280
9,14505004,278280
10,15016262,278280
11,14426295,278280
2,-2,278,431,278280
1,15361362,278320
9,14507997,278320
10,15018846,278320
11,14428777,278320
2,-4,275,431,278320
1,15364932,278360
9,14511124,278360
10,15021056,278360
11,14431803,278360
2,-3,281,430,278360
1002,80,278360,1787825131016
1004,715,278360,1787825131017
101,80,80,0,278360,1787825131633
222,0,sqi=100
101,80,80,0,278360,1787825131713
222,0,sqi=100
1,15369421,278400
9,14514661,278400
10,15023879,278400
11,14434387,278400
2,-4,283,432,278400
1,15375269,278440
9,14518469,278440
10,15027245,278440
11,14437923,278440
2,-3,280,431,278440
1,15376050,278480
9,14519557,278480
10,15028741,278480
11,14439419,278480
2,-2,280,431,278480
1,15370135,278520
9,14517210,278520
10,15027754,278520
11,14438093,278520
2,-3,278,434,278520
1,15358234,278560
9,14513708,278560
10,15025749,278560
11,14435270,278560
2,-4,283,433,278560
1,15347558,278600
9,14509628,278600
10,15023369,278600
11,14433672,278600
2,-4,278,432,278600
1,15339874,278640
9,14505821,278640
10,15020683,278640
11,14431735,278640
2,-3,277,431,278640
1,15335013,278680
9,14503236,278680
10,15019220,278680
11,14430239,278680
2,-2,280,431,278680
1,15332157,278720
9,14500959,278720
10,15017962,278720
11,14429864,278720
2,-4,281,434,278720
1,15332224,278760
9,14500993,278760
10,15017724,278760
11,14429899,278760
2,-4,282,430,278760
1,15334197,278800
9,14501503,278800
10,15018166,278800
11,14431055,278800
2,-4,282,434,278800
1,15334741,278840
9,14501809,278840
10,15018982,278840
11,14431361,278840
2,-2,281,430,278840
1,15336101,278880
9,14503033,278880
10,15019663,278880
11,14432313,278880
2,-5,278,431,278880
1,15337902,278920
9,14504086,278920
10,15019935,278920
11,14433299,278920
2,-4,282,431,278920
1,15339909,278960
9,14506058,278960
10,15021668,278960
11,14434693,278960
2,-5,281,432,278960
1,15342663,279000
9,14508234,279000
10,15022756,279000
11,14436733,279000
2,-2,282,432,279000
1,15346368,279040
9,14510649,279040
10,15024558,279040
11,14439249,279040
2,-3,281,432,279040
1,15349871,279080
9,14513572,279080
10,15026700,279080
11,14441255,279080
2,-3,280,430,279080
1,15353509,279120
9,14516769,279120
10,15028775,279120
11,14443907,279120
2,-3,283,432,279120
1,15357894,279160
9,14519828,279160
10,15031324,279160
11,14446287,279160
2,-3,281,432,279160
1,15362348,279200
9,14523161,279200
10,15033943,279200
11,14448632,279200
2,-5,281,432,279200
1,15365715,279240
9,14525846,279240
10,15035744,279240
11,14451013,279240
2,-2,281,431,279240
1,15359050,279280
9,14523534,279280
10,15035031,279280
11,14449754,279280
2,-5,281,430,279280
1,15348103,279320
9,14519897,279320
10,15032718,279320
11,14447034,279320
2,-3,281,431,279320
1,15335557,279360
9,14515442,279360
10,15029692,279360
11,14444451,279360
2,-4,283,432,279360
1,15326853,279400
9,14511737,279400
10,15027041,279400
11,14442138,279400
2,-4,282,431,279400
1,15320427,279440
9,14508269,279440
10,15024253,279440
11,14440404,279440
2,-1,281,431,279440
1,15317774,279480
9,14506976,279480
10,15022417,279480
11,14439928,279480
2,-4,281,430,279480
1,15317673,279520
9,14506501,279520
10,15021839,279520
11,14440064,279520
2,-4,283,430,279520
1,15318182,279560
9,14506705,279560
10,15021498,279560
11,14441016,279560
2,-3,280,432,279560
1,15318590,279600
9,14507691,279600
10,15021532,279600
11,14440915,279600
2,-4,280,431,279600
1,15318794,279640
9,14508677,279640
10,15021702,279640
11,14441867,279640
2,-3,281,432,279640
1,15320019,279680
9,14510207,279680
10,15022110,279680
11,14443260,279680
2,-3,281,432,279680
1002,80,279680,1787825131811
1,15321208,279720
9,14511771,279720
10,15022383,279720
11,14444383,279720
2,-2,280,431,279720
1004,746,279720,1787825131812
1004,755,279720,1787825131815
1,15324201,279760
9,14514083,279760
10,15023879,279760
11,14446423,279760
2,-1,280,430,279760
1,15327090,279800
9,14516938,279800
10,15025204,279800
11,14448428,279800
2,-5,281,432,279800
1,15331069,279840
9,14519727,279840
10,15026938,279840
11,14450910,279840
2,-3,283,430,279840
1,15335081,279880
9,14523263,279880
10,15028877,279880
11,14453563,279880
2,-2,281,432,279880
1,15339059,279920
9,14526017,279920
10,15031154,279920
11,14456249,279920
2,-4,283,430,279920
1,15341779,279960
9,14528703,279960
10,15032447,279960
11,14457846,279960
2,-4,280,433,279960
1002,80,279960,1787825133052
1004,765,279960,1787825133052
101,80,80,0,279960,1787825133332
1,15335217,280000
222,0,sqi=100
9,14525711,280000
10,15031801,280000
11,14456826,280000
2,-3,280,433,280000
1,15322025,280040
9,14520713,280040
10,15028706,280040
11,14453325,280040
2,-3,282,431,280040
1,15308289,280080
9,14514661,280080
10,15023811,280080
11,14450197,280080
2,-2,281,432,280080
1,15296865,280120
9,14509425,280120
10,15020139,280120
11,14447680,280120
2,-2,280,430,280120
1,15289894,280160
9,14504392,280160
10,15017044,280160
11,14446049,280160
2,-3,280,431,280160
1,15285747,280200
9,14501128,280200
10,15014732,280200
11,14444655,280200
2,-1,280,430,280200
1,15285985,280240
9,14499700,280240
10,15013950,280240
11,14444790,280240
2,-3,280,431,280240
1,15286699,280280
9,14498783,280280
10,15013883,280280
11,14444348,280280
2,-3,282,433,280280
1,15286733,280320
9,14498579,280320
10,15012863,280320
11,14445402,280320
2,-3,280,430,280320
1,15286461,280360
9,14498102,280360
10,15012523,280360
11,14444927,280360
2,-4,282,432,280360
1,15287922,280400
9,14498511,280400
10,15013032,280400
11,14445335,280400
2,-3,281,431,280400
1,15289282,280440
9,14499496,280440
10,15013203,280440
11,14446694,280440
2,-4,282,432,280440
1,15291901,280480
9,14501027,280480
10,15014121,280480
11,14447884,280480
2,-3,279,432,280480
1,15294960,280520
9,14502795,280520
10,15015582,280520
11,14449415,280520
2,-3,282,432,280520
1,15299517,280560
9,14505345,280560
10,15016976,280560
11,14451625,280560
2,-2,281,431,280560
1,15303563,280600
9,14508133,280600
10,15019254,280600
11,14453426,280600
2,-2,281,433,280600
1,15308119,280640
9,14511260,280640
10,15021668,280640
11,14456453,280640
2,-3,281,431,280640
1,15310567,280680
9,14513368,280680
10,15023504,280680
11,14457405,280680
2,-2,281,432,280680
1,15301998,280720
9,14508642,280720
10,15021498,280720
11,14455568,280720
2,-3,281,431,280720
1,15286868,280760
9,14501027,280760
10,15016772,280760
11,14450639,280760
2,-3,281,431,280760
1,15271262,280800
9,14493139,280800
10,15010959,280800
11,14446491,280800
2,-3,282,431,280800
1,15258648,280840
9,14485115,280840
10,15005451,280840
11,14442275,280840
2,-3,281,431,280840
1,15249095,280880
9,14478485,280880
10,15000351,280880
11,14438534,280880
2,-4,281,431,280880
1,15243009,280920
9,14473384,280920
10,14996169,280920
11,14435474,280920
2,-3,282,431,280920
1,15239914,280960
9,14470358,280960
10,14994231,280960
11,14434182,280960
2,-5,281,431,280960
1,15238691,281000
9,14468081,281000
10,14991749,281000
11,14432856,281000
2,-4,281,431,281000
1,15237704,281040
9,14466279,281040
10,14990015,281040
11,14431530,281040
2,-3,281,431,281040
1,15236923,281080
9,14464477,281080
10,14988586,281080
11,14430714,281080
2,-2,282,431,281080
1,15236107,281120
9,14462742,281120
10,14986920,281120
11,14429728,281120
2,-3,282,430,281120
1,15236957,281160
9,14462878,281160
10,14986920,281160
11,14429899,281160
2,-3,281,432,281160
1,15238555,281200
9,14462539,281200
10,14986580,281200
11,14430068,281200
2,-3,283,431,281200
1,15241444,281240
9,14463354,281240
10,14987124,281240
11,14430918,281240
2,-4,280,431,281240
1,15244232,281280
9,14464953,281280
10,14987805,281280
11,14432006,281280
2,-3,282,432,281280
1,15247905,281320
9,14466245,281320
10,14989301,281320
11,14433367,281320
2,-5,281,431,281320
1,15252018,281360
9,14468523,281360
10,14991069,281360
11,14434760,281360
2,-4,281,433,281360
1,15255554,281400
9,14469679,281400
10,14992258,281400
11,14436528,281400
2,-4,281,431,281400
1,15250862,281440
9,14465803,281440
10,14990491,281440
11,14434387,281440
2,-3,281,432,281440
1,15235801,281480
9,14456656,281480
10,14984812,281480
11,14428505,281480
2,-3,282,430,281480
1,15219039,281520
9,14447068,281520
10,14977367,281520
11,14422384,281520
2,-4,280,432,281520
1,15203875,281560
9,14436698,281560
10,14969071,281560
11,14416605,281560
2,-4,281,430,281560
1002,80,281560,1787825133853
1004,720,281560,1787825133886
101,80,80,0,281560,1787825134849
222,0,sqi=100
101,80,80,0,281560,1787825134911
222,0,sqi=100
1,15192043,281600
9,14427995,281600
10,14962169,281600
11,14410587,281600
2,-3,282,431,281600
1,15183645,281640
9,14420549,281640
10,14956117,281640
11,14405861,281640
2,-4,279,431,281640
1,15179497,281680
9,14415143,281680
10,14951594,281680
11,14403038,281680
2,-4,283,433,281680
1,15178001,281720
9,14411606,281720
10,14948432,281720
11,14401101,281720
2,-4,280,432,281720
1,15176471,281760
9,14409329,281760
10,14945475,281760
11,14398891,281760
2,-3,281,431,281760
1,15174703,281800
9,14406745,281800
10,14943163,281800
11,14396714,281800
2,-4,281,432,281800
1,15174056,281840
9,14404467,281840
10,14940851,281840
11,14395150,281840
2,-4,280,431,281840
1,15174329,281880
9,14403106,281880
10,14939219,281880
11,14394232,281880
2,-4,281,432,281880
1,15175757,281920
9,14402494,281920
10,14938402,281920
11,14393893,281920
2,-4,282,431,281920
1,15177593,281960
9,14402970,281960
10,14937824,281960
11,14394062,281960
2,-4,282,431,281960
1,15181027,282000
9,14403480,282000
10,14938096,282000
11,14394946,282000
2,-3,282,432,282000
1,15185208,282040
9,14404806,282040
10,14938980,282040
11,14395967,282040
2,-3,281,430,282040
1,15189798,282080
9,14407050,282080
10,14940442,282080
11,14397122,282080
2,-2,281,432,282080
1,15194626,282120
9,14409158,282120
10,14942244,282120
11,14398823,282120
2,-3,279,432,282120
1,15196428,282160
9,14408513,282160
10,14942891,282160
11,14398891,282160
2,-3,282,432,282160
1,15186160,282200
9,14401611,282200
10,14938470,282200
11,14394301,282200
2,-2,283,431,282200
1,15170894,282240
9,14392260,282240
10,14931466,282240
11,14387977,282240
2,-4,279,432,282240
1,15156614,282280
9,14381891,282280
10,14923171,282280
11,14381075,282280
2,-4,282,432,282280
1,15145531,282320
9,14373051,282320
10,14915623,282320
11,14375328,282320
2,-4,280,431,282320
1,15137642,282360
9,14365740,282360
10,14909367,282360
11,14370262,282360
2,-4,281,431,282360
1,15132033,282400
9,14360334,282400
10,14903892,282400
11,14366352,282400
2,-4,282,431,282400
1,15130605,282440
9,14356799,282440
10,14900322,282440
11,14363667,282440
2,-4,282,431,282440
1,15130264,282480
9,14354214,282480
10,14897228,282480
11,14361695,282480
2,-4,281,430,282480
1,15130366,282520
9,14352345,282520
10,14894475,282520
11,14359893,282520
2,-3,280,433,282520
1,15130196,282560
9,14350679,282560
10,14892604,282560
11,14358397,282560
2,-4,281,431,282560
1,15130911,282600
9,14349795,282600
10,14891143,282600
11,14357444,282600
2,-2,282,431,282600
1,15133427,282640
9,14349761,282640
10,14890463,282640
11,14357547,282640
2,-3,282,432,282640
1,15137507,282680
9,14350372,282680
10,14890361,282680
11,14357853,282680
2,-2,280,433,282680
1,15142504,282720
9,14352413,282720
10,14891381,282720
11,14358839,282720
2,-4,282,431,282720
1,15147537,282760
9,14355303,282760
10,14892775,282760
11,14360301,282760
2,-3,279,431,282760
1,15153351,282800
9,14358771,282800
10,14894168,282800
11,14361797,282800
2,-1,279,432,282800
1,15160082,282840
9,14362069,282840
10,14896106,282840
11,14363632,282840
2,-4,281,431,282840
1,15165726,282880
9,14365910,282880
10,14898792,282880
11,14365979,282880
2,-4,280,429,282880
1,15169331,282920
9,14367509,282920
10,14899779,282920
11,14366794,282920
2,-2,279,430,282920
1,15161341,282960
9,14362443,282960
10,14896311,282960
11,14363122,282960
2,-2,279,433,282960
1,15149576,283000
9,14355711,283000
10,14890191,283000
11,14358125,283000
2,-4,282,431,283000
1,15138424,283040
9,14348061,283040
10,14883595,283040
11,14352719,283040
2,-3,280,433,283040
1,15132543,283080
9,14342655,283080
10,14877984,283080
11,14348536,283080
2,-3,284,432,283080
1,15128564,283120
9,14338642,283120
10,14873327,283120
11,14346157,283120
2,-4,282,435,283120
1,15127306,283160
9,14336875,283160
10,14870504,283160
11,14343811,283160
2,0,282,431,283160
1002,80,282400,1787825135069
1004,723,282400,1787825135069
1004,733,282400,1787825135069
1002,81,283160,1787825135895
1004,740,283160,1787825135895
101,80,81,0,283160,1787825136472
222,0,sqi=100
1,15129993,283200
9,14337078,283200
10,14868430,283200
11,14343165,283200
2,-2,281,434,283200
1,15132406,283240
9,14338099,283240
10,14867206,283240
11,14342994,283240
2,-3,280,431,283240
1,15134956,283280
9,14338711,283280
10,14866323,283280
11,14342825,283280
2,-2,282,434,283280
1,15137167,283320
9,14340581,283320
10,14866153,283320
11,14343029,283320
2,-2,284,433,283320
1,15140804,283360
9,14342825,283360
10,14865812,283360
11,14343913,283360
2,-3,280,431,283360
1,15145395,283400
9,14345307,283400
10,14867478,283400
11,14345374,283400
2,-3,281,431,283400
1,15150223,283440
9,14348707,283440
10,14868362,283440
11,14347584,283440
2,-4,282,432,283440
1,15155866,283480
9,14352854,283480
10,14870573,283480
11,14349352,283480
2,-3,280,431,283480
1,15161986,283520
9,14357716,283520
10,14872987,283520
11,14352243,283520
2,-2,281,433,283520
1,15168820,283560
9,14362341,283560
10,14875571,283560
11,14355337,283560
2,-2,281,431,283560
1,15176029,283600
9,14367815,283600
10,14879344,283600
11,14358737,283600
2,-2,281,433,283600
1,15180177,283640
9,14370330,283640
10,14881112,283640
11,14360334,283640
2,-2,281,430,283640
1,15173478,283680
9,14367373,283680
10,14879243,283680
11,14358125,283680
2,-1,280,430,283680
1,15164468,283720
9,14362443,283720
10,14874890,283720
11,14354860,283720
2,-3,281,433,283720
1,15155798,283760
9,14357989,283760
10,14870368,283760
11,14351971,283760
2,-1,281,431,283760
1,15150767,283800
9,14353772,283800
10,14866492,283800
11,14349489,283800
2,-3,281,432,283800
1,15148930,283840
9,14351800,283840
10,14863432,283840
11,14347551,283840
2,-3,281,432,283840
1,15149916,283880
9,14351392,283880
10,14862073,283880
11,14347618,283880
2,-3,281,431,283880
1,15153691,283920
9,14352786,283920
10,14862106,283920
11,14348604,283920
2,-3,280,430,283920
1,15158859,283960
9,14355166,283960
10,14862888,283960
11,14349624,283960
2,-3,282,433,283960
1,15162632,284000
9,14356968,284000
10,14864248,284000
11,14350951,284000
2,-3,280,431,284000
1,15167664,284040
9,14360334,284040
10,14865846,284040
11,14352957,284040
2,-2,281,432,284040
1,15172119,284080
9,14363632,284080
10,14867614,284080
11,14354520,284080
2,-2,280,432,284080
1,15178001,284120
9,14367237,284120
10,14869654,284120
11,14357207,284120
2,-4,280,432,284120
1,15184528,284160
9,14371555,284160
10,14872511,284160
11,14360402,284160
2,-1,277,430,284160
1,15191363,284200
9,14376314,284200
10,14875945,284200
11,14363564,284200
2,-2,280,430,284200
1,15198944,284240
9,14381992,284240
10,14879651,284240
11,14367373,284240
2,-3,283,431,284240
1,15206764,284280
9,14387263,284280
10,14883935,284280
11,14371486,284280
2,-2,279,432,284280
1,15214483,284320
9,14392260,284320
10,14888627,284320
11,14375430,284320
2,-1,281,430,284320
1,15215638,284360
9,14393893,284360
10,14890156,284360
11,14376586,284360
2,-3,282,433,284360
1,15208839,284400
9,14391036,284400
10,14888320,284400
11,14374410,284400
2,-3,280,432,284400
1,15199319,284440
9,14387194,284440
10,14884750,284440
11,14371555,284440
2,-4,284,432,284440
1,15191227,284480
9,14383319,284480
10,14880909,284480
11,14369549,284480
2,-1,280,431,284480
1,15186739,284520
9,14379715,284520
10,14877747,284520
11,14367645,284520
2,-3,283,431,284520
1,15184699,284560
9,14378592,284560
10,14875571,284560
11,14367101,284560
2,-1,280,431,284560
1,15185718,284600
9,14377980,284600
10,14875027,284600
11,14367441,284600
2,-2,281,432,284600
1,15188574,284640
9,14379136,284640
10,14875706,284640
11,14368529,284640
2,-3,281,432,284640
1,15192212,284680
9,14381211,284680
10,14876251,284680
11,14369583,284680
2,-2,280,432,284680
1,15195307,284720
9,14382774,284720
10,14876999,284720
11,14370976,284720
2,-2,282,432,284720
1,15198944,284760
9,14385393,284760
10,14878630,284760
11,14372983,284760
2,-3,283,432,284760
1002,81,284400,1787825136686
1004,758,284400,1787825136686
101,80,81,0,284760,1787825138048
222,0,sqi=100
101,80,81,0,284760,1787825138125
222,0,sqi=100
1,15203160,284800
9,14387773,284800
10,14880670,284800
11,14374615,284800
2,-3,282,430,284800
1,15208226,284840
9,14391581,284840
10,14882813,284840
11,14377402,284840
2,-2,284,430,284840
1,15213598,284880
9,14394811,284880
10,14886009,284880
11,14380395,284880
2,-4,280,429,284880
1,15220466,284920
9,14399638,284920
10,14888932,284920
11,14383761,284920
2,-2,284,429,284920
1,15227572,284960
9,14404365,284960
10,14892945,284960
11,14387637,284960
2,-3,281,432,284960
1,15234576,285000
9,14409498,285000
10,14896888,285000
11,14390832,285000
2,-3,283,432,285000
1,15241989,285040
9,14414632,285040
10,14901173,285040
11,14394607,285040
2,-2,280,435,285040
1,15246476,285080
9,14417659,285080
10,14904641,285080
11,14397871,285080
2,-3,283,431,285080
1,15241683,285120
9,14415754,285120
10,14904097,285120
11,14396579,285120
2,-2,282,431,285120
1,15233013,285160
9,14412728,285160
10,14901138,285160
11,14394130,285160
2,-2,282,431,285160
1,15224309,285200
9,14408445,285200
10,14897365,285200
11,14391818,285200
2,-3,282,430,285200
1,15219107,285240
9,14405146,285240
10,14894441,285240
11,14390561,285240
2,-4,281,432,285240
1,15215537,285280
9,14402869,285280
10,14891992,285280
11,14389302,285280
2,-2,281,432,285280
1,15214551,285320
9,14400999,285320
10,14890837,285320
11,14388895,285320
2,-2,282,430,285320
1,15216353,285360
9,14401644,285360
10,14890497,285360
11,14389745,285360
2,-4,282,431,285360
1,15219752,285400
9,14402460,285400
10,14890939,285400
11,14390492,285400
2,-3,282,431,285400
1,15222949,285440
9,14403923,285440
10,14891822,285440
11,14391513,285440
2,-3,280,430,285440
1,15226281,285480
9,14405657,285480
10,14892945,285480
11,14393076,285480
2,-2,282,431,285480
1,15230293,285520
9,14407867,285520
10,14893965,285520
11,14394165,285520
2,-4,281,433,285520
1,15235495,285560
9,14410212,285560
10,14896344,285560
11,14396953,285560
2,-4,282,432,285560
1,15240968,285600
9,14413647,285600
10,14898554,285600
11,14399265,285600
2,-4,281,431,285600
1,15247225,285640
9,14417148,285640
10,14901410,285640
11,14402562,285640
2,-3,282,432,285640
1,15253786,285680
9,14421126,285680
10,14904199,285680
11,14405010,285680
2,-3,282,432,285680
1,15260450,285720
9,14425512,285720
10,14908074,285720
11,14408343,285720
2,-2,281,433,285720
1,15267828,285760
9,14430068,285760
10,14911849,285760
11,14411776,285760
2,-3,281,430,285760
1,15273982,285800
9,14434488,285800
10,14915827,285800
11,14415686,285800
2,-2,282,431,285800
1,15279763,285840
9,14437379,285840
10,14918716,285840
11,14417794,285840
2,-2,281,432,285840
1,15277246,285880
9,14436052,285880
10,14918581,285880
11,14417352,285880
2,-3,282,432,285880
1,15269053,285920
9,14433740,285920
10,14916405,285920
11,14415618,285920
2,-3,280,431,285920
1,15260688,285960
9,14430341,285960
10,14913277,285960
11,14413408,285960
2,-3,282,431,285960
1,15256030,286000
9,14427349,286000
10,14911509,286000
11,14411946,286000
2,-3,281,431,286000
1,15252733,286040
9,14425207,286040
10,14909400,286040
11,14411096,286040
2,-2,281,430,286040
1,15252154,286080
9,14423778,286080
10,14907938,286080
11,14410518,286080
2,-2,280,432,286080
1,15254126,286120
9,14424560,286120
10,14908040,286120
11,14411368,286120
2,-2,281,431,286120
1,15257628,286160
9,14425649,286160
10,14908789,286160
11,14412355,286160
2,-2,282,430,286160
1,15260518,286200
9,14426872,286200
10,14910013,286200
11,14413408,286200
2,-2,283,431,286200
1,15264258,286240
9,14428844,286240
10,14911747,286240
11,14414837,286240
2,-2,281,431,286240
1,15268849,286280
9,14431190,286280
10,14912971,286280
11,14416503,286280
2,-2,281,431,286280
1,15273710,286320
9,14434080,286320
10,14915079,286320
11,14418610,286320
2,-4,281,431,286320
1,15278913,286360
9,14437412,286360
10,14917594,286360
11,14421160,286360
2,-3,282,431,286360
1002,81,286360,1787825138739
1004,712,286360,1787825138739
1004,713,286360,1787825138740
1002,81,286360,1787825138742
1004,738,286360,1787825138742
101,80,81,0,286360,1787825139647
222,0,sqi=100
101,80,81,0,286360,1787825139711
222,0,sqi=100
1,15284625,286400
9,14440778,286400
10,14920451,286400
11,14423982,286400
2,-2,281,430,286400
1,15291594,286440
9,14444451,286440
10,14923714,286440
11,14426668,286440
2,-2,281,432,286440
1,15298462,286480
9,14448802,286480
10,14927352,286480
11,14430136,286480
2,-3,282,432,286480
1,15304957,286520
9,14453052,286520
10,14930923,286520
11,14433367,286520
2,-1,281,432,286520
1,15312708,286560
9,14458050,286560
10,14935104,286560
11,14437039,286560
2,-3,282,432,286560
1,15317741,286600
9,14460702,286600
10,14938164,286600
11,14439316,286600
2,-2,281,431,286600
1,15314918,286640
9,14459751,286640
10,14938335,286640
11,14438636,286640
2,-1,281,430,286640
1,15307642,286680
9,14457643,286680
10,14936125,286680
11,14437277,286680
2,-4,281,433,286680
1,15301080,286720
9,14455943,286720
10,14934220,286720
11,14435883,286720
2,-3,282,430,286720
1,15295947,286760
9,14453529,286760
10,14932181,286760
11,14435270,286760
2,-2,282,430,286760
1,15293567,286800
9,14452338,286800
10,14931296,286800
11,14434794,286800
2,-2,280,431,286800
1,15292581,286840
9,14451998,286840
10,14930718,286840
11,14434693,286840
2,-2,282,430,286840
1,15296321,286880
9,14453359,286880
10,14931263,286880
11,14435644,286880
2,-3,281,432,286880
1,15300434,286920
9,14455296,286920
10,14932384,286920
11,14437141,286920
2,-1,282,431,286920
1,15304651,286960
9,14457405,286960
10,14933506,286960
11,14438772,286960
2,-3,281,430,286960
1,15308391,287000
9,14460227,287000
10,14935546,287000
11,14440506,287000
2,-2,282,431,287000
1,15313117,287040
9,14463287,287040
10,14937178,287040
11,14442716,287040
2,-3,279,431,287040
1,15318523,287080
9,14466721,287080
10,14939865,287080
11,14445029,287080
2,-2,281,431,287080
1,15324404,287120
9,14471073,287120
10,14942823,287120
11,14448191,287120
2,-2,281,432,287120
1,15331102,287160
9,14475798,287160
10,14945950,287160
11,14451352,287160
2,-1,281,432,287160
1,15337902,287200
9,14479844,287200
10,14949521,287200
11,14454617,287200
2,-2,281,432,287200
1,15344634,287240
9,14484775,287240
10,14953294,287240
11,14458085,287240
2,-5,280,431,287240
1,15352488,287280
9,14490351,287280
10,14957068,287280
11,14461893,287280
2,-2,282,432,287280
1,15359866,287320
9,14495790,287320
10,14960945,287320
11,14465904,287320
2,-1,281,434,287320
1,15363165,287360
9,14498647,287360
10,14964140,287360
11,14468046,287360
2,-3,280,430,287360
1,15359560,287400
9,14498000,287400
10,14964004,287400
11,14468114,287400
2,-3,281,430,287400
1,15352863,287440
9,14498000,287440
10,14963188,287440
11,14467707,287440
2,-1,281,431,287440
1,15347762,287480
9,14497592,287480
10,14962746,287480
11,14467673,287480
2,-2,279,431,287480
1,15344974,287520
9,14497422,287520
10,14961897,287520
11,14467707,287520
2,-2,281,431,287520
1,15344261,287560
9,14498034,287560
10,14961795,287560
11,14469168,287560
2,-2,282,431,287560
1,15347048,287600
9,14499700,287600
10,14962780,287600
11,14471039,287600
2,-2,282,431,287600
1,15350857,287640
9,14502318,287640
10,14964617,287640
11,14472738,287640
2,-2,283,431,287640
1,15355956,287680
9,14505413,287680
10,14966215,287680
11,14475085,287680
2,-2,280,431,287680
1,15360070,287720
9,14508269,287720
10,14968560,287720
11,14477022,287720
2,-2,280,430,287720
1,15364525,287760
9,14511533,287760
10,14970532,287760
11,14479402,287760
2,-2,283,431,287760
1,15370101,287800
9,14515136,287800
10,14972811,287800
11,14482020,287800
2,-3,281,431,287800
1,15375472,287840
9,14518741,287840
10,14976210,287840
11,14485182,287840
2,-2,281,433,287840
1,15381728,287880
9,14523195,287880
10,14979304,287880
11,14488481,287880
2,-1,280,430,287880
1,15388120,287920
9,14527546,287920
10,14982977,287920
11,14492220,287920
2,-1,282,432,287920
1,15395668,287960
9,14532306,287960
10,14987091,287960
11,14495655,287960
2,0,280,431,287960
1002,81,287480,1787825139926
1004,761,287480,1787825139926
1002,81,287960,1787825140740
1004,758,287960,1787825140745
1004,744,287960,1787825140781
101,81,81,0,287960,1787825141240
222,0,sqi=100
1,15402094,288000
9,14537576,288000
10,14991272,288000
11,14499904,288000
2,-1,279,431,288000
1,15409166,288040
9,14541929,288040
10,14995115,288040
11,14503543,288040
2,-2,279,431,288040
1,15410186,288080
9,14543357,288080
10,14997086,288080
11,14504767,288080
2,-1,280,433,288080
1,15405392,288120
9,14542371,288120
10,14997494,288120
11,14504596,288120
2,-2,280,432,288120
1,15398491,288160
9,14541521,288160
10,14996882,288160
11,14504120,288160
2,-1,280,429,288160
1,15393696,288200
9,14540603,288200
10,14996712,288200
11,14504155,288200
2,-3,284,431,288200
1,15391249,288240
9,14540500,288240
10,14996610,288240
11,14505345,288240
2,-2,281,431,288240
1,15391622,288280
9,14540705,288280
10,14997426,288280
11,14505991,288280
2,0,280,432,288280
1,15394071,288320
9,14541827,288320
10,14998855,288320
11,14507793,288320
2,-2,284,432,288320
1,15398932,288360
9,14544411,288360
10,15001031,288360
11,14509866,288360
2,-3,279,433,288360
1,15403523,288400
9,14546450,288400
10,15003444,288400
11,14512110,288400
2,0,280,431,288400
1,15407500,288440
9,14549273,288440
10,15006232,288440
11,14514695,288440
2,-1,280,429,288440
1,15412328,288480
9,14552468,288480
10,15008851,288480
11,14516905,288480
2,-1,281,431,288480
1,15417326,288520
9,14556106,288520
10,15012012,288520
11,14519658,288520
2,-1,281,433,288520
1,15422766,288560
9,14559235,288560
10,15015752,288560
11,14522957,288560
2,-2,281,432,288560
1,15429193,288600
9,14563893,288600
10,15019425,288600
11,14526187,288600
2,-1,282,430,288600
1,15435992,288640
9,14568109,288640
10,15023437,288640
11,14530062,288640
2,-1,280,433,288640
1,15442554,288680
9,14572801,288680
10,15027788,288680
11,14533361,288680
2,-2,282,432,288680
1,15449185,288720
9,14577255,288720
10,15032005,288720
11,14537339,288720
2,-1,280,430,288720
1,15455576,288760
9,14582049,288760
10,15036186,288760
11,14540773,288760
2,-3,281,433,288760
1,15457072,288800
9,14582661,288800
10,15038635,288800
11,14542235,288800
2,-2,283,430,288800
1,15451768,288840
9,14581573,288840
10,15039485,288840
11,14541589,288840
2,-1,281,432,288840
1,15442384,288880
9,14579261,288880
10,15038295,288880
11,14540976,288880
2,-1,283,431,288880
1,15434939,288920
9,14577051,288920
10,15038023,288920
11,14540705,288920
2,-2,281,431,288920
1,15429941,288960
9,14575487,288960
10,15037444,288960
11,14540603,288960
2,-3,281,432,288960
1,15427186,289000
9,14574534,289000
10,15037478,289000
11,14540807,289000
2,-3,282,431,289000
1,15427628,289040
9,14574195,289040
10,15037955,289040
11,14541623,289040
2,-3,281,431,289040
1,15430757,289080
9,14575554,289080
10,15039892,289080
11,14543765,289080
2,-2,281,431,289080
1,15434667,289120
9,14577493,289120
10,15041933,289120
11,14545328,289120
2,-1,280,431,289120
1,15437659,289160
9,14579158,289160
10,15043803,289160
11,14546893,289160
2,-1,281,430,289160
1,15441535,289200
9,14581199,289200
10,15046012,289200
11,14549035,289200
2,-3,281,432,289200
1,15444900,289240
9,14583885,289240
10,15048937,289240
11,14550939,289240
2,-2,281,432,289240
1,15449729,289280
9,14586808,289280
10,15052133,289280
11,14553726,289280
2,-1,283,432,289280
1,15455814,289320
9,14589699,289320
10,15055294,289320
11,14556582,289320
2,-2,280,432,289320
1,15460235,289360
9,14593064,289360
10,15058933,289360
11,14559166,289360
2,-4,284,429,289360
1,15466286,289400
9,14596669,289400
10,15062503,289400
11,14562363,289400
2,-4,281,432,289400
1,15472338,289440
9,14600749,289440
10,15066515,289440
11,14565457,289440
2,-2,281,432,289440
1,15477710,289480
9,14604795,289480
10,15070458,289480
11,14569129,289480
2,-3,282,431,289480
1,15483185,289520
9,14608500,289520
10,15073994,289520
11,14572290,289520
2,-3,282,431,289520
1,15483797,289560
9,14609113,289560
10,15076510,289560
11,14573378,289560
2,-2,280,430,289560
1002,81,289560,1787825141942
1004,708,289560,1787825141942
1002,81,289560,1787825142764
1004,734,289560,1787825142799
101,80,81,0,289560,1787825142835
222,0,sqi=100
101,80,81,0,289560,1787825142917
222,0,sqi=100
1,15477710,289600
9,14607073,289600
10,15076510,289600
11,14571815,289600
2,-2,282,431,289600
1,15465913,289640
9,14603843,289640
10,15075321,289640
11,14570829,289640
2,-3,281,431,289640
1,15455712,289680
9,14600273,289680
10,15073723,289680
11,14569537,289680
2,-4,281,430,289680
1,15449287,289720
9,14597586,289720
10,15073212,289720
11,14568414,289720
2,-3,281,432,289720
1,15444663,289760
9,14595682,289760
10,15072601,289760
11,14568483,289760
2,-2,282,432,289760
1,15443268,289800
9,14594493,289800
10,15072464,289800
11,14568381,289800
2,-3,283,431,289800
1,15445546,289840
9,14594764,289840
10,15074199,289840
11,14569197,289840
2,-2,281,429,289840
1,15448097,289880
9,14595581,289880
10,15075252,289880
11,14570522,289880
2,-3,282,430,289880
1,15450851,289920
9,14596975,289920
10,15076851,289920
11,14571168,289920
2,-3,282,431,289920
1,15453230,289960
9,14598233,289960
10,15078618,289960
11,14572733,289960
2,-3,281,431,289960
1,15455169,290000
9,14600103,290000
10,15080386,290000
11,14574195,290000
2,-1,281,431,290000
1,15458398,290040
9,14602313,290040
10,15082699,290040
11,14575997,290040
2,-4,280,431,290040
1,15461900,290080
9,14605134,290080
10,15085112,290080
11,14577731,290080
2,-2,282,432,290080
1,15465198,290120
9,14607855,290120
10,15087425,290120
11,14580382,290120
2,-3,281,431,290120
1,15469143,290160
9,14610982,290160
10,15089873,290160
11,14582491,290160
2,-3,282,430,290160
1,15474208,290200
9,14613430,290200
10,15092967,290200
11,14585006,290200
2,-3,282,431,290200
1,15478187,290240
9,14617443,290240
10,15096401,290240
11,14587455,290240
2,-3,282,432,290240
1,15483253,290280
9,14620809,290280
10,15099427,290280
11,14590174,290280
2,-2,281,430,290280
1,15485497,290320
9,14623155,290320
10,15101841,290320
11,14592011,290320
2,-2,281,431,290320
1,15479139,290360
9,14621285,290360
10,15101535,290360
11,14591602,290360
2,-2,281,432,290360
1,15468394,290400
9,14618462,290400
10,15100718,290400
11,14589562,290400
2,-3,282,431,290400
1,15457786,290440
9,14615266,290440
10,15098985,290440
11,14588134,290440
2,-3,282,431,290440
1,15450272,290480
9,14612104,290480
10,15097965,290480
11,14587386,290480
2,-2,282,431,290480
1,15446567,290520
9,14610370,290520
10,15096843,290520
11,14586774,290520
2,-2,281,430,290520
1,15445070,290560
9,14609895,290560
10,15097115,290560
11,14587114,290560
2,-2,283,431,290560
1,15447111,290600
9,14611084,290600
10,15097829,290600
11,14587829,290600
2,-3,280,430,290600
1,15449457,290640
9,14612716,290640
10,15099120,290640
11,14589358,290640
2,-3,281,431,290640
1,15451973,290680
9,14613974,290680
10,15100718,290680
11,14590379,290680
2,-1,281,431,290680
1,15454726,290720
9,14616797,290720
10,15102929,290720
11,14591875,290720
2,-3,282,431,290720
1,15457039,290760
9,14619074,290760
10,15104595,290760
11,14594221,290760
2,-3,283,431,290760
1,15460643,290800
9,14621931,290800
10,15106839,290800
11,14596090,290800
2,-3,281,431,290800
1,15465334,290840
9,14625670,290840
10,15109252,290840
11,14598470,290840
2,-3,283,430,290840
1,15469516,290880
9,14629717,290880
10,15112449,290880
11,14601599,290880
2,-2,280,430,290880
1,15474174,290920
9,14633797,290920
10,15115067,290920
11,14604080,290920
2,-2,282,431,290920
1,15479546,290960
9,14638046,290960
10,15118704,290960
11,14607073,290960
2,-2,281,431,290960
1,15485055,291000
9,14642534,291000
10,15121764,291000
11,14609691,291000
2,-2,281,430,291000
1,15489236,291040
9,14646003,291040
10,15125029,291040
11,14612547,291040
2,-2,281,432,291040
1,15485429,291080
9,14645186,291080
10,15125607,291080
11,14612648,291080
2,-2,281,431,291080
1,15475942,291120
9,14642636,291120
10,15125198,291120
11,14611323,291120
2,-2,282,430,291120
1,15466524,291160
9,14639984,291160
10,15124042,291160
11,14610677,291160
2,-3,281,432,291160
1002,81,291160,1787825143979
1004,761,291160,1787825143979
1004,771,291160,1787825144012
101,80,81,0,291160,1787825144490
222,0,sqi=100
1,15459113,291200
9,14637162,291200
10,15123328,291200
11,14610132,291200
2,-2,282,433,291200
1,15455746,291240
9,14636006,291240
10,15123465,291240
11,14610812,291240
2,-1,281,432,291240
1,15455271,291280
9,14635462,291280
10,15124281,291280
11,14611356,291280
2,-2,280,433,291280
1,15457140,291320
9,14636482,291320
10,15125709,291320
11,14612988,291320
2,-2,281,430,291320
1,15461050,291360
9,14638115,291360
10,15127443,291360
11,14614484,291360
2,-2,282,431,291360
1,15464416,291400
9,14640257,291400
10,15129448,291400
11,14616252,291400
2,-3,281,431,291400
1,15466932,291440
9,14642195,291440
10,15132067,291440
11,14617952,291440
2,-1,282,431,291440
1,15470230,291480
9,14644472,291480
10,15134583,291480
11,14620231,291480
2,-1,282,431,291480
1,15473359,291520
9,14647362,291520
10,15136928,291520
11,14622441,291520
2,-1,281,431,291520
1,15477574,291560
9,14650354,291560
10,15139853,291560
11,14624549,291560
2,-2,282,431,291560
1,15483423,291600
9,14653755,291600
10,15143117,291600
11,14627677,291600
2,-2,280,431,291600
1,15487740,291640
9,14657223,291640
10,15146381,291640
11,14630091,291640
2,-2,282,430,291640
1,15493691,291680
9,14661303,291680
10,15149815,291680
11,14633558,291680
2,-2,280,432,291680
1,15499471,291720
9,14665349,291720
10,15153793,291720
11,14636482,291720
2,-1,283,431,291720
1,15504639,291760
9,14669122,291760
10,15157498,291760
11,14639338,291760
2,-1,282,432,291760
1,15502088,291800
9,14667899,291800
10,15158519,291800
11,14639101,291800
2,-1,281,429,291800
1,15492365,291840
9,14665178,291840
10,15158213,291840
11,14637877,291840
2,-1,281,431,291840
1,15481552,291880
9,14661744,291880
10,15157260,291880
11,14636415,291880
2,-2,281,431,291880
1,15473800,291920
9,14658684,291920
10,15156479,291920
11,14635667,291920
2,-1,280,431,291920
1,15470706,291960
9,14656441,291960
10,15156580,291960
11,14636006,291960
2,-1,281,429,291960
1,15469822,292000
9,14655557,292000
10,15156853,292000
11,14635565,292000
2,-3,281,432,292000
1,15471726,292040
9,14655625,292040
10,15158519,292040
11,14636585,292040
2,-3,281,434,292040
1,15474106,292080
9,14657052,292080
10,15160627,292080
11,14638353,292080
2,-1,282,431,292080
1,15477677,292120
9,14658073,292120
10,15161885,292120
11,14639848,292120
2,-1,282,431,292120
1,15480974,292160
9,14659806,292160
10,15164468,292160
11,14641311,292160
2,-2,281,432,292160
1,15483797,292200
9,14661404,292200
10,15166950,292200
11,14642976,292200
2,-2,281,432,292200
1,15487672,292240
9,14663717,292240
10,15169127,292240
11,14644711,292240
2,-2,281,432,292240
1,15492467,292280
9,14666470,292280
10,15172050,292280
11,14647159,292280
2,-2,281,433,292280
1,15496513,292320
9,14669428,292320
10,15175348,292320
11,14649708,292320
2,-1,281,431,292320
1,15502803,292360
9,14672625,292360
10,15178545,292360
11,14652293,292360
2,-1,281,429,292360
1,15508854,292400
9,14676534,292400
10,15182182,292400
11,14655047,292400
2,-1,282,432,292400
1,15514804,292440
9,14680240,292440
10,15185854,292440
11,14658344,292440
2,-2,277,430,292440
1,15520823,292480
9,14684694,292480
10,15189254,292480
11,14661234,292480
2,-2,278,432,292480
1,15525412,292520
9,14687176,292520
10,15192756,292520
11,14663444,292520
2,-3,282,430,292520
1,15521163,292560
9,14685612,292560
10,15193505,292560
11,14662527,292560
2,-2,283,431,292560
1,15510589,292600
9,14682077,292600
10,15191873,292600
11,14660894,292600
2,-1,281,431,292600
1,15499607,292640
9,14677487,292640
10,15190682,292640
11,14659025,292640
2,-2,280,432,292640
1,15491991,292680
9,14673543,292680
10,15189663,292680
11,14657699,292680
2,-3,281,433,292680
1,15487638,292720
9,14670449,292720
10,15189221,292720
11,14656611,292720
2,-2,281,431,292720
1,15485870,292760
9,14668544,292760
10,15189051,292760
11,14655591,292760
2,-3,282,430,292760
1002,81,292760,1787825144776
1004,725,292760,1787825144776
1002,81,292760,1787825146003
1004,725,292760,1787825146004
101,80,81,0,292760,1787825146035
222,0,sqi=100
101,80,81,0,292760,1787825146101
222,0,sqi=100
1,15487571,292800
9,14667899,292800
10,15189764,292800
11,14656135,292800
2,-3,283,430,292800
1,15489645,292840
9,14668578,292840
10,15191295,292840
11,14657257,292840
2,-10,300,448,292840
1,15492161,292880
9,14668952,292880
10,15192315,292880
11,14657631,292880
2,-13,302,430,292880
1,15495153,292920
9,14669632,292920
10,15193709,292920
11,14658651,292920
2,-6,298,440,292920
1,15497260,292960
9,14671060,292960
10,15194933,292960
11,14659806,292960
2,-4,287,437,292960
1,15500355,293000
9,14672726,293000
10,15196904,293000
11,14660759,293000
2,-4,284,434,293000
1,15504231,293040
9,14674426,293040
10,15198741,293040
11,14662119,293040
2,-2,277,432,293040
1,15508718,293080
9,14676909,293080
10,15201189,293080
11,14664260,293080
2,0,273,429,293080
1,15512832,293120
9,14679425,293120
10,15203467,293120
11,14666130,293120
2,-2,277,432,293120
1,15517627,293160
9,14682586,293160
10,15205948,293160
11,14668001,293160
2,-3,280,431,293160
1,15521944,293200
9,14685341,293200
10,15208498,293200
11,14670551,293200
2,-3,280,432,293200
1,15526466,293240
9,14687992,293240
10,15210674,293240
11,14671842,293240
2,-2,283,432,293240
1,15530682,293280
9,14690849,293280
10,15213394,293280
11,14674087,293280
2,-2,281,432,293280
1,15527486,293320
9,14689387,293320
10,15213361,293320
11,14672897,293320
2,-3,280,432,293320
1,15517762,293360
9,14684660,293360
10,15210946,293360
11,14670109,293360
2,-3,280,431,293360
1,15505488,293400
9,14680105,293400
10,15208600,293400
11,14667762,293400
2,-2,282,430,293400
1,15496138,293440
9,14674902,293440
10,15205948,293440
11,14664498,293440
2,-2,282,431,293440
1,15491515,293480
9,14670585,293480
10,15204215,293480
11,14662731,293480
2,-2,282,431,293480
1,15487877,293520
9,14667627,293520
10,15202719,293520
11,14661404,293520
2,-2,281,431,293520
1,15488012,293560
9,14667048,293560
10,15202073,293560
11,14661030,293560
2,-2,283,432,293560
1,15490631,293600
9,14667456,293600
10,15202004,293600
11,14661336,293600
2,-1,276,431,293600
1,15493452,293640
9,14667830,293640
10,15203025,293640
11,14661030,293640
2,-1,280,429,293640
1,15495221,293680
9,14668238,293680
10,15202855,293680
11,14661438,293680
2,-3,284,431,293680
1,15497057,293720
9,14669327,293720
10,15203127,293720
11,14662051,293720
2,-2,278,429,293720
1,15499403,293760
9,14670585,293760
10,15204113,293760
11,14662866,293760
2,-3,285,430,293760
1,15502870,293800
9,14672522,293800
10,15205303,293800
11,14663614,293800
2,-2,281,432,293800
1,15507086,293840
9,14675107,293840
10,15206764,293840
11,14665178,293840
2,-2,280,431,293840
1,15512050,293880
9,14677793,293880
10,15209008,293880
11,14666981,293880
2,-3,284,431,293880
1,15516573,293920
9,14680377,293920
10,15210845,293920
11,14668544,293920
2,-2,282,430,293920
1,15522319,293960
9,14683946,293960
10,15213191,293960
11,14670754,293960
2,-1,278,430,293960
1,15526841,294000
9,14687109,294000
10,15215400,294000
11,14672829,294000
2,-2,284,431,294000
1,15526807,294040
9,14686803,294040
10,15215978,294040
11,14672285,294040
2,-1,282,430,294040
1,15519496,294080
9,14683402,294080
10,15214108,294080
11,14669701,294080
2,-3,284,431,294080
1,15508243,294120
9,14677997,294120
10,15211389,294120
11,14666946,294120
2,-1,281,428,294120
1,15499028,294160
9,14673610,294160
10,15208600,294160
11,14664158,294160
2,-1,282,430,294160
1,15493826,294200
9,14669531,294200
10,15206527,294200
11,14662255,294200
2,-4,284,430,294200
1,15490393,294240
9,14666334,294240
10,15204826,294240
11,14660657,294240
2,-2,280,432,294240
1,15490596,294280
9,14665042,294280
10,15204079,294280
11,14659773,294280
2,-3,284,430,294280
1,15492874,294320
9,14664566,294320
10,15204418,294320
11,14659637,294320
2,-2,281,432,294320
1,15495322,294360
9,14664974,294360
10,15204589,294360
11,14659534,294360
2,-2,282,429,294360
1002,81,294360,1787825146815
1004,758,294360,1787825146817
1004,768,294360,1787825146817
101,80,81,0,294360,1787825147655
222,0,sqi=100
101,80,81,0,294360,1787825147711
222,0,sqi=100
1,13741024,294400
9,14664737,294400
10,15205098,294400
11,14659806,294400
2,-1,283,430,294400
1,13742758,294440
9,14666028,294440
10,15206152,294440
11,14660045,294440
2,-2,281,431,294440
1,13745240,294480
9,14667218,294480
10,15206594,294480
11,14660759,294480
2,-2,283,432,294480
1,13748130,294520
9,14668476,294520
10,15208430,294520
11,14662051,294520
2,-2,280,430,294520
1,13751225,294560
9,14671163,294560
10,15209586,294560
11,14662866,294560
2,-2,283,432,294560
1,13754726,294600
9,14673610,294600
10,15212171,294600
11,14664600,294600
2,-3,283,432,294600
1,13759249,294640
9,14676433,294640
10,15214244,294640
11,14666436,294640
2,-3,280,431,294640
1,13762954,294680
9,14679323,294680
10,15216386,294680
11,14668102,294680
2,-2,281,431,294680
1,13767273,294720
9,14682892,294720
10,15219549,294720
11,14670312,294720
2,-2,280,431,294720
1,13768020,294760
9,14682450,294760
10,15219311,294760
11,14669768,294760
2,-3,282,430,294760
1,13761255,294800
9,14677793,294800
10,15217101,294800
11,14666539,294800
2,-1,280,431,294800
1,13752142,294840
9,14672352,294840
10,15213633,294840
11,14662459,294840
2,-1,282,432,294840
1,13743234,294880
9,14666334,294880
10,15209688,294880
11,14658073,294880
2,-2,282,432,294880
1,13736808,294920
9,14661132,294920
10,15206594,294920
11,14655523,294920
2,-2,283,431,294920
1,13732694,294960
9,14656985,294960
10,15204317,294960
11,14652428,294960
2,-2,282,430,294960
1,13730586,295000
9,14654333,295000
10,15202141,295000
11,14650865,295000
2,-2,281,431,295000
1,13729940,295040
9,14652496,295040
10,15201154,295040
11,14649233,295040
2,-2,283,432,295040
1,13730722,295080
9,14651238,295080
10,15200679,295080
11,14648621,295080
2,-1,281,431,295080
1,13731266,295120
9,14650457,295120
10,15200339,295120
11,14647362,295120
2,-2,282,430,295120
1,13731607,295160
9,14649777,295160
10,15200406,295160
11,14646751,295160
2,-1,282,429,295160
1,13732899,295200
9,14649946,295200
10,15200543,295200
11,14646819,295200
2,-1,281,431,295200
1,13734734,295240
9,14649742,295240
10,15200849,295240
11,14646547,295240
2,-3,285,430,295240
1,13737522,295280
9,14651103,295280
10,15201767,295280
11,14647601,295280
2,-2,281,432,295280
1,13740378,295320
9,14652530,295320
10,15203433,295320
11,14648791,295320
2,-2,284,429,295320
1,13743506,295360
9,14654400,295360
10,15205166,295360
11,14649538,295360
2,-2,280,431,295360
1,13747213,295400
9,14656407,295400
10,15207241,295400
11,14651306,295400
2,-1,283,429,295400
1,13751293,295440
9,14659228,295440
10,15209179,295440
11,14652428,295440
2,-2,281,431,295440
1,13753435,295480
9,14659602,295480
10,15210674,295480
11,14652803,295480
2,-3,282,430,295480
1,13748742,295520
9,14655183,295520
10,15208396,295520
11,14649675,295520
2,-1,281,430,295520
1,13739189,295560
9,14648756,295560
10,15205098,295560
11,14645221,295560
2,-3,283,432,295560
1,13729363,295600
9,14641685,295600
10,15200781,295600
11,14640086,295600
2,-2,282,430,295600
1,13722052,295640
9,14635021,295640
10,15196701,295640
11,14636210,295640
2,-2,281,431,295640
1,13716578,295680
9,14628900,295680
10,15193028,295680
11,14632640,295680
2,-3,283,431,295680
1,13713655,295720
9,14624209,295720
10,15190343,295720
11,14629819,295720
2,-3,282,430,295720
1,13712226,295760
9,14622067,295760
10,15188779,295760
11,14628459,295760
2,-3,283,430,295760
1,13711988,295800
9,14619993,295800
10,15187215,295800
11,14626623,295800
2,-2,281,430,295800
1,13711444,295840
9,14618225,295840
10,15186501,295840
11,14625262,295840
2,-2,282,432,295840
1,13711444,295880
9,14616966,295880
10,15185243,295880
11,14624446,295880
2,-4,282,432,295880
1,13710968,295920
9,14616252,295920
10,15184665,295920
11,14623086,295920
2,-2,282,431,295920
1,13711309,295960
9,14615641,295960
10,15184018,295960
11,14622372,295960
2,-2,283,432,295960
1002,81,295880,1787825148023
1004,723,295880,1787825148023
1002,81,295960,1787825148847
1004,729,295960,1787825148847
1004,733,295960,1787825148853
101,80,81,0,295960,1787825149225
222,0,sqi=100
1,13711614,296000
9,14615572,296000
10,15184291,296000
11,14621999,296000
2,-3,281,430,296000
1,13713756,296040
9,14615675,296040
10,15184733,296040
11,14622134,296040
2,-3,281,430,296040
1,13715524,296080
9,14616593,296080
10,15185038,296080
11,14622644,296080
2,-2,284,430,296080
1,13717292,296120
9,14617647,296120
10,15185923,296120
11,14623121,296120
2,-2,280,433,296120
1,13720828,296160
9,14619312,296160
10,15187044,296160
11,14624072,296160
2,-2,284,431,296160
1,13723514,296200
9,14621217,296200
10,15188166,296200
11,14625092,296200
2,-3,283,430,296200
1,13722188,296240
9,14618870,296240
10,15187248,296240
11,14622917,296240
2,-3,283,430,296240
1,13713587,296280
9,14613872,296280
10,15183135,296280
11,14618394,296280
2,-2,281,432,296280
1,13704168,296320
9,14607413,296320
10,15178851,296320
11,14613533,296320
2,-2,282,431,296320
1,13697130,296360
9,14601565,296360
10,15174635,296360
11,14609248,296360
2,-1,282,431,296360
1,13691214,296400
9,14596498,296400
10,15170554,296400
11,14605440,296400
2,-3,282,431,296400
1,13687508,296440
9,14592758,296440
10,15167018,296440
11,14602891,296440
2,-3,282,429,296440
1,13685945,296480
9,14590753,296480
10,15165489,296480
11,14601293,296480
2,-1,283,430,296480
1,13685774,296520
9,14589732,296520
10,15164026,296520
11,14600443,296520
2,0,283,432,296520
1,13686148,296560
9,14588781,296560
10,15162632,296560
11,14599593,296560
2,-2,280,430,296560
1,13685978,296600
9,14588203,296600
10,15161612,296600
11,14598641,296600
2,-2,281,430,296600
1,13686590,296640
9,14588032,296640
10,15161069,296640
11,14597995,296640
2,-1,284,431,296640
1,13688018,296680
9,14588338,296680
10,15160797,296680
11,14597722,296680
2,-1,282,430,296680
1,13690296,296720
9,14589631,296720
10,15161001,296720
11,14598675,296720
2,-3,281,431,296720
1,13692915,296760
9,14591806,296760
10,15161816,296760
11,14599932,296760
2,0,281,431,296760
1,13695907,296800
9,14593744,296800
10,15163142,296800
11,14600646,296800
2,0,283,433,296800
1,13699205,296840
9,14596600,296840
10,15164468,296840
11,14601531,296840
2,-3,281,432,296840
1,13702061,296880
9,14599184,296880
10,15165931,296880
11,14603638,296880
2,-2,280,433,296880
1,13702910,296920
9,14599252,296920
10,15166135,296920
11,14602992,296920
2,-1,276,432,296920
1,13696995,296960
9,14594764,296960
10,15163517,296960
11,14599525,296960
2,-1,280,431,296960
1,13688665,297000
9,14588304,297000
10,15159267,297000
11,14595309,297000
2,-1,283,431,297000
1,13681185,297040
9,14582967,297040
10,15155391,297040
11,14591841,297040
2,0,281,430,297040
1,13675642,297080
9,14577935,297080
10,15152059,297080
11,14588508,297080
2,-2,279,430,297080
1,13672208,297120
9,14573684,297120
10,15148930,297120
11,14586366,297120
2,-1,281,431,297120
1,13671222,297160
9,14571508,297160
10,15148148,297160
11,14585211,297160
2,-3,283,432,297160
1,13671426,297200
9,14570455,297200
10,15146516,297200
11,14584293,297200
2,-2,282,431,297200
1,13672480,297240
9,14570046,297240
10,15145599,297240
11,14584054,297240
2,-2,283,429,297240
1,13673364,297280
9,14569604,297280
10,15145633,297280
11,14583375,297280
2,-2,280,430,297280
1,13674588,297320
9,14569876,297320
10,15145191,297320
11,14583102,297320
2,-1,282,431,297320
1,13676934,297360
9,14570387,297360
10,15145905,297360
11,14582967,297360
2,-1,283,431,297360
1,13679484,297400
9,14571815,297400
10,15146449,297400
11,14584258,297400
2,-2,281,431,297400
1,13682885,297440
9,14573855,297440
10,15148047,297440
11,14585449,297440
2,-2,279,433,297440
1,13686352,297480
9,14575419,297480
10,15150019,297480
11,14586707,297480
2,-1,281,431,297480
1,13691011,297520
9,14578479,297520
10,15151719,297520
11,14588746,297520
2,-1,282,432,297520
1,13695396,297560
9,14581946,297560
10,15154846,297560
11,14591058,297560
2,-1,284,429,297560
1002,81,297560,1787825150052
1004,734,297560,1787825150053
101,80,81,0,297560,1787825150836
222,0,sqi=100
1002,81,297560,1787825150883
1004,689,297560,1787825150883
101,81,81,0,297560,1787825150913
222,0,sqi=100
1,13697130,297600
9,14582864,297600
10,15155798,297600
11,14591467,297600
2,-2,281,431,297600
1,13692404,297640
9,14579533,297640
10,15154268,297640
11,14588474,297640
2,-1,282,431,297640
1,13684686,297680
9,14573855,297680
10,15151753,297680
11,14585313,297680
2,-2,282,430,297680
1,13677750,297720
9,14568891,297720
10,15148591,297720
11,14582117,297720
2,0,285,432,297720
1,13672004,297760
9,14563620,297760
10,15145497,297760
11,14579158,297760
2,-1,279,432,297760
1,13668333,297800
9,14560017,297800
10,15142810,297800
11,14576983,297800
2,-2,281,431,297800
1,13667721,297840
9,14557637,297840
10,15141416,297840
11,14575282,297840
2,-2,281,430,297840
1,13668366,297880
9,14557365,297880
10,15140770,297880
11,14575248,297880
2,0,281,428,297880
1,13670135,297920
9,14557296,297920
10,15141280,297920
11,14575147,297920
2,-4,281,431,297920
1,13671528,297960
9,14558113,297960
10,15141009,297960
11,14575079,297960
2,-2,282,431,297960
1,13672582,298000
9,14558385,298000
10,15141178,298000
11,14575350,298000
2,0,281,432,298000
1,13674418,298040
9,14560119,298040
10,15141723,298040
11,14576371,298040
2,-1,283,428,298040
1,13676595,298080
9,14562125,298080
10,15142913,298080
11,14577459,298080
2,-1,276,429,298080
1,13679893,298120
9,14564675,298120
10,15144612,298120
11,14579125,298120
2,-2,278,432,298120
1,13683462,298160
9,14567565,298160
10,15146108,298160
11,14581028,298160
2,-3,282,431,298160
1,13687203,298200
9,14570420,298200
10,15148421,298200
11,14582491,298200
2,-3,283,431,298200
1,13691146,298240
9,14573922,298240
10,15150597,298240
11,14584939,298240
2,-2,284,430,298240
1,13694649,298280
9,14577084,298280
10,15152705,298280
11,14586843,298280
2,-2,280,431,298280
1,13692847,298320
9,14576031,298320
10,15152331,298320
11,14586128,298320
2,-2,279,431,298320
1,13686046,298360
9,14571508,298360
10,15149848,298360
11,14583068,298360
2,-4,289,428,298360
1,13677547,298400
9,14566068,298400
10,15146619,298400
11,14580042,298400
2,-2,278,432,298400
1,13670236,298440
9,14560221,298440
10,15143151,298440
11,14576847,298440
2,-1,285,430,298440
1,13664865,298480
9,14555529,298480
10,15139785,298480
11,14574058,298480
2,-3,280,433,298480
1,13661159,298520
9,14552094,298520
10,15137098,298520
11,14572086,298520
2,-4,285,432,298520
1,13660071,298560
9,14550326,298560
10,15135840,298560
11,14570761,298560
2,-2,284,431,298560
1,13660988,298600
9,14549885,298600
10,15134991,298600
11,14570692,298600
2,-1,283,431,298600
1,13662110,298640
9,14549919,298640
10,15134277,298640
11,14570420,298640
2,-2,280,429,298640
1,13663640,298680
9,14550123,298680
10,15133868,298680
11,14570489,298680
2,-2,283,430,298680
1,13665647,298720
9,14551415,298720
10,15134888,298720
11,14570829,298720
2,-3,281,431,298720
1,13668265,298760
9,14552945,298760
10,15135331,298760
11,14572257,298760
2,-3,285,430,298760
1,13671800,298800
9,14555120,298800
10,15136623,298800
11,14573413,298800
2,-2,282,431,298800
1,13675642,298840
9,14557535,298840
10,15138255,298840
11,14574943,298840
2,-3,284,428,298840
1,13680606,298880
9,14560900,298880
10,15140770,298880
11,14577459,298880
2,-3,281,432,298880
1,13685129,298920
9,14563620,298920
10,15142674,298920
11,14579023,298920
2,-3,285,430,298920
1,13689888,298960
9,14567496,298960
10,15145599,298960
11,14581810,298960
2,-3,279,430,298960
1,13695090,299000
9,14571271,299000
10,15148115,299000
11,14584394,299000
2,-2,282,430,299000
1,13697709,299040
9,14573310,299040
10,15149610,299040
11,14585755,299040
2,-2,282,432,299040
1,13693255,299080
9,14570420,299080
10,15148692,299080
11,14583885,299080
2,-3,284,430,299080
1,13686148,299120
9,14566612,299120
10,15146550,299120
11,14581641,299120
2,-2,281,432,299120
1,13678940,299160
9,14562022,299160
10,15143559,299160
11,14579158,299160
2,-3,282,432,299160
1002,82,299160,1787825152080
1004,689,299160,1787825152086
1004,706,299160,1787825152122
101,81,82,0,299160,1787825152467
222,0,sqi=100
1,13673297,299200
9,14557705,299200
10,15141077,299200
11,14577221,299200
2,-2,284,431,299200
1,13669319,299240
9,14554679,299240
10,15138458,299240
11,14575147,299240
2,-4,282,431,299240
1,13667755,299280
9,14552571,299280
10,15137235,299280
11,14574806,299280
2,-3,281,431,299280
1,13668265,299320
9,14552401,299320
10,15136418,299320
11,14574365,299320
2,-2,283,431,299320
1,13669693,299360
9,14552910,299360
10,15136418,299360
11,14574840,299360
2,-2,283,431,299360
1,13671597,299400
9,14553726,299400
10,15136690,299400
11,14574908,299400
2,-3,283,429,299400
1,13674078,299440
9,14555256,299440
10,15137133,299440
11,14575962,299440
2,-3,283,429,299440
1,13677207,299480
9,14557161,299480
10,15138119,299480
11,14576472,299480
2,-2,282,432,299480
1,13680130,299520
9,14559132,299520
10,15138969,299520
11,14578411,299520
2,-2,282,431,299520
1,13684313,299560
9,14562329,299560
10,15141178,299560
11,14580382,299560
2,-2,282,430,299560
1,13688630,299600
9,14566137,299600
10,15143151,299600
11,14582491,299600
2,-1,283,431,299600
1,13693152,299640
9,14569843,299640
10,15145497,299640
11,14585040,299640
2,-3,281,431,299640
1,13698151,299680
9,14574262,299680
10,15148251,299680
11,14587522,299680
2,-2,283,430,299680
1,13702672,299720
9,14578683,299720
10,15150597,299720
11,14590718,299720
2,-3,283,431,299720
1,13707501,299760
9,14583171,299760
10,15153453,299760
11,14593574,299760
2,-2,281,429,299760
1,13706175,299800
9,14583239,299800
10,15153793,299800
11,14593609,299800
2,-1,283,430,299800
1,13700904,299840
9,14581097,299840
10,15153044,299840
11,14592827,299840
2,-1,281,432,299840
1,13694682,299880
9,14578818,299880
10,15151209,299880
11,14590889,299880
2,-3,281,431,299880
1,13689787,299920
9,14576541,299920
10,15149678,299920
11,14590650,299920
2,-2,284,431,299920
1,13687440,299960
9,14575045,299960
10,15147843,299960
11,14590106,299960
2,-1,282,432,299960
1,13686659,300000
9,14575113,300000
10,15147434,300000
11,14589835,300000
2,-2,282,431,300000
1,13687985,300040
9,14576269,300040
10,15147876,300040
11,14591704,300040
2,-3,282,432,300040
1,13690364,300080
9,14578342,300080
10,15148047,300080
11,14592758,300080
2,-2,282,431,300080
1,13693255,300120
9,14580417,300120
10,15148761,300120
11,14594152,300120
2,-4,283,431,300120
1,13695771,300160
9,14582491,300160
10,15149576,300160
11,14595954,300160
2,-3,282,432,300160
1,13698219,300200
9,14585347,300200
10,15150970,300200
11,14597689,300200
2,-1,283,431,300200
1,13701074,300240
9,14587896,300240
10,15152296,300240
11,14599695,300240
2,-1,282,430,300240
1,13705257,300280
9,14591398,300280
10,15154439,300280
11,14602313,300280
2,-3,281,431,300280
1,13709609,300320
9,14595274,300320
10,15157124,300320
11,14604964,300320
2,-2,282,431,300320
1,13714028,300360
9,14599559,300360
10,15160014,300360
11,14608194,300360
2,-2,283,430,300360
1,13719333,300400
9,14603808,300400
10,15162769,300400
11,14611560,300400
2,-2,280,431,300400
1,13724093,300440
9,14608229,300440
10,15165897,300440
11,14614926,300440
2,-4,282,431,300440
1,13726167,300480
9,14610642,300480
10,15168039,300480
11,14616287,300480
2,-2,283,430,300480
1,13722767,300520
9,14609317,300520
10,15168005,300520
11,14616116,300520
2,-2,281,430,300520
1,13716374,300560
9,14606835,300560
10,15166474,300560
11,14614859,300560
2,-2,282,432,300560
1,13710968,300600
9,14605373,300600
10,15165216,300600
11,14614315,300600
2,-2,282,431,300600
1,13709031,300640
9,14604012,300640
10,15164672,300640
11,14614518,300640
2,-3,280,431,300640
1,13707773,300680
9,14603672,300680
10,15164503,300680
11,14614416,300680
2,-1,282,431,300680
1,13708759,300720
9,14604591,300720
10,15165047,300720
11,14615470,300720
2,-3,283,430,300720
1,13711478,300760
9,14606597,300760
10,15165862,300760
11,14617374,300760
2,-3,281,431,300760
1002,83,300760,1787825152884
1004,735,300760,1787825152884
1002,83,300760,1787825153701
1004,734,300760,1787825153708
1004,694,300760,1787825153748
101,81,83,0,300760,1787825154036
222,0,sqi=100
101,82,83,0,300760,1787825154100
222,0,sqi=100
1,13714028,300800
9,14608671,300800
10,15167223,300800
11,14618530,300800
2,-2,282,429,300800
1,13716374,300840
9,14611254,300840
10,15168855,300840
11,14620129,300840
2,-2,281,432,300840
1,13718652,300880
9,14613396,300880
10,15170350,300880
11,14621658,300880
2,-1,281,430,300880
1,13722018,300920
9,14616558,300920
10,15172288,300920
11,14624175,300920
2,-1,282,431,300920
1,13725656,300960
9,14619652,300960
10,15174669,300960
11,14626248,300960
2,-2,282,431,300960
1,13728648,301000
9,14623155,301000
10,15176742,301000
11,14628492,301000
2,-3,280,432,301000
1,13733001,301040
9,14626589,301040
10,15179530,301040
11,14631008,301040
2,-2,282,430,301040
1,13737046,301080
9,14630124,301080
10,15182012,301080
11,14634035,301080
2,-1,284,431,301080
1,13741671,301120
9,14634817,301120
10,15185820,301120
11,14637095,301120
2,-2,284,431,301120
1,13745818,301160
9,14638727,301160
10,15188574,301160
11,14639951,301160
2,-1,283,430,301160
1,13748029,301200
9,14640767,301200
10,15190750,301200
11,14641650,301200
2,-2,282,431,301200
1,13743574,301240
9,14638794,301240
10,15190750,301240
11,14640834,301240
2,-3,280,430,301240
1,13736741,301280
9,14636244,301280
10,15189527,301280
11,14639202,301280
2,-2,281,430,301280
1,13729567,301320
9,14633015,301320
10,15188166,301320
11,14638319,301320
2,-2,280,430,301320
1,13723957,301360
9,14630260,301360
10,15187112,301360
11,14636925,301360
2,-2,283,431,301360
1,13719265,301400
9,14627371,301400
10,15185991,301400
11,14636313,301400
2,-1,282,430,301400
1,13716408,301440
9,14626146,301440
10,15185412,301440
11,14635429,301440
2,-3,283,428,301440
1,13714675,301480
9,14625160,301480
10,15184495,301480
11,14635293,301480
2,0,282,431,301480
1,13714300,301520
9,14625160,301520
10,15184155,301520
11,14635802,301520
2,-1,282,430,301520
1,13714334,301560
9,14624753,301560
10,15184902,301560
11,14636075,301560
2,-2,284,431,301560
1,13713722,301600
9,14624310,301600
10,15184665,301600
11,14636788,301600
2,-2,281,431,301600
1,13714810,301640
9,14625092,301640
10,15185073,301640
11,14637944,301640
2,-1,283,432,301640
1,13714912,301680
9,14625160,301680
10,15185923,301680
11,14638591,301680
2,-4,285,431,301680
1,13715694,301720
9,14625807,301720
10,15186399,301720
11,14639712,301720
2,-1,283,431,301720
1,13716748,301760
9,14627167,301760
10,15187929,301760
11,14641685,301760
2,-2,284,429,301760
1,13718245,301800
9,14628526,301800
10,15188506,301800
11,14642909,301800
2,-1,281,432,301800
1,13720828,301840
9,14630430,301840
10,15190411,301840
11,14644745,301840
2,-2,283,432,301840
1,13722970,301880
9,14632369,301880
10,15192315,301880
11,14646649,301880
2,-2,285,431,301880
1,13724705,301920
9,14634239,301920
10,15193913,301920
11,14648417,301920
2,-3,282,431,301920
1,13722665,301960
9,14632402,301960
10,15193300,301960
11,14648144,301960
2,-2,284,432,301960
1,13716578,302000
9,14628323,302000
10,15191159,302000
11,14646071,302000
2,-2,283,430,302000
1,13708929,302040
9,14624039,302040
10,15189288,302040
11,14643963,302040
2,-3,286,432,302040
1,13701958,302080
9,14619755,302080
10,15187215,302080
11,14642127,302080
2,-3,282,432,302080
1,13697573,302120
9,14616388,302120
10,15185345,302120
11,14641073,302120
2,-4,283,430,302120
1,13695022,302160
9,14613941,302160
10,15183746,302160
11,14639883,302160
2,-2,283,431,302160
1,13695431,302200
9,14612138,302200
10,15182387,302200
11,14639712,302200
2,-3,281,430,302200
1,13699714,302240
9,14613600,302240
10,15182760,302240
11,14641412,302240
2,-2,281,430,302240
1,13703693,302280
9,14617035,302280
10,15183746,302280
11,14643316,302280
2,-3,282,430,302280
1,13707263,302320
9,14620027,302320
10,15184665,302320
11,14645765,302320
2,-3,282,430,302320
1,13711105,302360
9,14624412,302360
10,15186535,302360
11,14648008,302360
2,-1,284,430,302360
1002,83,302360,1787825154917
1004,731,302360,1787825154917
101,82,83,0,302360,1787825155645
222,0,sqi=100
101,82,83,0,302360,1787825155713
222,0,sqi=100
1002,83,302600,1787825155737
1004,743,302600,1787825155737
1,13715490,302400
9,14628969,302400
10,15188098,302400
11,14650661,302400
2,-5,282,433,302400
1,13720387,302440
9,14633388,302440
10,15190411,302440
11,14653584,302440
2,-4,281,431,302440
1,13724670,302480
9,14638489,302480
10,15193232,302480
11,14656373,302480
2,-2,285,429,302480
1,13730280,302520
9,14643350,302520
10,15196191,302520
11,14659875,302520
2,0,280,431,302520
1,13736571,302560
9,14649403,302560
10,15198911,302560
11,14663682,302560
2,-2,282,430,302560
1,13742079,302600
9,14654979,302600
10,15202209,302600
11,14667253,302600
2,-2,281,431,302600
1,13748198,302640
9,14661540,302640
10,15205745,302640
11,14671434,302640
2,-2,282,431,302640
1,13753571,302680
9,14667048,302680
10,15209484,302680
11,14675175,302680
2,-2,285,430,302680
1,13753741,302720
9,14668443,302720
10,15210505,302720
11,14675854,302720
2,-3,281,431,302720
1,13749728,302760
9,14668511,302760
10,15210471,302760
11,14676229,302760
2,-3,282,431,302760
1,13744696,302800
9,14668273,302800
10,15209621,302800
11,14676229,302800
2,-2,285,430,302800
1,13741059,302840
9,14668205,302840
10,15209518,302840
11,14676670,302840
2,-1,283,430,302840
1,13739427,302880
9,14667796,302880
10,15209416,302880
11,14677214,302880
2,-3,283,431,302880
1,13740141,302920
9,14669564,302920
10,15209655,302920
11,14678336,302920
2,-3,283,431,302920
1,13741671,302960
9,14671842,302960
10,15211015,302960
11,14680546,302960
2,-2,280,429,302960
1,13744935,303000
9,14674936,303000
10,15212613,303000
11,14682450,303000
2,-3,284,428,303000
1,13747859,303040
9,14678200,303040
10,15214142,303040
11,14684830,303040
2,-5,281,430,303040
1,13751021,303080
9,14681669,303080
10,15216217,303080
11,14687074,303080
2,-1,283,431,303080
1,13753571,303120
9,14685272,303120
10,15217543,303120
11,14689216,303120
2,-2,283,429,303120
1,13756970,303160
9,14689454,303160
10,15220466,303160
11,14692276,303160
2,-3,282,429,303160
1,13760201,303200
9,14693568,303200
10,15222439,303200
11,14695030,303200
2,-2,282,429,303200
1,13763941,303240
9,14698295,303240
10,15225294,303240
11,14698090,303240
2,-3,283,431,303240
1,13768632,303280
9,14703496,303280
10,15227742,303280
11,14701287,303280
2,-1,283,431,303280
1,13772169,303320
9,14707883,303320
10,15230599,303320
11,14704176,303320
2,-2,283,432,303320
1,13776622,303360
9,14712813,303360
10,15233862,303360
11,14707202,303360
2,-1,285,430,303360
1,13781077,303400
9,14717811,303400
10,15236481,303400
11,14710704,303400
2,-3,282,432,303400
1,13780838,303440
9,14718831,303440
10,15237535,303440
11,14712269,303440
2,-2,284,431,303440
1,13776350,303480
9,14718117,303480
10,15237501,303480
11,14711826,303480
2,-3,281,431,303480
1,13771693,303520
9,14716417,303520
10,15236685,303520
11,14711622,303520
2,-3,284,429,303520
1,13767375,303560
9,14715669,303560
10,15236583,303560
11,14712030,303560
2,-3,283,429,303560
1,13765437,303600
9,14715328,303600
10,15235970,303600
11,14712847,303600
2,-3,284,428,303600
1,13765810,303640
9,14716757,303640
10,15236957,303640
11,14714070,303640
2,-3,283,429,303640
1,13768088,303680
9,14719000,303680
10,15238112,303680
11,14716043,303680
2,-1,283,430,303680
1,13771353,303720
9,14721346,303720
10,15239405,303720
11,14718150,303720
2,-3,284,429,303720
1,13773733,303760
9,14724236,303760
10,15240935,303760
11,14719987,303760
2,-3,282,430,303760
1,13776928,303800
9,14726956,303800
10,15243145,303800
11,14722604,303800
2,-3,285,430,303800
1,13779581,303840
9,14729949,303840
10,15244708,303840
11,14724815,303840
2,-3,283,431,303840
1,13782708,303880
9,14733213,303880
10,15247327,303880
11,14727840,303880
2,-2,283,430,303880
1,13786483,303920
9,14737462,303920
10,15250046,303920
11,14730356,303920
2,-4,284,430,303920
1,13790358,303960
9,14740999,303960
10,15252868,303960
11,14733144,303960
2,-2,284,431,303960
1002,82,303960,1787825156946
1004,751,303960,1787825156946
1004,723,303960,1787825156982
101,82,82,0,303960,1787825157248
222,0,sqi=100
1,13794336,304000
9,14745385,304000
10,15255758,304000
11,14736510,304000
2,-3,283,429,304000
1,13798654,304040
9,14750144,304040
10,15258954,304040
11,14739298,304040
2,-1,283,431,304040
1,13803142,304080
9,14754802,304080
10,15262015,304080
11,14743038,304080
2,-3,284,431,304080
1,13804944,304120
9,14756809,304120
10,15264565,304120
11,14744841,304120
2,-4,284,430,304120
1,13801443,304160
9,14755380,304160
10,15264598,304160
11,14744228,304160
2,-2,283,430,304160
1,13795220,304200
9,14753885,304200
10,15264021,304200
11,14744365,304200
2,-3,282,431,304200
1,13789440,304240
9,14751573,304240
10,15263511,304240
11,14743582,304240
2,-2,285,429,304240
1,13786142,304280
9,14749566,304280
10,15263341,304280
11,14744195,304280
2,-2,282,430,304280
1,13784272,304320
9,14749260,304320
10,15263511,304320
11,14744772,304320
2,-2,284,430,304320
1,13784272,304360
9,14749668,304360
10,15263850,304360
11,14745453,304360
2,-2,284,430,304360
1,13786244,304400
9,14750586,304400
10,15265279,304400
11,14747187,304400
2,-3,282,430,304400
1,13787673,304440
9,14752796,304440
10,15266605,304440
11,14748580,304440
2,-2,283,431,304440
1,13789203,304480
9,14753986,304480
10,15267760,304480
11,14749975,304480
2,-3,283,430,304480
1,13791413,304520
9,14756366,304520
10,15269562,304520
11,14751709,304520
2,-2,283,430,304520
1,13792636,304560
9,14758474,304560
10,15271229,304560
11,14753409,304560
2,-3,284,430,304560
1,13795323,304600
9,14760481,304600
10,15273030,304600
11,14755313,304600
2,-1,281,432,304600
1,13797499,304640
9,14762793,304640
10,15274866,304640
11,14757285,304640
2,-2,283,431,304640
1,13800864,304680
9,14765784,304680
10,15276838,304680
11,14759801,304680
2,-2,283,429,304680
1,13803755,304720
9,14768878,304720
10,15279286,304720
11,14761806,304720
2,-2,283,431,304720
1,13806985,304760
9,14771802,304760
10,15282245,304760
11,14764425,304760
2,-2,283,431,304760
1,13810316,304800
9,14774999,304800
10,15284556,304800
11,14766600,304800
2,-2,281,428,304800
1,13810249,304840
9,14774591,304840
10,15285100,304840
11,14766839,304840
2,-2,285,430,304840
1,13803585,304880
9,14771633,304880
10,15284284,304880
11,14765478,304880
2,-2,281,430,304880
1,13795254,304920
9,14767621,304920
10,15282958,304920
11,14764085,304920
2,-3,284,429,304920
1,13788421,304960
9,14763711,304960
10,15281054,304960
11,14762588,304960
2,-4,281,431,304960
1,13783321,305000
9,14760277,305000
10,15279898,305000
11,14762554,305000
2,-3,282,431,305000
1,13780668,305040
9,14758576,305040
10,15278606,305040
11,14762045,305040
2,-3,283,430,305040
1,13779105,305080
9,14757318,305080
10,15278335,305080
11,14762146,305080
2,-3,284,429,305080
1,13779615,305120
9,14757794,305120
10,15278335,305120
11,14762520,305120
2,-3,283,431,305120
1,13779581,305160
9,14757115,305160
10,15278845,305160
11,14762895,305160
2,-2,283,430,305160
1,13780022,305200
9,14756740,305200
10,15278913,305200
11,14764050,305200
2,-3,283,430,305200
1,13780397,305240
9,14757454,305240
10,15279355,305240
11,14763983,305240
2,-3,283,431,305240
1,13780736,305280
9,14757965,305280
10,15279865,305280
11,14765241,305280
2,-2,283,430,305280
1,13782131,305320
9,14759324,305320
10,15280885,305320
11,14765921,305320
2,-3,283,431,305320
1,13784647,305360
9,14760990,305360
10,15282245,305360
11,14767247,305360
2,-2,284,430,305360
1,13787231,305400
9,14762588,305400
10,15283774,305400
11,14768946,305400
2,-4,281,431,305400
1,13789236,305440
9,14764696,305440
10,15285270,305440
11,14770239,305440
2,-3,282,429,305440
1,13791990,305480
9,14767213,305480
10,15287209,305480
11,14772483,305480
2,-3,284,430,305480
1,13794881,305520
9,14769626,305520
10,15288909,305520
11,14774387,305520
2,-4,284,430,305520
1,13794507,305560
9,14769253,305560
10,15289419,305560
11,14773911,305560
2,-4,283,429,305560
1002,82,305560,1787825157747
1004,695,305560,1787825157747
101,82,82,0,305560,1787825158836
222,0,sqi=100
101,83,82,0,305560,1787825158924
222,0,sqi=100
1,13787605,305600
9,14765173,305600
10,15287413,305600
11,14771598,305600
2,-3,282,430,305600
1,13779513,305640
9,14760345,305640
10,15284998,305640
11,14769762,305640
2,-3,284,430,305640
1,13772679,305680
9,14756027,305680
10,15282347,305680
11,14768573,305680
2,-2,282,431,305680
1,13767952,305720
9,14752287,305720
10,15280544,305720
11,14766906,305720
2,-2,283,430,305720
1,13764790,305760
9,14750144,305760
10,15278470,305760
11,14766430,305760
2,-2,280,430,305760
1,13764009,305800
9,14749397,305800
10,15277791,305800
11,14766193,305800
2,-3,284,429,305800
1,13764859,305840
9,14749363,305840
10,15277587,305840
11,14766260,305840
2,-2,285,432,305840
1,13766763,305880
9,14750485,305880
10,15277994,305880
11,14766805,305880
2,-4,282,430,305880
1,13767918,305920
9,14751301,305920
10,15278267,305920
11,14767757,305920
2,-3,284,430,305920
1,13768803,305960
9,14752592,305960
10,15279014,305960
11,14768742,305960
2,-3,281,431,305960
1,13770808,306000
9,14755142,306000
10,15279423,306000
11,14769626,306000
2,-2,284,430,306000
1,13773290,306040
9,14757386,306040
10,15280850,306040
11,14771496,306040
2,-2,283,431,306040
1,13775705,306080
9,14759664,306080
10,15282211,306080
11,14772958,306080
2,-3,284,431,306080
1,13778288,306120
9,14762554,306120
10,15284046,306120
11,14774999,306120
2,-3,282,431,306120
1,13781348,306160
9,14766329,306160
10,15286154,306160
11,14776733,306160
2,-3,284,431,306160
1,13784443,306200
9,14769831,306200
10,15288297,306200
11,14778602,306200
2,-2,281,430,306200
1,13787502,306240
9,14773163,306240
10,15290064,306240
11,14780608,306240
2,-2,284,430,306240
1,13784340,306280
9,14771462,306280
10,15289894,306280
11,14779758,306280
2,-2,284,431,306280
1,13775841,306320
9,14767586,306320
10,15287277,306320
11,14777310,306320
2,-2,284,429,306320
1,13766388,306360
9,14763337,306360
10,15284387,306360
11,14775508,306360
2,-2,283,431,306360
1,13759453,306400
9,14759257,306400
10,15281565,306400
11,14773672,306400
2,-3,284,428,306400
1,13754726,306440
9,14756095,306440
10,15280273,306440
11,14772448,306440
2,-2,281,430,306440
1,13752347,306480
9,14753715,306480
10,15278436,306480
11,14771701,306480
2,-3,283,429,306480
1,13751326,306520
9,14752524,306520
10,15277382,306520
11,14771837,306520
2,-2,286,428,306520
1002,83,306520,1787825158992
1004,713,306080,1787825158992
1004,725,306080,1787825158992
1,13752041,306560
9,14752354,306560
10,15277212,306560
11,14772245,306560
2,-1,272,432,306560
1,13752347,306600
9,14752151,306600
10,15277485,306600
11,14772448,306600
2,-3,284,430,306600
1,13752959,306640
9,14752558,306640
10,15277314,306640
11,14773299,306640
2,-3,285,432,306640
1,13753502,306680
9,14752830,306680
10,15277723,306680
11,14773604,306680
2,-3,286,430,306680
1,13755135,306720
9,14754123,306720
10,15277926,306720
11,14774591,306720
2,-3,282,432,306720
1,13757038,306760
9,14755891,306760
10,15279694,306760
11,14775611,306760
2,-3,283,430,306760
1,13759691,306800
9,14758032,306800
10,15280817,306800
11,14777174,306800
2,-4,284,430,306800
1,13763159,306840
9,14760481,306840
10,15282585,306840
11,14779350,306840
2,-5,284,430,306840
1,13766218,306880
9,14762996,306880
10,15284897,306880
11,14781152,306880
2,-3,281,431,306880
1,13769007,306920
9,14765138,306920
10,15286834,306920
11,14782716,306920
2,-3,284,429,306920
1,13765335,306960
9,14762622,306960
10,15286800,306960
11,14781492,306960
2,-2,286,430,306960
1,13756189,307000
9,14757625,307000
10,15283809,307000
11,14778432,307000
2,-2,283,432,307000
1,13747348,307040
9,14751946,307040
10,15280273,307040
11,14776154,307040
2,-2,283,430,307040
1,13739766,307080
9,14746507,307080
10,15277518,307080
11,14773740,307080
2,-2,281,431,307080
1,13734564,307120
9,14741950,307120
10,15274901,307120
11,14772176,307120
2,-1,283,431,307120
1,13731199,307160
9,14738346,307160
10,15273133,307160
11,14770918,307160
2,-2,284,429,307160
APP_MSG,TotalTime,307
